gene,og,position,seq_type,entropy,n_samples,n_unique_chars,gap_percent,most_common_char
L,OG1,1,AA,0.8112781244591328,4,2,0.0,M
L,OG1,2,AA,0.8112781244591328,4,2,0.0,D
L,OG1,3,AA,0.8112781244591328,4,2,0.0,P
L,OG1,4,AA,0.8112781244591328,4,2,0.0,I
L,OG1,5,AA,-0.0,4,1,0.0,I
L,OG1,6,AA,0.8112781244591328,4,2,0.0,S
L,OG1,7,AA,-0.0,4,1,0.0,G
L,OG1,8,AA,0.8112781244591328,4,2,0.0,N
L,OG1,9,AA,-0.0,4,1,0.0,S
L,OG1,10,AA,0.8112781244591328,4,2,0.0,A
L,OG1,11,AA,0.8112781244591328,4,2,0.0,N
L,OG1,12,AA,0.8112781244591328,4,2,0.0,V
L,OG1,13,AA,0.8112781244591328,4,2,0.0,Y
L,OG1,14,AA,-0.0,4,1,0.0,L
L,OG1,15,AA,-0.0,4,1,0.0,T
L,OG1,16,AA,0.8112781244591328,4,2,0.0,D
L,OG1,17,AA,-0.0,4,1,0.0,S
L,OG1,18,AA,-0.0,4,1,0.0,Y
L,OG1,19,AA,-0.0,4,1,0.0,L
L,OG1,20,AA,-0.0,4,1,0.0,K
L,OG1,21,AA,-0.0,4,1,0.0,G
L,OG1,22,AA,-0.0,4,1,0.0,V
L,OG1,23,AA,-0.0,4,1,0.0,I
L,OG1,24,AA,-0.0,4,1,0.0,S
L,OG1,25,AA,-0.0,4,1,0.0,F
L,OG1,26,AA,-0.0,4,1,0.0,S
L,OG1,27,AA,-0.0,4,1,0.0,E
L,OG1,28,AA,-0.0,4,1,0.0,C
L,OG1,29,AA,-0.0,4,1,0.0,N
L,OG1,30,AA,-0.0,4,1,0.0,A
L,OG1,31,AA,-0.0,4,1,0.0,L
L,OG1,32,AA,-0.0,4,1,0.0,G
L,OG1,33,AA,-0.0,4,1,0.0,S
L,OG1,34,AA,-0.0,4,1,0.0,Y
L,OG1,35,AA,0.8112781244591328,4,2,0.0,I
L,OG1,36,AA,-0.0,4,1,0.0,F
L,OG1,37,AA,-0.0,4,1,0.0,N
L,OG1,38,AA,-0.0,4,1,0.0,G
L,OG1,39,AA,-0.0,4,1,0.0,P
L,OG1,40,AA,-0.0,4,1,0.0,Y
L,OG1,41,AA,-0.0,4,1,0.0,L
L,OG1,42,AA,-0.0,4,1,0.0,K
L,OG1,43,AA,-0.0,4,1,0.0,N
L,OG1,44,AA,-0.0,4,1,0.0,D
L,OG1,45,AA,-0.0,4,1,0.0,Y
L,OG1,46,AA,-0.0,4,1,0.0,T
L,OG1,47,AA,-0.0,4,1,0.0,N
L,OG1,48,AA,-0.0,4,1,0.0,L
L,OG1,49,AA,-0.0,4,1,0.0,I
L,OG1,50,AA,-0.0,4,1,0.0,S
L,OG1,51,AA,-0.0,4,1,0.0,R
L,OG1,52,AA,-0.0,4,1,0.0,Q
L,OG1,53,AA,0.8112781244591328,4,2,0.0,N
L,OG1,54,AA,-0.0,4,1,0.0,P
L,OG1,55,AA,-0.0,4,1,0.0,L
L,OG1,56,AA,-0.0,4,1,0.0,I
L,OG1,57,AA,-0.0,4,1,0.0,E
L,OG1,58,AA,-0.0,4,1,0.0,H
L,OG1,59,AA,0.8112781244591328,4,2,0.0,I
L,OG1,60,AA,-0.0,4,1,0.0,N
L,OG1,61,AA,-0.0,4,1,0.0,L
L,OG1,62,AA,-0.0,4,1,0.0,K
L,OG1,63,AA,-0.0,4,1,0.0,K
L,OG1,64,AA,-0.0,4,1,0.0,L
L,OG1,65,AA,0.8112781244591328,4,2,0.0,N
L,OG1,66,AA,-0.0,4,1,0.0,I
L,OG1,67,AA,-0.0,4,1,0.0,T
L,OG1,68,AA,-0.0,4,1,0.0,Q
L,OG1,69,AA,-0.0,4,1,0.0,S
L,OG1,70,AA,-0.0,4,1,0.0,L
L,OG1,71,AA,-0.0,4,1,0.0,I
L,OG1,72,AA,-0.0,4,1,0.0,S
L,OG1,73,AA,0.8112781244591328,4,2,0.0,K
L,OG1,74,AA,-0.0,4,1,0.0,Y
L,OG1,75,AA,-0.0,4,1,0.0,H
L,OG1,76,AA,-0.0,4,1,0.0,K
L,OG1,77,AA,-0.0,4,1,0.0,G
L,OG1,78,AA,-0.0,4,1,0.0,E
L,OG1,79,AA,0.8112781244591328,4,2,0.0,I
L,OG1,80,AA,-0.0,4,1,0.0,K
L,OG1,81,AA,0.8112781244591328,4,2,0.0,I
L,OG1,82,AA,-0.0,4,1,0.0,E
L,OG1,83,AA,-0.0,4,1,0.0,E
L,OG1,84,AA,-0.0,4,1,0.0,P
L,OG1,85,AA,-0.0,4,1,0.0,T
L,OG1,86,AA,-0.0,4,1,0.0,Y
L,OG1,87,AA,-0.0,4,1,0.0,F
L,OG1,88,AA,-0.0,4,1,0.0,Q
L,OG1,89,AA,-0.0,4,1,0.0,S
L,OG1,90,AA,-0.0,4,1,0.0,L
L,OG1,91,AA,-0.0,4,1,0.0,L
L,OG1,92,AA,-0.0,4,1,0.0,M
L,OG1,93,AA,-0.0,4,1,0.0,T
L,OG1,94,AA,-0.0,4,1,0.0,Y
L,OG1,95,AA,-0.0,4,1,0.0,K
L,OG1,96,AA,-0.0,4,1,0.0,S
L,OG1,97,AA,-0.0,4,1,0.0,M
L,OG1,98,AA,0.8112781244591328,4,2,0.0,T
L,OG1,99,AA,-0.0,4,1,0.0,S
L,OG1,100,AA,-0.0,4,1,0.0,S
L,OG1,101,AA,-0.0,4,1,0.0,E
L,OG1,102,AA,-0.0,4,1,0.0,Q
L,OG1,103,AA,0.8112781244591328,4,2,0.0,T
L,OG1,104,AA,0.8112781244591328,4,2,0.0,T
L,OG1,105,AA,-0.0,4,1,0.0,T
L,OG1,106,AA,-0.0,4,1,0.0,T
L,OG1,107,AA,-0.0,4,1,0.0,N
L,OG1,108,AA,-0.0,4,1,0.0,L
L,OG1,109,AA,0.8112781244591328,4,2,0.0,L
L,OG1,110,AA,1.0,4,2,0.0,K
L,OG1,111,AA,0.8112781244591328,4,2,0.0,K
L,OG1,112,AA,0.8112781244591328,4,2,0.0,I
L,OG1,113,AA,0.8112781244591328,4,2,0.0,I
L,OG1,114,AA,0.8112781244591328,4,2,0.0,R
L,OG1,115,AA,0.8112781244591328,4,2,0.0,R
L,OG1,116,AA,0.8112781244591328,4,2,0.0,A
L,OG1,117,AA,0.8112781244591328,4,2,0.0,I
L,OG1,118,AA,0.8112781244591328,4,2,0.0,E
L,OG1,119,AA,0.8112781244591328,4,2,0.0,I
L,OG1,120,AA,0.8112781244591328,4,2,0.0,S
L,OG1,121,AA,0.8112781244591328,4,2,0.0,D
L,OG1,122,AA,0.8112781244591328,4,2,0.0,V
L,OG1,123,AA,0.8112781244591328,4,2,0.0,K
L,OG1,124,AA,0.8112781244591328,4,2,0.0,V
L,OG1,125,AA,0.8112781244591328,4,2,0.0,Y
L,OG1,126,AA,0.8112781244591328,4,2,0.0,A
L,OG1,127,AA,0.8112781244591328,4,2,0.0,I
L,OG1,128,AA,0.8112781244591328,4,2,0.0,L
L,OG1,129,AA,0.8112781244591328,4,2,0.0,N
L,OG1,130,AA,0.8112781244591328,4,2,0.0,K
L,OG1,131,AA,0.8112781244591328,4,2,0.0,L
L,OG1,132,AA,0.8112781244591328,4,2,0.0,G
L,OG1,133,AA,0.8112781244591328,4,2,0.0,L
L,OG1,134,AA,0.8112781244591328,4,2,0.0,K
L,OG1,135,AA,0.8112781244591328,4,2,0.0,E
L,OG1,136,AA,0.8112781244591328,4,2,0.0,K
L,OG1,137,AA,0.8112781244591328,4,2,0.0,D
L,OG1,138,AA,0.8112781244591328,4,2,0.0,K
L,OG1,139,AA,0.8112781244591328,4,2,0.0,I
L,OG1,140,AA,0.8112781244591328,4,2,0.0,K
L,OG1,141,AA,1.5,4,3,0.0,S
L,OG1,142,AA,0.8112781244591328,4,2,0.0,N
L,OG1,143,AA,1.5,4,3,0.0,N
L,OG1,144,AA,0.8112781244591328,4,2,0.0,G
L,OG1,145,AA,0.8112781244591328,4,2,0.0,Q
L,OG1,146,AA,1.5,4,3,0.0,D
L,OG1,147,AA,1.5,4,3,0.0,E
L,OG1,148,AA,1.5,4,3,0.0,D
L,OG1,149,AA,0.8112781244591328,4,2,0.0,N
L,OG1,150,AA,0.8112781244591328,4,2,0.0,S
L,OG1,151,AA,0.8112781244591328,4,2,0.0,V
L,OG1,152,AA,1.5,4,3,0.0,I
L,OG1,153,AA,0.8112781244591328,4,2,0.0,T
L,OG1,154,AA,0.8112781244591328,4,2,0.0,T
L,OG1,155,AA,0.8112781244591328,4,2,0.0,I
L,OG1,156,AA,0.8112781244591328,4,2,0.0,I
L,OG1,157,AA,0.8112781244591328,4,2,0.0,K
L,OG1,158,AA,0.8112781244591328,4,2,0.0,D
L,OG1,159,AA,0.8112781244591328,4,2,0.0,D
L,OG1,160,AA,0.8112781244591328,4,2,0.0,I
L,OG1,161,AA,0.8112781244591328,4,2,0.0,L
L,OG1,162,AA,1.5,4,3,0.0,L
L,OG1,163,AA,0.8112781244591328,4,2,0.0,A
L,OG1,164,AA,0.8112781244591328,4,2,0.0,V
L,OG1,165,AA,1.5,4,3,0.0,K
L,OG1,166,AA,1.5,4,3,0.0,D
L,OG1,167,AA,0.8112781244591328,4,2,0.0,N
L,OG1,168,AA,0.8112781244591328,4,2,0.0,Q
L,OG1,169,AA,0.8112781244591328,4,2,0.0,S
L,OG1,170,AA,1.5,4,3,0.0,H
L,OG1,171,AA,1.5,4,3,0.0,L
L,OG1,172,AA,1.5,4,3,0.0,K
L,OG1,173,AA,1.5,4,3,0.0,A
L,OG1,174,AA,0.8112781244591328,4,2,0.0,D
L,OG1,175,AA,0.8112781244591328,4,2,0.0,K
L,OG1,176,AA,0.8112781244591328,4,2,0.0,N
L,OG1,177,AA,0.8112781244591328,4,2,0.0,Q
L,OG1,178,AA,-0.0,4,1,0.0,S
L,OG1,179,AA,1.5,4,3,0.0,T
L,OG1,180,AA,0.8112781244591328,4,2,0.0,K
L,OG1,181,AA,-0.0,4,1,0.0,Q
L,OG1,182,AA,0.8112781244591328,4,2,0.0,K
L,OG1,183,AA,0.8112781244591328,4,2,0.0,D
L,OG1,184,AA,0.8112781244591328,4,2,0.0,T
L,OG1,185,AA,-0.0,4,1,0.0,I
L,OG1,186,AA,-0.0,4,1,0.0,K
L,OG1,187,AA,-0.0,4,1,0.0,T
L,OG1,188,AA,-0.0,4,1,0.0,T
L,OG1,189,AA,-0.0,4,1,0.0,L
L,OG1,190,AA,-0.0,4,1,0.0,L
L,OG1,191,AA,-0.0,4,1,0.0,K
L,OG1,192,AA,-0.0,4,1,0.0,K
L,OG1,193,AA,-0.0,4,1,0.0,L
L,OG1,194,AA,-0.0,4,1,0.0,M
L,OG1,195,AA,-0.0,4,1,0.0,C
L,OG1,196,AA,-0.0,4,1,0.0,S
L,OG1,197,AA,-0.0,4,1,0.0,M
L,OG1,198,AA,-0.0,4,1,0.0,Q
L,OG1,199,AA,-0.0,4,1,0.0,H
L,OG1,200,AA,-0.0,4,1,0.0,P
L,OG1,201,AA,-0.0,4,1,0.0,P
L,OG1,202,AA,-0.0,4,1,0.0,S
L,OG1,203,AA,0.8112781244591328,4,2,0.0,W
L,OG1,204,AA,0.8112781244591328,4,2,0.0,L
L,OG1,205,AA,0.8112781244591328,4,2,0.0,I
L,OG1,206,AA,0.8112781244591328,4,2,0.0,H
L,OG1,207,AA,0.8112781244591328,4,2,0.0,W
L,OG1,208,AA,0.8112781244591328,4,2,0.0,F
L,OG1,209,AA,0.8112781244591328,4,2,0.0,N
L,OG1,210,AA,0.8112781244591328,4,2,0.0,L
L,OG1,211,AA,0.8112781244591328,4,2,0.0,Y
L,OG1,212,AA,0.8112781244591328,4,2,0.0,T
L,OG1,213,AA,0.8112781244591328,4,2,0.0,K
L,OG1,214,AA,0.8112781244591328,4,2,0.0,L
L,OG1,215,AA,0.8112781244591328,4,2,0.0,N
L,OG1,216,AA,0.8112781244591328,4,2,0.0,S
L,OG1,217,AA,0.8112781244591328,4,2,0.0,I
L,OG1,218,AA,0.8112781244591328,4,2,0.0,L
L,OG1,219,AA,0.8112781244591328,4,2,0.0,T
L,OG1,220,AA,0.8112781244591328,4,2,0.0,Q
L,OG1,221,AA,0.8112781244591328,4,2,0.0,Y
L,OG1,222,AA,0.8112781244591328,4,2,0.0,R
L,OG1,223,AA,0.8112781244591328,4,2,0.0,S
L,OG1,224,AA,0.8112781244591328,4,2,0.0,S
L,OG1,225,AA,0.8112781244591328,4,2,0.0,E
L,OG1,226,AA,0.8112781244591328,4,2,0.0,V
L,OG1,227,AA,0.8112781244591328,4,2,0.0,K
L,OG1,228,AA,0.8112781244591328,4,2,0.0,N
L,OG1,229,AA,0.8112781244591328,4,2,0.0,H
L,OG1,230,AA,0.8112781244591328,4,2,0.0,G
L,OG1,231,AA,0.8112781244591328,4,2,0.0,F
L,OG1,232,AA,0.8112781244591328,4,2,0.0,I
L,OG1,233,AA,0.8112781244591328,4,2,0.0,L
L,OG1,234,AA,0.8112781244591328,4,2,0.0,I
L,OG1,235,AA,0.8112781244591328,4,2,0.0,D
L,OG1,236,AA,0.8112781244591328,4,2,0.0,N
L,OG1,237,AA,0.8112781244591328,4,2,0.0,H
L,OG1,238,AA,0.8112781244591328,4,2,0.0,T
L,OG1,239,AA,0.8112781244591328,4,2,0.0,L
L,OG1,240,AA,0.8112781244591328,4,2,0.0,S
L,OG1,241,AA,0.8112781244591328,4,2,0.0,G
L,OG1,242,AA,0.8112781244591328,4,2,0.0,F
L,OG1,243,AA,1.0,4,2,0.0,Q
L,OG1,244,AA,1.0,4,2,0.0,F
L,OG1,245,AA,0.8112781244591328,4,2,0.0,I
L,OG1,246,AA,0.8112781244591328,4,2,0.0,L
L,OG1,247,AA,0.8112781244591328,4,2,0.0,N
L,OG1,248,AA,0.8112781244591328,4,2,0.0,Q
L,OG1,249,AA,0.8112781244591328,4,2,0.0,Y
L,OG1,250,AA,0.8112781244591328,4,2,0.0,G
L,OG1,251,AA,0.8112781244591328,4,2,0.0,C
L,OG1,252,AA,0.8112781244591328,4,2,0.0,I
L,OG1,253,AA,0.8112781244591328,4,2,0.0,V
L,OG1,254,AA,0.8112781244591328,4,2,0.0,Y
L,OG1,255,AA,1.0,4,2,0.0,H
L,OG1,256,AA,1.0,4,2,0.0,K
L,OG1,257,AA,0.8112781244591328,4,2,0.0,E
L,OG1,258,AA,0.8112781244591328,4,2,0.0,L
L,OG1,259,AA,0.8112781244591328,4,2,0.0,K
L,OG1,260,AA,0.8112781244591328,4,2,0.0,R
L,OG1,261,AA,0.8112781244591328,4,2,0.0,I
L,OG1,262,AA,0.8112781244591328,4,2,0.0,T
L,OG1,263,AA,0.8112781244591328,4,2,0.0,V
L,OG1,264,AA,0.8112781244591328,4,2,0.0,T
L,OG1,265,AA,0.8112781244591328,4,2,0.0,T
L,OG1,266,AA,0.8112781244591328,4,2,0.0,Y
L,OG1,267,AA,0.8112781244591328,4,2,0.0,N
L,OG1,268,AA,0.8112781244591328,4,2,0.0,Q
L,OG1,269,AA,0.8112781244591328,4,2,0.0,F
L,OG1,270,AA,0.8112781244591328,4,2,0.0,L
L,OG1,271,AA,0.8112781244591328,4,2,0.0,T
L,OG1,272,AA,0.8112781244591328,4,2,0.0,W
L,OG1,273,AA,0.8112781244591328,4,2,0.0,K
L,OG1,274,AA,0.8112781244591328,4,2,0.0,D
L,OG1,275,AA,0.8112781244591328,4,2,0.0,I
L,OG1,276,AA,0.8112781244591328,4,2,0.0,S
L,OG1,277,AA,0.8112781244591328,4,2,0.0,L
L,OG1,278,AA,0.8112781244591328,4,2,0.0,S
L,OG1,279,AA,0.8112781244591328,4,2,0.0,R
L,OG1,280,AA,0.8112781244591328,4,2,0.0,L
L,OG1,281,AA,0.8112781244591328,4,2,0.0,N
L,OG1,282,AA,0.8112781244591328,4,2,0.0,V
L,OG1,283,AA,0.8112781244591328,4,2,0.0,C
L,OG1,284,AA,0.8112781244591328,4,2,0.0,L
L,OG1,285,AA,0.8112781244591328,4,2,0.0,I
L,OG1,286,AA,0.8112781244591328,4,2,0.0,T
L,OG1,287,AA,0.8112781244591328,4,2,0.0,W
L,OG1,288,AA,0.8112781244591328,4,2,0.0,I
L,OG1,289,AA,0.8112781244591328,4,2,0.0,S
L,OG1,290,AA,0.8112781244591328,4,2,0.0,N
L,OG1,291,AA,0.8112781244591328,4,2,0.0,C
L,OG1,292,AA,0.8112781244591328,4,2,0.0,L
L,OG1,293,AA,0.8112781244591328,4,2,0.0,N
L,OG1,294,AA,0.8112781244591328,4,2,0.0,T
L,OG1,295,AA,0.8112781244591328,4,2,0.0,L
L,OG1,296,AA,0.8112781244591328,4,2,0.0,N
L,OG1,297,AA,0.8112781244591328,4,2,0.0,K
L,OG1,298,AA,0.8112781244591328,4,2,0.0,S
L,OG1,299,AA,0.8112781244591328,4,2,0.0,L
L,OG1,300,AA,0.8112781244591328,4,2,0.0,G
L,OG1,301,AA,0.8112781244591328,4,2,0.0,L
L,OG1,302,AA,0.8112781244591328,4,2,0.0,R
L,OG1,303,AA,0.8112781244591328,4,2,0.0,C
L,OG1,304,AA,0.8112781244591328,4,2,0.0,G
L,OG1,305,AA,0.8112781244591328,4,2,0.0,F
L,OG1,306,AA,0.8112781244591328,4,2,0.0,N
L,OG1,307,AA,0.8112781244591328,4,2,0.0,N
L,OG1,308,AA,0.8112781244591328,4,2,0.0,V
L,OG1,309,AA,0.8112781244591328,4,2,0.0,I
L,OG1,310,AA,0.8112781244591328,4,2,0.0,L
L,OG1,311,AA,0.8112781244591328,4,2,0.0,T
L,OG1,312,AA,0.8112781244591328,4,2,0.0,Q
L,OG1,313,AA,0.8112781244591328,4,2,0.0,L
L,OG1,314,AA,0.8112781244591328,4,2,0.0,F
L,OG1,315,AA,0.8112781244591328,4,2,0.0,L
L,OG1,316,AA,0.8112781244591328,4,2,0.0,Y
L,OG1,317,AA,0.8112781244591328,4,2,0.0,G
L,OG1,318,AA,0.8112781244591328,4,2,0.0,D
L,OG1,319,AA,0.8112781244591328,4,2,0.0,C
L,OG1,320,AA,0.8112781244591328,4,2,0.0,I
L,OG1,321,AA,0.8112781244591328,4,2,0.0,L
L,OG1,322,AA,0.8112781244591328,4,2,0.0,K
L,OG1,323,AA,0.8112781244591328,4,2,0.0,L
L,OG1,324,AA,0.8112781244591328,4,2,0.0,F
L,OG1,325,AA,0.8112781244591328,4,2,0.0,H
L,OG1,326,AA,0.8112781244591328,4,2,0.0,N
L,OG1,327,AA,0.8112781244591328,4,2,0.0,E
L,OG1,328,AA,0.8112781244591328,4,2,0.0,G
L,OG1,329,AA,0.8112781244591328,4,2,0.0,F
L,OG1,330,AA,0.8112781244591328,4,2,0.0,Y
L,OG1,331,AA,0.8112781244591328,4,2,0.0,I
L,OG1,332,AA,0.8112781244591328,4,2,0.0,I
L,OG1,333,AA,0.8112781244591328,4,2,0.0,K
L,OG1,334,AA,0.8112781244591328,4,2,0.0,E
L,OG1,335,AA,0.8112781244591328,4,2,0.0,V
L,OG1,336,AA,0.8112781244591328,4,2,0.0,E
L,OG1,337,AA,0.8112781244591328,4,2,0.0,G
L,OG1,338,AA,0.8112781244591328,4,2,0.0,F
L,OG1,339,AA,0.8112781244591328,4,2,0.0,I
L,OG1,340,AA,0.8112781244591328,4,2,0.0,M
L,OG1,341,AA,0.8112781244591328,4,2,0.0,S
L,OG1,342,AA,0.8112781244591328,4,2,0.0,L
L,OG1,343,AA,0.8112781244591328,4,2,0.0,I
L,OG1,344,AA,0.8112781244591328,4,2,0.0,L
L,OG1,345,AA,0.8112781244591328,4,2,0.0,N
L,OG1,346,AA,0.8112781244591328,4,2,0.0,I
L,OG1,347,AA,0.8112781244591328,4,2,0.0,T
L,OG1,348,AA,0.8112781244591328,4,2,0.0,E
L,OG1,349,AA,0.8112781244591328,4,2,0.0,E
L,OG1,350,AA,0.8112781244591328,4,2,0.0,D
L,OG1,351,AA,0.8112781244591328,4,2,0.0,Q
L,OG1,352,AA,0.8112781244591328,4,2,0.0,F
L,OG1,353,AA,0.8112781244591328,4,2,0.0,R
L,OG1,354,AA,0.8112781244591328,4,2,0.0,K
L,OG1,355,AA,0.8112781244591328,4,2,0.0,R
L,OG1,356,AA,0.8112781244591328,4,2,0.0,F
L,OG1,357,AA,0.8112781244591328,4,2,0.0,Y
L,OG1,358,AA,0.8112781244591328,4,2,0.0,N
L,OG1,359,AA,0.8112781244591328,4,2,0.0,S
L,OG1,360,AA,0.8112781244591328,4,2,0.0,M
L,OG1,361,AA,0.8112781244591328,4,2,0.0,L
L,OG1,362,AA,0.8112781244591328,4,2,0.0,N
L,OG1,363,AA,0.8112781244591328,4,2,0.0,N
L,OG1,364,AA,0.8112781244591328,4,2,0.0,I
L,OG1,365,AA,0.8112781244591328,4,2,0.0,T
L,OG1,366,AA,0.8112781244591328,4,2,0.0,D
L,OG1,367,AA,0.8112781244591328,4,2,0.0,A
L,OG1,368,AA,0.8112781244591328,4,2,0.0,A
L,OG1,369,AA,0.8112781244591328,4,2,0.0,N
L,OG1,370,AA,0.8112781244591328,4,2,0.0,K
L,OG1,371,AA,0.8112781244591328,4,2,0.0,A
L,OG1,372,AA,0.8112781244591328,4,2,0.0,Q
L,OG1,373,AA,0.8112781244591328,4,2,0.0,K
L,OG1,374,AA,0.8112781244591328,4,2,0.0,N
L,OG1,375,AA,0.8112781244591328,4,2,0.0,L
L,OG1,376,AA,0.8112781244591328,4,2,0.0,L
L,OG1,377,AA,0.8112781244591328,4,2,0.0,S
L,OG1,378,AA,0.8112781244591328,4,2,0.0,R
L,OG1,379,AA,0.8112781244591328,4,2,0.0,V
L,OG1,380,AA,0.8112781244591328,4,2,0.0,C
L,OG1,381,AA,0.8112781244591328,4,2,0.0,H
L,OG1,382,AA,0.8112781244591328,4,2,0.0,T
L,OG1,383,AA,0.8112781244591328,4,2,0.0,L
L,OG1,384,AA,0.8112781244591328,4,2,0.0,L
L,OG1,385,AA,0.8112781244591328,4,2,0.0,D
L,OG1,386,AA,0.8112781244591328,4,2,0.0,K
L,OG1,387,AA,0.8112781244591328,4,2,0.0,T
L,OG1,388,AA,0.8112781244591328,4,2,0.0,I
L,OG1,389,AA,0.8112781244591328,4,2,0.0,S
L,OG1,390,AA,0.8112781244591328,4,2,0.0,D
L,OG1,391,AA,0.8112781244591328,4,2,0.0,N
L,OG1,392,AA,0.8112781244591328,4,2,0.0,I
L,OG1,393,AA,0.8112781244591328,4,2,0.0,I
L,OG1,394,AA,0.8112781244591328,4,2,0.0,N
L,OG1,395,AA,0.8112781244591328,4,2,0.0,G
L,OG1,396,AA,0.8112781244591328,4,2,0.0,R
L,OG1,397,AA,0.8112781244591328,4,2,0.0,W
L,OG1,398,AA,0.8112781244591328,4,2,0.0,I
L,OG1,399,AA,0.8112781244591328,4,2,0.0,I
L,OG1,400,AA,1.0,4,2,0.0,L
L,OG1,401,AA,0.8112781244591328,4,2,0.0,X
L,OG1,402,AA,-0.0,4,1,0.0,X
L,OG1,403,AA,-0.0,4,1,0.0,X
L,OG1,404,AA,-0.0,4,1,0.0,X
L,OG1,405,AA,-0.0,4,1,0.0,X
L,OG1,406,AA,-0.0,4,1,0.0,X
L,OG1,407,AA,-0.0,4,1,0.0,X
L,OG1,408,AA,-0.0,4,1,0.0,X
L,OG1,409,AA,-0.0,4,1,0.0,X
L,OG1,410,AA,-0.0,4,1,0.0,X
L,OG1,411,AA,-0.0,4,1,0.0,X
L,OG1,412,AA,-0.0,4,1,0.0,X
L,OG1,413,AA,-0.0,4,1,0.0,X
L,OG1,414,AA,-0.0,4,1,0.0,X
L,OG1,415,AA,-0.0,4,1,0.0,X
L,OG1,416,AA,-0.0,4,1,0.0,X
L,OG1,417,AA,-0.0,4,1,0.0,X
L,OG1,418,AA,-0.0,4,1,0.0,X
L,OG1,419,AA,-0.0,4,1,0.0,X
L,OG1,420,AA,-0.0,4,1,0.0,X
L,OG1,421,AA,-0.0,4,1,0.0,X
L,OG1,422,AA,-0.0,4,1,0.0,X
L,OG1,423,AA,-0.0,4,1,0.0,X
L,OG1,424,AA,-0.0,4,1,0.0,X
L,OG1,425,AA,-0.0,4,1,0.0,X
L,OG1,426,AA,-0.0,4,1,0.0,X
L,OG1,427,AA,-0.0,4,1,0.0,X
L,OG1,428,AA,-0.0,4,1,0.0,X
L,OG1,429,AA,-0.0,4,1,0.0,X
L,OG1,430,AA,-0.0,4,1,0.0,X
L,OG1,431,AA,-0.0,4,1,0.0,X
L,OG1,432,AA,-0.0,4,1,0.0,X
L,OG1,433,AA,-0.0,4,1,0.0,X
L,OG1,434,AA,-0.0,4,1,0.0,X
L,OG1,435,AA,-0.0,4,1,0.0,X
L,OG1,436,AA,-0.0,4,1,0.0,X
L,OG1,437,AA,-0.0,4,1,0.0,X
L,OG1,438,AA,-0.0,4,1,0.0,X
L,OG1,439,AA,-0.0,4,1,0.0,X
L,OG1,440,AA,-0.0,4,1,0.0,X
L,OG1,441,AA,-0.0,4,1,0.0,X
L,OG1,442,AA,-0.0,4,1,0.0,X
L,OG1,443,AA,-0.0,4,1,0.0,X
L,OG1,444,AA,-0.0,4,1,0.0,X
L,OG1,445,AA,-0.0,4,1,0.0,X
L,OG1,446,AA,-0.0,4,1,0.0,X
L,OG1,447,AA,-0.0,4,1,0.0,X
L,OG1,448,AA,-0.0,4,1,0.0,X
L,OG1,449,AA,-0.0,4,1,0.0,X
L,OG1,450,AA,-0.0,4,1,0.0,X
L,OG1,451,AA,-0.0,4,1,0.0,X
L,OG1,452,AA,-0.0,4,1,0.0,X
L,OG1,453,AA,-0.0,4,1,0.0,X
L,OG1,454,AA,-0.0,4,1,0.0,X
L,OG1,455,AA,-0.0,4,1,0.0,X
L,OG1,456,AA,-0.0,4,1,0.0,X
L,OG1,457,AA,-0.0,4,1,0.0,X
L,OG1,458,AA,-0.0,4,1,0.0,X
L,OG1,459,AA,-0.0,4,1,0.0,X
L,OG1,460,AA,-0.0,4,1,0.0,X
L,OG1,461,AA,-0.0,4,1,0.0,X
L,OG1,462,AA,-0.0,4,1,0.0,X
L,OG1,463,AA,-0.0,4,1,0.0,X
L,OG1,464,AA,-0.0,4,1,0.0,X
L,OG1,465,AA,-0.0,4,1,0.0,X
L,OG1,466,AA,-0.0,4,1,0.0,X
L,OG1,467,AA,-0.0,4,1,0.0,X
L,OG1,468,AA,-0.0,4,1,0.0,X
L,OG1,469,AA,-0.0,4,1,0.0,X
L,OG1,470,AA,-0.0,4,1,0.0,X
L,OG1,471,AA,-0.0,4,1,0.0,X
L,OG1,472,AA,-0.0,4,1,0.0,X
L,OG1,473,AA,-0.0,4,1,0.0,X
L,OG1,474,AA,-0.0,4,1,0.0,X
L,OG1,475,AA,-0.0,4,1,0.0,X
L,OG1,476,AA,-0.0,4,1,0.0,X
L,OG1,477,AA,-0.0,4,1,0.0,X
L,OG1,478,AA,-0.0,4,1,0.0,X
L,OG1,479,AA,-0.0,4,1,0.0,X
L,OG1,480,AA,-0.0,4,1,0.0,X
L,OG1,481,AA,-0.0,4,1,0.0,X
L,OG1,482,AA,1.0,4,2,0.0,T
L,OG1,483,AA,-0.0,4,1,0.0,L
L,OG1,484,AA,-0.0,4,1,0.0,R
L,OG1,485,AA,-0.0,4,1,0.0,N
L,OG1,486,AA,-0.0,4,1,0.0,A
L,OG1,487,AA,-0.0,4,1,0.0,I
L,OG1,488,AA,-0.0,4,1,0.0,V
L,OG1,489,AA,-0.0,4,1,0.0,L
L,OG1,490,AA,-0.0,4,1,0.0,P
L,OG1,491,AA,-0.0,4,1,0.0,L
L,OG1,492,AA,-0.0,4,1,0.0,R
L,OG1,493,AA,-0.0,4,1,0.0,W
L,OG1,494,AA,-0.0,4,1,0.0,L
L,OG1,495,AA,-0.0,4,1,0.0,T
L,OG1,496,AA,-0.0,4,1,0.0,Y
L,OG1,497,AA,-0.0,4,1,0.0,Y
L,OG1,498,AA,-0.0,4,1,0.0,K
L,OG1,499,AA,-0.0,4,1,0.0,L
L,OG1,500,AA,-0.0,4,1,0.0,N
L,OG1,501,AA,0.8112781244591328,4,2,0.0,T
L,OG1,502,AA,0.8112781244591328,4,2,0.0,Y
L,OG1,503,AA,0.8112781244591328,4,2,0.0,P
L,OG1,504,AA,-0.0,4,1,0.0,S
L,OG1,505,AA,0.8112781244591328,4,2,0.0,L
L,OG1,506,AA,-0.0,4,1,0.0,L
L,OG1,507,AA,-0.0,4,1,0.0,E
L,OG1,508,AA,-0.0,4,1,0.0,L
L,OG1,509,AA,-0.0,4,1,0.0,T
L,OG1,510,AA,-0.0,4,1,0.0,E
L,OG1,511,AA,-0.0,4,1,0.0,R
L,OG1,512,AA,-0.0,4,1,0.0,D
L,OG1,513,AA,-0.0,4,1,0.0,L
L,OG1,514,AA,-0.0,4,1,0.0,I
L,OG1,515,AA,-0.0,4,1,0.0,V
L,OG1,516,AA,-0.0,4,1,0.0,L
L,OG1,517,AA,-0.0,4,1,0.0,S
L,OG1,518,AA,-0.0,4,1,0.0,G
L,OG1,519,AA,-0.0,4,1,0.0,L
L,OG1,520,AA,-0.0,4,1,0.0,R
L,OG1,521,AA,-0.0,4,1,0.0,F
L,OG1,522,AA,-0.0,4,1,0.0,Y
L,OG1,523,AA,-0.0,4,1,0.0,R
L,OG1,524,AA,-0.0,4,1,0.0,E
L,OG1,525,AA,0.8112781244591328,4,2,0.0,F
L,OG1,526,AA,0.8112781244591328,4,2,0.0,R
L,OG1,527,AA,0.8112781244591328,4,2,0.0,L
L,OG1,528,AA,0.8112781244591328,4,2,0.0,P
L,OG1,529,AA,-0.0,4,1,0.0,K
L,OG1,530,AA,-0.0,4,1,0.0,K
L,OG1,531,AA,-0.0,4,1,0.0,V
L,OG1,532,AA,-0.0,4,1,0.0,D
L,OG1,533,AA,-0.0,4,1,0.0,L
L,OG1,534,AA,-0.0,4,1,0.0,E
L,OG1,535,AA,-0.0,4,1,0.0,M
L,OG1,536,AA,-0.0,4,1,0.0,I
L,OG1,537,AA,-0.0,4,1,0.0,I
L,OG1,538,AA,-0.0,4,1,0.0,N
L,OG1,539,AA,-0.0,4,1,0.0,D
L,OG1,540,AA,-0.0,4,1,0.0,K
L,OG1,541,AA,-0.0,4,1,0.0,A
L,OG1,542,AA,0.8112781244591328,4,2,0.0,I
L,OG1,543,AA,0.8112781244591328,4,2,0.0,S
L,OG1,544,AA,0.8112781244591328,4,2,0.0,P
L,OG1,545,AA,0.8112781244591328,4,2,0.0,P
L,OG1,546,AA,0.8112781244591328,4,2,0.0,K
L,OG1,547,AA,0.8112781244591328,4,2,0.0,N
L,OG1,548,AA,0.8112781244591328,4,2,0.0,L
L,OG1,549,AA,0.8112781244591328,4,2,0.0,I
L,OG1,550,AA,0.8112781244591328,4,2,0.0,W
L,OG1,551,AA,0.8112781244591328,4,2,0.0,T
L,OG1,552,AA,0.8112781244591328,4,2,0.0,S
L,OG1,553,AA,0.8112781244591328,4,2,0.0,F
L,OG1,554,AA,0.8112781244591328,4,2,0.0,P
L,OG1,555,AA,0.8112781244591328,4,2,0.0,R
L,OG1,556,AA,0.8112781244591328,4,2,0.0,N
L,OG1,557,AA,0.8112781244591328,4,2,0.0,Y
L,OG1,558,AA,0.8112781244591328,4,2,0.0,M
L,OG1,559,AA,0.8112781244591328,4,2,0.0,P
L,OG1,560,AA,0.8112781244591328,4,2,0.0,S
L,OG1,561,AA,0.8112781244591328,4,2,0.0,H
L,OG1,562,AA,0.8112781244591328,4,2,0.0,I
L,OG1,563,AA,0.8112781244591328,4,2,0.0,Q
L,OG1,564,AA,0.8112781244591328,4,2,0.0,N
L,OG1,565,AA,0.8112781244591328,4,2,0.0,Y
L,OG1,566,AA,0.8112781244591328,4,2,0.0,I
L,OG1,567,AA,0.8112781244591328,4,2,0.0,E
L,OG1,568,AA,0.8112781244591328,4,2,0.0,H
L,OG1,569,AA,0.8112781244591328,4,2,0.0,E
L,OG1,570,AA,0.8112781244591328,4,2,0.0,K
L,OG1,571,AA,0.8112781244591328,4,2,0.0,L
L,OG1,572,AA,0.8112781244591328,4,2,0.0,K
L,OG1,573,AA,0.8112781244591328,4,2,0.0,F
L,OG1,574,AA,0.8112781244591328,4,2,0.0,S
L,OG1,575,AA,0.8112781244591328,4,2,0.0,D
L,OG1,576,AA,0.8112781244591328,4,2,0.0,S
L,OG1,577,AA,0.8112781244591328,4,2,0.0,D
L,OG1,578,AA,0.8112781244591328,4,2,0.0,K
L,OG1,579,AA,0.8112781244591328,4,2,0.0,S
L,OG1,580,AA,0.8112781244591328,4,2,0.0,R
L,OG1,581,AA,0.8112781244591328,4,2,0.0,R
L,OG1,582,AA,0.8112781244591328,4,2,0.0,V
L,OG1,583,AA,0.8112781244591328,4,2,0.0,L
L,OG1,584,AA,0.8112781244591328,4,2,0.0,E
L,OG1,585,AA,0.8112781244591328,4,2,0.0,Y
L,OG1,586,AA,0.8112781244591328,4,2,0.0,Y
L,OG1,587,AA,0.8112781244591328,4,2,0.0,L
L,OG1,588,AA,0.8112781244591328,4,2,0.0,R
L,OG1,589,AA,0.8112781244591328,4,2,0.0,D
L,OG1,590,AA,0.8112781244591328,4,2,0.0,N
L,OG1,591,AA,0.8112781244591328,4,2,0.0,K
L,OG1,592,AA,0.8112781244591328,4,2,0.0,F
L,OG1,593,AA,0.8112781244591328,4,2,0.0,N
L,OG1,594,AA,0.8112781244591328,4,2,0.0,E
L,OG1,595,AA,0.8112781244591328,4,2,0.0,C
L,OG1,596,AA,0.8112781244591328,4,2,0.0,D
L,OG1,597,AA,0.8112781244591328,4,2,0.0,L
L,OG1,598,AA,0.8112781244591328,4,2,0.0,H
L,OG1,599,AA,0.8112781244591328,4,2,0.0,N
L,OG1,600,AA,0.8112781244591328,4,2,0.0,C
L,OG1,601,AA,0.8112781244591328,4,2,0.0,V
L,OG1,602,AA,0.8112781244591328,4,2,0.0,V
L,OG1,603,AA,0.8112781244591328,4,2,0.0,N
L,OG1,604,AA,0.8112781244591328,4,2,0.0,Q
L,OG1,605,AA,0.8112781244591328,4,2,0.0,S
L,OG1,606,AA,0.8112781244591328,4,2,0.0,Y
L,OG1,607,AA,0.8112781244591328,4,2,0.0,L
L,OG1,608,AA,0.8112781244591328,4,2,0.0,N
L,OG1,609,AA,0.8112781244591328,4,2,0.0,N
L,OG1,610,AA,0.8112781244591328,4,2,0.0,P
L,OG1,611,AA,0.8112781244591328,4,2,0.0,N
L,OG1,612,AA,0.8112781244591328,4,2,0.0,H
L,OG1,613,AA,0.8112781244591328,4,2,0.0,V
L,OG1,614,AA,0.8112781244591328,4,2,0.0,V
L,OG1,615,AA,0.8112781244591328,4,2,0.0,S
L,OG1,616,AA,0.8112781244591328,4,2,0.0,L
L,OG1,617,AA,0.8112781244591328,4,2,0.0,T
L,OG1,618,AA,0.8112781244591328,4,2,0.0,G
L,OG1,619,AA,0.8112781244591328,4,2,0.0,K
L,OG1,620,AA,0.8112781244591328,4,2,0.0,E
L,OG1,621,AA,0.8112781244591328,4,2,0.0,R
L,OG1,622,AA,0.8112781244591328,4,2,0.0,E
L,OG1,623,AA,0.8112781244591328,4,2,0.0,L
L,OG1,624,AA,0.8112781244591328,4,2,0.0,S
L,OG1,625,AA,0.8112781244591328,4,2,0.0,V
L,OG1,626,AA,0.8112781244591328,4,2,0.0,G
L,OG1,627,AA,0.8112781244591328,4,2,0.0,R
L,OG1,628,AA,0.8112781244591328,4,2,0.0,M
L,OG1,629,AA,0.8112781244591328,4,2,0.0,F
L,OG1,630,AA,0.8112781244591328,4,2,0.0,A
L,OG1,631,AA,0.8112781244591328,4,2,0.0,M
L,OG1,632,AA,0.8112781244591328,4,2,0.0,Q
L,OG1,633,AA,0.8112781244591328,4,2,0.0,P
L,OG1,634,AA,0.8112781244591328,4,2,0.0,G
L,OG1,635,AA,0.8112781244591328,4,2,0.0,M
L,OG1,636,AA,0.8112781244591328,4,2,0.0,F
L,OG1,637,AA,0.8112781244591328,4,2,0.0,R
L,OG1,638,AA,0.8112781244591328,4,2,0.0,Q
L,OG1,639,AA,0.8112781244591328,4,2,0.0,V
L,OG1,640,AA,0.8112781244591328,4,2,0.0,Q
L,OG1,641,AA,0.8112781244591328,4,2,0.0,I
L,OG1,642,AA,0.8112781244591328,4,2,0.0,L
L,OG1,643,AA,0.8112781244591328,4,2,0.0,A
L,OG1,644,AA,0.8112781244591328,4,2,0.0,E
L,OG1,645,AA,0.8112781244591328,4,2,0.0,K
L,OG1,646,AA,0.8112781244591328,4,2,0.0,M
L,OG1,647,AA,0.8112781244591328,4,2,0.0,I
L,OG1,648,AA,0.8112781244591328,4,2,0.0,A
L,OG1,649,AA,0.8112781244591328,4,2,0.0,E
L,OG1,650,AA,0.8112781244591328,4,2,0.0,N
L,OG1,651,AA,0.8112781244591328,4,2,0.0,I
L,OG1,652,AA,0.8112781244591328,4,2,0.0,L
L,OG1,653,AA,0.8112781244591328,4,2,0.0,Q
L,OG1,654,AA,0.8112781244591328,4,2,0.0,F
L,OG1,655,AA,0.8112781244591328,4,2,0.0,F
L,OG1,656,AA,0.8112781244591328,4,2,0.0,P
L,OG1,657,AA,0.8112781244591328,4,2,0.0,E
L,OG1,658,AA,0.8112781244591328,4,2,0.0,S
L,OG1,659,AA,0.8112781244591328,4,2,0.0,L
L,OG1,660,AA,0.8112781244591328,4,2,0.0,T
L,OG1,661,AA,0.8112781244591328,4,2,0.0,R
L,OG1,662,AA,0.8112781244591328,4,2,0.0,Y
L,OG1,663,AA,0.8112781244591328,4,2,0.0,G
L,OG1,664,AA,0.8112781244591328,4,2,0.0,D
L,OG1,665,AA,0.8112781244591328,4,2,0.0,L
L,OG1,666,AA,0.8112781244591328,4,2,0.0,E
L,OG1,667,AA,0.8112781244591328,4,2,0.0,L
L,OG1,668,AA,0.8112781244591328,4,2,0.0,Q
L,OG1,669,AA,0.8112781244591328,4,2,0.0,K
L,OG1,670,AA,0.8112781244591328,4,2,0.0,I
L,OG1,671,AA,0.8112781244591328,4,2,0.0,L
L,OG1,672,AA,0.8112781244591328,4,2,0.0,E
L,OG1,673,AA,0.8112781244591328,4,2,0.0,L
L,OG1,674,AA,0.8112781244591328,4,2,0.0,K
L,OG1,675,AA,0.8112781244591328,4,2,0.0,A
L,OG1,676,AA,0.8112781244591328,4,2,0.0,G
L,OG1,677,AA,0.8112781244591328,4,2,0.0,I
L,OG1,678,AA,0.8112781244591328,4,2,0.0,S
L,OG1,679,AA,0.8112781244591328,4,2,0.0,N
L,OG1,680,AA,0.8112781244591328,4,2,0.0,K
L,OG1,681,AA,0.8112781244591328,4,2,0.0,S
L,OG1,682,AA,0.8112781244591328,4,2,0.0,N
L,OG1,683,AA,0.8112781244591328,4,2,0.0,R
L,OG1,684,AA,0.8112781244591328,4,2,0.0,Y
L,OG1,685,AA,0.8112781244591328,4,2,0.0,N
L,OG1,686,AA,0.8112781244591328,4,2,0.0,D
L,OG1,687,AA,0.8112781244591328,4,2,0.0,N
L,OG1,688,AA,0.8112781244591328,4,2,0.0,Y
L,OG1,689,AA,0.8112781244591328,4,2,0.0,N
L,OG1,690,AA,0.8112781244591328,4,2,0.0,N
L,OG1,691,AA,0.8112781244591328,4,2,0.0,Y
L,OG1,692,AA,0.8112781244591328,4,2,0.0,I
L,OG1,693,AA,0.8112781244591328,4,2,0.0,S
L,OG1,694,AA,0.8112781244591328,4,2,0.0,K
L,OG1,695,AA,0.8112781244591328,4,2,0.0,C
L,OG1,696,AA,0.8112781244591328,4,2,0.0,S
L,OG1,697,AA,0.8112781244591328,4,2,0.0,I
L,OG1,698,AA,0.8112781244591328,4,2,0.0,I
L,OG1,699,AA,0.8112781244591328,4,2,0.0,T
L,OG1,700,AA,0.8112781244591328,4,2,0.0,D
L,OG1,701,AA,0.8112781244591328,4,2,0.0,L
L,OG1,702,AA,0.8112781244591328,4,2,0.0,S
L,OG1,703,AA,0.8112781244591328,4,2,0.0,K
L,OG1,704,AA,0.8112781244591328,4,2,0.0,F
L,OG1,705,AA,0.8112781244591328,4,2,0.0,N
L,OG1,706,AA,0.8112781244591328,4,2,0.0,Q
L,OG1,707,AA,0.8112781244591328,4,2,0.0,A
L,OG1,708,AA,0.8112781244591328,4,2,0.0,F
L,OG1,709,AA,0.8112781244591328,4,2,0.0,R
L,OG1,710,AA,0.8112781244591328,4,2,0.0,Y
L,OG1,711,AA,0.8112781244591328,4,2,0.0,E
L,OG1,712,AA,0.8112781244591328,4,2,0.0,T
L,OG1,713,AA,0.8112781244591328,4,2,0.0,S
L,OG1,714,AA,0.8112781244591328,4,2,0.0,C
L,OG1,715,AA,0.8112781244591328,4,2,0.0,I
L,OG1,716,AA,0.8112781244591328,4,2,0.0,C
L,OG1,717,AA,0.8112781244591328,4,2,0.0,S
L,OG1,718,AA,0.8112781244591328,4,2,0.0,D
L,OG1,719,AA,0.8112781244591328,4,2,0.0,V
L,OG1,720,AA,0.8112781244591328,4,2,0.0,L
L,OG1,721,AA,0.8112781244591328,4,2,0.0,D
L,OG1,722,AA,0.8112781244591328,4,2,0.0,E
L,OG1,723,AA,0.8112781244591328,4,2,0.0,L
L,OG1,724,AA,0.8112781244591328,4,2,0.0,H
L,OG1,725,AA,0.8112781244591328,4,2,0.0,G
L,OG1,726,AA,0.8112781244591328,4,2,0.0,V
L,OG1,727,AA,0.8112781244591328,4,2,0.0,Q
L,OG1,728,AA,0.8112781244591328,4,2,0.0,S
L,OG1,729,AA,0.8112781244591328,4,2,0.0,L
L,OG1,730,AA,0.8112781244591328,4,2,0.0,F
L,OG1,731,AA,0.8112781244591328,4,2,0.0,S
L,OG1,732,AA,0.8112781244591328,4,2,0.0,W
L,OG1,733,AA,0.8112781244591328,4,2,0.0,L
L,OG1,734,AA,0.8112781244591328,4,2,0.0,H
L,OG1,735,AA,0.8112781244591328,4,2,0.0,L
L,OG1,736,AA,0.8112781244591328,4,2,0.0,T
L,OG1,737,AA,0.8112781244591328,4,2,0.0,I
L,OG1,738,AA,0.8112781244591328,4,2,0.0,P
L,OG1,739,AA,0.8112781244591328,4,2,0.0,H
L,OG1,740,AA,0.8112781244591328,4,2,0.0,V
L,OG1,741,AA,0.8112781244591328,4,2,0.0,T
L,OG1,742,AA,0.8112781244591328,4,2,0.0,I
L,OG1,743,AA,0.8112781244591328,4,2,0.0,I
L,OG1,744,AA,0.8112781244591328,4,2,0.0,C
L,OG1,745,AA,0.8112781244591328,4,2,0.0,T
L,OG1,746,AA,0.8112781244591328,4,2,0.0,Y
L,OG1,747,AA,0.8112781244591328,4,2,0.0,R
L,OG1,748,AA,0.8112781244591328,4,2,0.0,H
L,OG1,749,AA,0.8112781244591328,4,2,0.0,A
L,OG1,750,AA,0.8112781244591328,4,2,0.0,P
L,OG1,751,AA,0.8112781244591328,4,2,0.0,P
L,OG1,752,AA,0.8112781244591328,4,2,0.0,Y
L,OG1,753,AA,0.8112781244591328,4,2,0.0,I
L,OG1,754,AA,0.8112781244591328,4,2,0.0,K
L,OG1,755,AA,0.8112781244591328,4,2,0.0,D
L,OG1,756,AA,0.8112781244591328,4,2,0.0,H
L,OG1,757,AA,0.8112781244591328,4,2,0.0,I
L,OG1,758,AA,0.8112781244591328,4,2,0.0,V
L,OG1,759,AA,0.8112781244591328,4,2,0.0,D
L,OG1,760,AA,0.8112781244591328,4,2,0.0,L
L,OG1,761,AA,0.8112781244591328,4,2,0.0,N
L,OG1,762,AA,0.8112781244591328,4,2,0.0,N
L,OG1,763,AA,0.8112781244591328,4,2,0.0,V
L,OG1,764,AA,0.8112781244591328,4,2,0.0,D
L,OG1,765,AA,0.8112781244591328,4,2,0.0,E
L,OG1,766,AA,0.8112781244591328,4,2,0.0,Q
L,OG1,767,AA,0.8112781244591328,4,2,0.0,S
L,OG1,768,AA,0.8112781244591328,4,2,0.0,G
L,OG1,769,AA,0.8112781244591328,4,2,0.0,L
L,OG1,770,AA,0.8112781244591328,4,2,0.0,Y
L,OG1,771,AA,0.8112781244591328,4,2,0.0,R
L,OG1,772,AA,0.8112781244591328,4,2,0.0,Y
L,OG1,773,AA,0.8112781244591328,4,2,0.0,H
L,OG1,774,AA,0.8112781244591328,4,2,0.0,M
L,OG1,775,AA,0.8112781244591328,4,2,0.0,G
L,OG1,776,AA,0.8112781244591328,4,2,0.0,G
L,OG1,777,AA,0.8112781244591328,4,2,0.0,I
L,OG1,778,AA,0.8112781244591328,4,2,0.0,E
L,OG1,779,AA,0.8112781244591328,4,2,0.0,G
L,OG1,780,AA,0.8112781244591328,4,2,0.0,W
L,OG1,781,AA,0.8112781244591328,4,2,0.0,C
L,OG1,782,AA,0.8112781244591328,4,2,0.0,Q
L,OG1,783,AA,0.8112781244591328,4,2,0.0,K
L,OG1,784,AA,0.8112781244591328,4,2,0.0,L
L,OG1,785,AA,0.8112781244591328,4,2,0.0,W
L,OG1,786,AA,0.8112781244591328,4,2,0.0,T
L,OG1,787,AA,0.8112781244591328,4,2,0.0,I
L,OG1,788,AA,-0.0,4,1,0.0,E
L,OG1,789,AA,-0.0,4,1,0.0,A
L,OG1,790,AA,-0.0,4,1,0.0,I
L,OG1,791,AA,-0.0,4,1,0.0,S
L,OG1,792,AA,-0.0,4,1,0.0,L
L,OG1,793,AA,-0.0,4,1,0.0,L
L,OG1,794,AA,-0.0,4,1,0.0,D
L,OG1,795,AA,0.8112781244591328,4,2,0.0,L
L,OG1,796,AA,0.8112781244591328,4,2,0.0,I
L,OG1,797,AA,0.8112781244591328,4,2,0.0,S
L,OG1,798,AA,-0.0,4,1,0.0,L
L,OG1,799,AA,0.8112781244591328,4,2,0.0,K
L,OG1,800,AA,-0.0,4,1,0.0,G
L,OG1,801,AA,-0.0,4,1,0.0,K
L,OG1,802,AA,-0.0,4,1,0.0,F
L,OG1,803,AA,-0.0,4,1,0.0,S
L,OG1,804,AA,-0.0,4,1,0.0,I
L,OG1,805,AA,-0.0,4,1,0.0,T
L,OG1,806,AA,-0.0,4,1,0.0,A
L,OG1,807,AA,-0.0,4,1,0.0,L
L,OG1,808,AA,-0.0,4,1,0.0,I
L,OG1,809,AA,-0.0,4,1,0.0,N
L,OG1,810,AA,-0.0,4,1,0.0,G
L,OG1,811,AA,-0.0,4,1,0.0,D
L,OG1,812,AA,-0.0,4,1,0.0,N
L,OG1,813,AA,-0.0,4,1,0.0,Q
L,OG1,814,AA,-0.0,4,1,0.0,S
L,OG1,815,AA,-0.0,4,1,0.0,I
L,OG1,816,AA,-0.0,4,1,0.0,D
L,OG1,817,AA,-0.0,4,1,0.0,I
L,OG1,818,AA,0.8112781244591328,4,2,0.0,S
L,OG1,819,AA,-0.0,4,1,0.0,K
L,OG1,820,AA,-0.0,4,1,0.0,P
L,OG1,821,AA,-0.0,4,1,0.0,V
L,OG1,822,AA,0.8112781244591328,4,2,0.0,R
L,OG1,823,AA,0.8112781244591328,4,2,0.0,L
L,OG1,824,AA,1.5,4,3,0.0,M
L,OG1,825,AA,0.8112781244591328,4,2,0.0,E
L,OG1,826,AA,0.8112781244591328,4,2,0.0,G
L,OG1,827,AA,0.8112781244591328,4,2,0.0,Q
L,OG1,828,AA,0.8112781244591328,4,2,0.0,T
L,OG1,829,AA,0.8112781244591328,4,2,0.0,H
L,OG1,830,AA,-0.0,4,1,0.0,A
L,OG1,831,AA,-0.0,4,1,0.0,Q
L,OG1,832,AA,-0.0,4,1,0.0,A
L,OG1,833,AA,-0.0,4,1,0.0,D
L,OG1,834,AA,-0.0,4,1,0.0,Y
L,OG1,835,AA,0.8112781244591328,4,2,0.0,L
L,OG1,836,AA,-0.0,4,1,0.0,L
L,OG1,837,AA,-0.0,4,1,0.0,A
L,OG1,838,AA,-0.0,4,1,0.0,L
L,OG1,839,AA,-0.0,4,1,0.0,N
L,OG1,840,AA,-0.0,4,1,0.0,S
L,OG1,841,AA,-0.0,4,1,0.0,L
L,OG1,842,AA,0.8112781244591328,4,2,0.0,K
L,OG1,843,AA,0.8112781244591328,4,2,0.0,L
L,OG1,844,AA,-0.0,4,1,0.0,L
L,OG1,845,AA,-0.0,4,1,0.0,Y
L,OG1,846,AA,0.8112781244591328,4,2,0.0,K
L,OG1,847,AA,0.8112781244591328,4,2,0.0,E
L,OG1,848,AA,0.8112781244591328,4,2,0.0,Y
L,OG1,849,AA,0.8112781244591328,4,2,0.0,A
L,OG1,850,AA,0.8112781244591328,4,2,0.0,G
L,OG1,851,AA,-0.0,4,1,0.0,I
L,OG1,852,AA,-0.0,4,1,0.0,G
L,OG1,853,AA,-0.0,4,1,0.0,H
L,OG1,854,AA,-0.0,4,1,0.0,K
L,OG1,855,AA,-0.0,4,1,0.0,L
L,OG1,856,AA,-0.0,4,1,0.0,K
L,OG1,857,AA,-0.0,4,1,0.0,G
L,OG1,858,AA,-0.0,4,1,0.0,T
L,OG1,859,AA,-0.0,4,1,0.0,E
L,OG1,860,AA,-0.0,4,1,0.0,T
L,OG1,861,AA,-0.0,4,1,0.0,Y
L,OG1,862,AA,-0.0,4,1,0.0,I
L,OG1,863,AA,-0.0,4,1,0.0,S
L,OG1,864,AA,-0.0,4,1,0.0,R
L,OG1,865,AA,-0.0,4,1,0.0,D
L,OG1,866,AA,-0.0,4,1,0.0,M
L,OG1,867,AA,-0.0,4,1,0.0,Q
L,OG1,868,AA,-0.0,4,1,0.0,F
L,OG1,869,AA,-0.0,4,1,0.0,M
L,OG1,870,AA,0.8112781244591328,4,2,0.0,S
L,OG1,871,AA,0.8112781244591328,4,2,0.0,K
L,OG1,872,AA,-0.0,4,1,0.0,T
L,OG1,873,AA,-0.0,4,1,0.0,I
L,OG1,874,AA,-0.0,4,1,0.0,Q
L,OG1,875,AA,-0.0,4,1,0.0,H
L,OG1,876,AA,-0.0,4,1,0.0,N
L,OG1,877,AA,-0.0,4,1,0.0,G
L,OG1,878,AA,-0.0,4,1,0.0,V
L,OG1,879,AA,-0.0,4,1,0.0,Y
L,OG1,880,AA,-0.0,4,1,0.0,Y
L,OG1,881,AA,-0.0,4,1,0.0,P
L,OG1,882,AA,-0.0,4,1,0.0,A
L,OG1,883,AA,0.8112781244591328,4,2,0.0,S
L,OG1,884,AA,-0.0,4,1,0.0,I
L,OG1,885,AA,-0.0,4,1,0.0,K
L,OG1,886,AA,-0.0,4,1,0.0,K
L,OG1,887,AA,-0.0,4,1,0.0,V
L,OG1,888,AA,0.8112781244591328,4,2,0.0,L
L,OG1,889,AA,-0.0,4,1,0.0,R
L,OG1,890,AA,-0.0,4,1,0.0,V
L,OG1,891,AA,-0.0,4,1,0.0,G
L,OG1,892,AA,-0.0,4,1,0.0,P
L,OG1,893,AA,-0.0,4,1,0.0,W
L,OG1,894,AA,-0.0,4,1,0.0,I
L,OG1,895,AA,-0.0,4,1,0.0,N
L,OG1,896,AA,-0.0,4,1,0.0,T
L,OG1,897,AA,-0.0,4,1,0.0,I
L,OG1,898,AA,-0.0,4,1,0.0,L
L,OG1,899,AA,-0.0,4,1,0.0,D
L,OG1,900,AA,-0.0,4,1,0.0,D
L,OG1,901,AA,-0.0,4,1,0.0,F
L,OG1,902,AA,-0.0,4,1,0.0,K
L,OG1,903,AA,-0.0,4,1,0.0,V
L,OG1,904,AA,-0.0,4,1,0.0,S
L,OG1,905,AA,-0.0,4,1,0.0,L
L,OG1,906,AA,-0.0,4,1,0.0,E
L,OG1,907,AA,-0.0,4,1,0.0,S
L,OG1,908,AA,0.8112781244591328,4,2,0.0,I
L,OG1,909,AA,-0.0,4,1,0.0,G
L,OG1,910,AA,0.8112781244591328,4,2,0.0,S
L,OG1,911,AA,0.8112781244591328,4,2,0.0,L
L,OG1,912,AA,0.8112781244591328,4,2,0.0,T
L,OG1,913,AA,0.8112781244591328,4,2,0.0,Q
L,OG1,914,AA,0.8112781244591328,4,2,0.0,E
L,OG1,915,AA,0.8112781244591328,4,2,0.0,L
L,OG1,916,AA,0.8112781244591328,4,2,0.0,E
L,OG1,917,AA,0.8112781244591328,4,2,0.0,Y
L,OG1,918,AA,0.8112781244591328,4,2,0.0,R
L,OG1,919,AA,0.8112781244591328,4,2,0.0,G
L,OG1,920,AA,0.8112781244591328,4,2,0.0,E
L,OG1,921,AA,0.8112781244591328,4,2,0.0,S
L,OG1,922,AA,0.8112781244591328,4,2,0.0,L
L,OG1,923,AA,0.8112781244591328,4,2,0.0,L
L,OG1,924,AA,0.8112781244591328,4,2,0.0,C
L,OG1,925,AA,0.8112781244591328,4,2,0.0,S
L,OG1,926,AA,0.8112781244591328,4,2,0.0,L
L,OG1,927,AA,0.8112781244591328,4,2,0.0,I
L,OG1,928,AA,0.8112781244591328,4,2,0.0,F
L,OG1,929,AA,0.8112781244591328,4,2,0.0,R
L,OG1,930,AA,0.8112781244591328,4,2,0.0,N
L,OG1,931,AA,0.8112781244591328,4,2,0.0,V
L,OG1,932,AA,0.8112781244591328,4,2,0.0,W
L,OG1,933,AA,0.8112781244591328,4,2,0.0,L
L,OG1,934,AA,0.8112781244591328,4,2,0.0,Y
L,OG1,935,AA,0.8112781244591328,4,2,0.0,N
L,OG1,936,AA,0.8112781244591328,4,2,0.0,Q
L,OG1,937,AA,0.8112781244591328,4,2,0.0,I
L,OG1,938,AA,0.8112781244591328,4,2,0.0,A
L,OG1,939,AA,0.8112781244591328,4,2,0.0,L
L,OG1,940,AA,0.8112781244591328,4,2,0.0,Q
L,OG1,941,AA,0.8112781244591328,4,2,0.0,L
L,OG1,942,AA,0.8112781244591328,4,2,0.0,K
L,OG1,943,AA,0.8112781244591328,4,2,0.0,N
L,OG1,944,AA,0.8112781244591328,4,2,0.0,H
L,OG1,945,AA,0.8112781244591328,4,2,0.0,A
L,OG1,946,AA,0.8112781244591328,4,2,0.0,L
L,OG1,947,AA,0.8112781244591328,4,2,0.0,C
L,OG1,948,AA,0.8112781244591328,4,2,0.0,N
L,OG1,949,AA,0.8112781244591328,4,2,0.0,N
L,OG1,950,AA,0.8112781244591328,4,2,0.0,K
L,OG1,951,AA,0.8112781244591328,4,2,0.0,L
L,OG1,952,AA,0.8112781244591328,4,2,0.0,Y
L,OG1,953,AA,0.8112781244591328,4,2,0.0,L
L,OG1,954,AA,0.8112781244591328,4,2,0.0,D
L,OG1,955,AA,0.8112781244591328,4,2,0.0,I
L,OG1,956,AA,0.8112781244591328,4,2,0.0,L
L,OG1,957,AA,0.8112781244591328,4,2,0.0,K
L,OG1,958,AA,0.8112781244591328,4,2,0.0,V
L,OG1,959,AA,0.8112781244591328,4,2,0.0,L
L,OG1,960,AA,0.8112781244591328,4,2,0.0,K
L,OG1,961,AA,0.8112781244591328,4,2,0.0,H
L,OG1,962,AA,0.8112781244591328,4,2,0.0,L
L,OG1,963,AA,0.8112781244591328,4,2,0.0,K
L,OG1,964,AA,0.8112781244591328,4,2,0.0,T
L,OG1,965,AA,0.8112781244591328,4,2,0.0,F
L,OG1,966,AA,0.8112781244591328,4,2,0.0,F
L,OG1,967,AA,0.8112781244591328,4,2,0.0,N
L,OG1,968,AA,0.8112781244591328,4,2,0.0,L
L,OG1,969,AA,0.8112781244591328,4,2,0.0,D
L,OG1,970,AA,0.8112781244591328,4,2,0.0,N
L,OG1,971,AA,0.8112781244591328,4,2,0.0,I
L,OG1,972,AA,0.8112781244591328,4,2,0.0,D
L,OG1,973,AA,0.8112781244591328,4,2,0.0,T
L,OG1,974,AA,0.8112781244591328,4,2,0.0,A
L,OG1,975,AA,0.8112781244591328,4,2,0.0,L
L,OG1,976,AA,0.8112781244591328,4,2,0.0,T
L,OG1,977,AA,0.8112781244591328,4,2,0.0,L
L,OG1,978,AA,0.8112781244591328,4,2,0.0,Y
L,OG1,979,AA,0.8112781244591328,4,2,0.0,M
L,OG1,980,AA,0.8112781244591328,4,2,0.0,N
L,OG1,981,AA,0.8112781244591328,4,2,0.0,L
L,OG1,982,AA,0.8112781244591328,4,2,0.0,P
L,OG1,983,AA,0.8112781244591328,4,2,0.0,M
L,OG1,984,AA,0.8112781244591328,4,2,0.0,L
L,OG1,985,AA,0.8112781244591328,4,2,0.0,F
L,OG1,986,AA,0.8112781244591328,4,2,0.0,G
L,OG1,987,AA,0.8112781244591328,4,2,0.0,G
L,OG1,988,AA,0.8112781244591328,4,2,0.0,G
L,OG1,989,AA,0.8112781244591328,4,2,0.0,D
L,OG1,990,AA,0.8112781244591328,4,2,0.0,P
L,OG1,991,AA,0.8112781244591328,4,2,0.0,N
L,OG1,992,AA,0.8112781244591328,4,2,0.0,L
L,OG1,993,AA,0.8112781244591328,4,2,0.0,L
L,OG1,994,AA,0.8112781244591328,4,2,0.0,Y
L,OG1,995,AA,0.8112781244591328,4,2,0.0,R
L,OG1,996,AA,0.8112781244591328,4,2,0.0,S
L,OG1,997,AA,0.8112781244591328,4,2,0.0,F
L,OG1,998,AA,0.8112781244591328,4,2,0.0,Y
L,OG1,999,AA,0.8112781244591328,4,2,0.0,R
L,OG1,1000,AA,0.8112781244591328,4,2,0.0,R
L,OG1,1001,AA,0.8112781244591328,4,2,0.0,T
L,OG1,1002,AA,0.8112781244591328,4,2,0.0,P
L,OG1,1003,AA,0.8112781244591328,4,2,0.0,D
L,OG1,1004,AA,0.8112781244591328,4,2,0.0,F
L,OG1,1005,AA,0.8112781244591328,4,2,0.0,L
L,OG1,1006,AA,0.8112781244591328,4,2,0.0,T
L,OG1,1007,AA,0.8112781244591328,4,2,0.0,E
L,OG1,1008,AA,0.8112781244591328,4,2,0.0,A
L,OG1,1009,AA,0.8112781244591328,4,2,0.0,I
L,OG1,1010,AA,0.8112781244591328,4,2,0.0,V
L,OG1,1011,AA,0.8112781244591328,4,2,0.0,H
L,OG1,1012,AA,0.8112781244591328,4,2,0.0,S
L,OG1,1013,AA,0.8112781244591328,4,2,0.0,V
L,OG1,1014,AA,0.8112781244591328,4,2,0.0,F
L,OG1,1015,AA,0.8112781244591328,4,2,0.0,I
L,OG1,1016,AA,0.8112781244591328,4,2,0.0,L
L,OG1,1017,AA,0.8112781244591328,4,2,0.0,S
L,OG1,1018,AA,0.8112781244591328,4,2,0.0,Y
L,OG1,1019,AA,0.8112781244591328,4,2,0.0,Y
L,OG1,1020,AA,0.8112781244591328,4,2,0.0,T
L,OG1,1021,AA,0.8112781244591328,4,2,0.0,N
L,OG1,1022,AA,0.8112781244591328,4,2,0.0,H
L,OG1,1023,AA,0.8112781244591328,4,2,0.0,D
L,OG1,1024,AA,0.8112781244591328,4,2,0.0,L
L,OG1,1025,AA,0.8112781244591328,4,2,0.0,K
L,OG1,1026,AA,0.8112781244591328,4,2,0.0,D
L,OG1,1027,AA,0.8112781244591328,4,2,0.0,K
L,OG1,1028,AA,0.8112781244591328,4,2,0.0,L
L,OG1,1029,AA,0.8112781244591328,4,2,0.0,Q
L,OG1,1030,AA,0.8112781244591328,4,2,0.0,D
L,OG1,1031,AA,0.8112781244591328,4,2,0.0,L
L,OG1,1032,AA,0.8112781244591328,4,2,0.0,S
L,OG1,1033,AA,0.8112781244591328,4,2,0.0,D
L,OG1,1034,AA,0.8112781244591328,4,2,0.0,D
L,OG1,1035,AA,0.8112781244591328,4,2,0.0,R
L,OG1,1036,AA,0.8112781244591328,4,2,0.0,L
L,OG1,1037,AA,0.8112781244591328,4,2,0.0,N
L,OG1,1038,AA,0.8112781244591328,4,2,0.0,K
L,OG1,1039,AA,0.8112781244591328,4,2,0.0,F
L,OG1,1040,AA,0.8112781244591328,4,2,0.0,L
L,OG1,1041,AA,0.8112781244591328,4,2,0.0,T
L,OG1,1042,AA,0.8112781244591328,4,2,0.0,C
L,OG1,1043,AA,0.8112781244591328,4,2,0.0,I
L,OG1,1044,AA,0.8112781244591328,4,2,0.0,I
L,OG1,1045,AA,0.8112781244591328,4,2,0.0,T
L,OG1,1046,AA,0.8112781244591328,4,2,0.0,F
L,OG1,1047,AA,0.8112781244591328,4,2,0.0,D
L,OG1,1048,AA,0.8112781244591328,4,2,0.0,K
L,OG1,1049,AA,0.8112781244591328,4,2,0.0,N
L,OG1,1050,AA,0.8112781244591328,4,2,0.0,P
L,OG1,1051,AA,0.8112781244591328,4,2,0.0,N
L,OG1,1052,AA,0.8112781244591328,4,2,0.0,A
L,OG1,1053,AA,0.8112781244591328,4,2,0.0,E
L,OG1,1054,AA,0.8112781244591328,4,2,0.0,F
L,OG1,1055,AA,0.8112781244591328,4,2,0.0,V
L,OG1,1056,AA,0.8112781244591328,4,2,0.0,T
L,OG1,1057,AA,0.8112781244591328,4,2,0.0,L
L,OG1,1058,AA,0.8112781244591328,4,2,0.0,M
L,OG1,1059,AA,0.8112781244591328,4,2,0.0,R
L,OG1,1060,AA,0.8112781244591328,4,2,0.0,D
L,OG1,1061,AA,0.8112781244591328,4,2,0.0,P
L,OG1,1062,AA,0.8112781244591328,4,2,0.0,Q
L,OG1,1063,AA,0.8112781244591328,4,2,0.0,A
L,OG1,1064,AA,0.8112781244591328,4,2,0.0,L
L,OG1,1065,AA,0.8112781244591328,4,2,0.0,G
L,OG1,1066,AA,0.8112781244591328,4,2,0.0,S
L,OG1,1067,AA,0.8112781244591328,4,2,0.0,E
L,OG1,1068,AA,0.8112781244591328,4,2,0.0,R
L,OG1,1069,AA,0.8112781244591328,4,2,0.0,Q
L,OG1,1070,AA,0.8112781244591328,4,2,0.0,A
L,OG1,1071,AA,0.8112781244591328,4,2,0.0,K
L,OG1,1072,AA,0.8112781244591328,4,2,0.0,I
L,OG1,1073,AA,0.8112781244591328,4,2,0.0,T
L,OG1,1074,AA,0.8112781244591328,4,2,0.0,S
L,OG1,1075,AA,0.8112781244591328,4,2,0.0,E
L,OG1,1076,AA,0.8112781244591328,4,2,0.0,I
L,OG1,1077,AA,0.8112781244591328,4,2,0.0,N
L,OG1,1078,AA,0.8112781244591328,4,2,0.0,R
L,OG1,1079,AA,0.8112781244591328,4,2,0.0,L
L,OG1,1080,AA,0.8112781244591328,4,2,0.0,A
L,OG1,1081,AA,0.8112781244591328,4,2,0.0,V
L,OG1,1082,AA,0.8112781244591328,4,2,0.0,T
L,OG1,1083,AA,0.8112781244591328,4,2,0.0,E
L,OG1,1084,AA,0.8112781244591328,4,2,0.0,V
L,OG1,1085,AA,0.8112781244591328,4,2,0.0,L
L,OG1,1086,AA,0.8112781244591328,4,2,0.0,S
L,OG1,1087,AA,0.8112781244591328,4,2,0.0,T
L,OG1,1088,AA,0.8112781244591328,4,2,0.0,A
L,OG1,1089,AA,0.8112781244591328,4,2,0.0,P
L,OG1,1090,AA,0.8112781244591328,4,2,0.0,N
L,OG1,1091,AA,0.8112781244591328,4,2,0.0,K
L,OG1,1092,AA,0.8112781244591328,4,2,0.0,I
L,OG1,1093,AA,0.8112781244591328,4,2,0.0,F
L,OG1,1094,AA,0.8112781244591328,4,2,0.0,S
L,OG1,1095,AA,0.8112781244591328,4,2,0.0,K
L,OG1,1096,AA,0.8112781244591328,4,2,0.0,S
L,OG1,1097,AA,0.8112781244591328,4,2,0.0,A
L,OG1,1098,AA,0.8112781244591328,4,2,0.0,Q
L,OG1,1099,AA,0.8112781244591328,4,2,0.0,H
L,OG1,1100,AA,0.8112781244591328,4,2,0.0,Y
L,OG1,1101,AA,0.8112781244591328,4,2,0.0,T
L,OG1,1102,AA,0.8112781244591328,4,2,0.0,T
L,OG1,1103,AA,0.8112781244591328,4,2,0.0,T
L,OG1,1104,AA,0.8112781244591328,4,2,0.0,E
L,OG1,1105,AA,0.8112781244591328,4,2,0.0,I
L,OG1,1106,AA,0.8112781244591328,4,2,0.0,D
L,OG1,1107,AA,0.8112781244591328,4,2,0.0,L
L,OG1,1108,AA,0.8112781244591328,4,2,0.0,N
L,OG1,1109,AA,0.8112781244591328,4,2,0.0,D
L,OG1,1110,AA,0.8112781244591328,4,2,0.0,I
L,OG1,1111,AA,0.8112781244591328,4,2,0.0,M
L,OG1,1112,AA,0.8112781244591328,4,2,0.0,Q
L,OG1,1113,AA,0.8112781244591328,4,2,0.0,N
L,OG1,1114,AA,0.8112781244591328,4,2,0.0,I
L,OG1,1115,AA,0.8112781244591328,4,2,0.0,E
L,OG1,1116,AA,0.8112781244591328,4,2,0.0,P
L,OG1,1117,AA,0.8112781244591328,4,2,0.0,T
L,OG1,1118,AA,0.8112781244591328,4,2,0.0,Y
L,OG1,1119,AA,0.8112781244591328,4,2,0.0,P
L,OG1,1120,AA,0.8112781244591328,4,2,0.0,H
L,OG1,1121,AA,0.8112781244591328,4,2,0.0,G
L,OG1,1122,AA,0.8112781244591328,4,2,0.0,L
L,OG1,1123,AA,0.8112781244591328,4,2,0.0,R
L,OG1,1124,AA,0.8112781244591328,4,2,0.0,V
L,OG1,1125,AA,0.8112781244591328,4,2,0.0,V
L,OG1,1126,AA,0.8112781244591328,4,2,0.0,Y
L,OG1,1127,AA,0.8112781244591328,4,2,0.0,E
L,OG1,1128,AA,0.8112781244591328,4,2,0.0,S
L,OG1,1129,AA,0.8112781244591328,4,2,0.0,L
L,OG1,1130,AA,0.8112781244591328,4,2,0.0,P
L,OG1,1131,AA,0.8112781244591328,4,2,0.0,F
L,OG1,1132,AA,0.8112781244591328,4,2,0.0,Y
L,OG1,1133,AA,0.8112781244591328,4,2,0.0,K
L,OG1,1134,AA,0.8112781244591328,4,2,0.0,A
L,OG1,1135,AA,0.8112781244591328,4,2,0.0,E
L,OG1,1136,AA,0.8112781244591328,4,2,0.0,K
L,OG1,1137,AA,0.8112781244591328,4,2,0.0,I
L,OG1,1138,AA,0.8112781244591328,4,2,0.0,V
L,OG1,1139,AA,0.8112781244591328,4,2,0.0,N
L,OG1,1140,AA,0.8112781244591328,4,2,0.0,L
L,OG1,1141,AA,0.8112781244591328,4,2,0.0,I
L,OG1,1142,AA,0.8112781244591328,4,2,0.0,S
L,OG1,1143,AA,0.8112781244591328,4,2,0.0,G
L,OG1,1144,AA,0.8112781244591328,4,2,0.0,T
L,OG1,1145,AA,0.8112781244591328,4,2,0.0,K
L,OG1,1146,AA,0.8112781244591328,4,2,0.0,S
L,OG1,1147,AA,0.8112781244591328,4,2,0.0,I
L,OG1,1148,AA,0.8112781244591328,4,2,0.0,T
L,OG1,1149,AA,0.8112781244591328,4,2,0.0,N
L,OG1,1150,AA,0.8112781244591328,4,2,0.0,I
L,OG1,1151,AA,0.8112781244591328,4,2,0.0,L
L,OG1,1152,AA,0.8112781244591328,4,2,0.0,E
L,OG1,1153,AA,0.8112781244591328,4,2,0.0,K
L,OG1,1154,AA,0.8112781244591328,4,2,0.0,T
L,OG1,1155,AA,0.8112781244591328,4,2,0.0,S
L,OG1,1156,AA,0.8112781244591328,4,2,0.0,A
L,OG1,1157,AA,0.8112781244591328,4,2,0.0,I
L,OG1,1158,AA,0.8112781244591328,4,2,0.0,D
L,OG1,1159,AA,0.8112781244591328,4,2,0.0,L
L,OG1,1160,AA,0.8112781244591328,4,2,0.0,T
L,OG1,1161,AA,0.8112781244591328,4,2,0.0,D
L,OG1,1162,AA,0.8112781244591328,4,2,0.0,I
L,OG1,1163,AA,0.8112781244591328,4,2,0.0,D
L,OG1,1164,AA,0.8112781244591328,4,2,0.0,R
L,OG1,1165,AA,0.8112781244591328,4,2,0.0,A
L,OG1,1166,AA,0.8112781244591328,4,2,0.0,T
L,OG1,1167,AA,0.8112781244591328,4,2,0.0,E
L,OG1,1168,AA,0.8112781244591328,4,2,0.0,M
L,OG1,1169,AA,0.8112781244591328,4,2,0.0,M
L,OG1,1170,AA,0.8112781244591328,4,2,0.0,R
L,OG1,1171,AA,0.8112781244591328,4,2,0.0,K
L,OG1,1172,AA,0.8112781244591328,4,2,0.0,N
L,OG1,1173,AA,0.8112781244591328,4,2,0.0,I
L,OG1,1174,AA,0.8112781244591328,4,2,0.0,T
L,OG1,1175,AA,0.8112781244591328,4,2,0.0,L
L,OG1,1176,AA,0.8112781244591328,4,2,0.0,L
L,OG1,1177,AA,0.8112781244591328,4,2,0.0,I
L,OG1,1178,AA,0.8112781244591328,4,2,0.0,R
L,OG1,1179,AA,0.8112781244591328,4,2,0.0,I
L,OG1,1180,AA,0.8112781244591328,4,2,0.0,L
L,OG1,1181,AA,0.8112781244591328,4,2,0.0,P
L,OG1,1182,AA,0.8112781244591328,4,2,0.0,L
L,OG1,1183,AA,0.8112781244591328,4,2,0.0,D
L,OG1,1184,AA,0.8112781244591328,4,2,0.0,C
L,OG1,1185,AA,0.8112781244591328,4,2,0.0,N
L,OG1,1186,AA,0.8112781244591328,4,2,0.0,R
L,OG1,1187,AA,0.8112781244591328,4,2,0.0,D
L,OG1,1188,AA,0.8112781244591328,4,2,0.0,K
L,OG1,1189,AA,0.8112781244591328,4,2,0.0,R
L,OG1,1190,AA,0.8112781244591328,4,2,0.0,E
L,OG1,1191,AA,0.8112781244591328,4,2,0.0,I
L,OG1,1192,AA,0.8112781244591328,4,2,0.0,L
L,OG1,1193,AA,0.8112781244591328,4,2,0.0,S
L,OG1,1194,AA,0.8112781244591328,4,2,0.0,M
L,OG1,1195,AA,0.8112781244591328,4,2,0.0,E
L,OG1,1196,AA,0.8112781244591328,4,2,0.0,N
L,OG1,1197,AA,0.8112781244591328,4,2,0.0,L
L,OG1,1198,AA,0.8112781244591328,4,2,0.0,S
L,OG1,1199,AA,0.8112781244591328,4,2,0.0,I
L,OG1,1200,AA,0.8112781244591328,4,2,0.0,T
L,OG1,1201,AA,0.8112781244591328,4,2,0.0,E
L,OG1,1202,AA,0.8112781244591328,4,2,0.0,L
L,OG1,1203,AA,0.8112781244591328,4,2,0.0,S
L,OG1,1204,AA,0.8112781244591328,4,2,0.0,K
L,OG1,1205,AA,-0.0,4,1,0.0,Y
L,OG1,1206,AA,-0.0,4,1,0.0,V
L,OG1,1207,AA,-0.0,4,1,0.0,R
L,OG1,1208,AA,-0.0,4,1,0.0,E
L,OG1,1209,AA,-0.0,4,1,0.0,R
L,OG1,1210,AA,-0.0,4,1,0.0,S
L,OG1,1211,AA,-0.0,4,1,0.0,W
L,OG1,1212,AA,-0.0,4,1,0.0,S
L,OG1,1213,AA,-0.0,4,1,0.0,L
L,OG1,1214,AA,-0.0,4,1,0.0,S
L,OG1,1215,AA,-0.0,4,1,0.0,N
L,OG1,1216,AA,-0.0,4,1,0.0,I
L,OG1,1217,AA,-0.0,4,1,0.0,V
L,OG1,1218,AA,-0.0,4,1,0.0,G
L,OG1,1219,AA,-0.0,4,1,0.0,V
L,OG1,1220,AA,-0.0,4,1,0.0,T
L,OG1,1221,AA,-0.0,4,1,0.0,S
L,OG1,1222,AA,-0.0,4,1,0.0,P
L,OG1,1223,AA,-0.0,4,1,0.0,S
L,OG1,1224,AA,-0.0,4,1,0.0,I
L,OG1,1225,AA,-0.0,4,1,0.0,M
L,OG1,1226,AA,0.8112781244591328,4,2,0.0,Y
L,OG1,1227,AA,-0.0,4,1,0.0,T
L,OG1,1228,AA,-0.0,4,1,0.0,M
L,OG1,1229,AA,-0.0,4,1,0.0,D
L,OG1,1230,AA,-0.0,4,1,0.0,I
L,OG1,1231,AA,-0.0,4,1,0.0,K
L,OG1,1232,AA,-0.0,4,1,0.0,Y
L,OG1,1233,AA,-0.0,4,1,0.0,T
L,OG1,1234,AA,-0.0,4,1,0.0,T
L,OG1,1235,AA,-0.0,4,1,0.0,S
L,OG1,1236,AA,-0.0,4,1,0.0,T
L,OG1,1237,AA,-0.0,4,1,0.0,I
L,OG1,1238,AA,-0.0,4,1,0.0,A
L,OG1,1239,AA,-0.0,4,1,0.0,S
L,OG1,1240,AA,-0.0,4,1,0.0,G
L,OG1,1241,AA,-0.0,4,1,0.0,I
L,OG1,1242,AA,-0.0,4,1,0.0,I
L,OG1,1243,AA,-0.0,4,1,0.0,I
L,OG1,1244,AA,-0.0,4,1,0.0,E
L,OG1,1245,AA,-0.0,4,1,0.0,K
L,OG1,1246,AA,-0.0,4,1,0.0,Y
L,OG1,1247,AA,-0.0,4,1,0.0,N
L,OG1,1248,AA,-0.0,4,1,0.0,V
L,OG1,1249,AA,-0.0,4,1,0.0,N
L,OG1,1250,AA,0.8112781244591328,4,2,0.0,S
L,OG1,1251,AA,-0.0,4,1,0.0,L
L,OG1,1252,AA,-0.0,4,1,0.0,T
L,OG1,1253,AA,-0.0,4,1,0.0,R
L,OG1,1254,AA,-0.0,4,1,0.0,G
L,OG1,1255,AA,-0.0,4,1,0.0,E
L,OG1,1256,AA,-0.0,4,1,0.0,R
L,OG1,1257,AA,-0.0,4,1,0.0,G
L,OG1,1258,AA,-0.0,4,1,0.0,P
L,OG1,1259,AA,-0.0,4,1,0.0,T
L,OG1,1260,AA,-0.0,4,1,0.0,K
L,OG1,1261,AA,-0.0,4,1,0.0,P
L,OG1,1262,AA,-0.0,4,1,0.0,W
L,OG1,1263,AA,-0.0,4,1,0.0,V
L,OG1,1264,AA,-0.0,4,1,0.0,G
L,OG1,1265,AA,-0.0,4,1,0.0,S
L,OG1,1266,AA,-0.0,4,1,0.0,S
L,OG1,1267,AA,-0.0,4,1,0.0,T
L,OG1,1268,AA,0.8112781244591328,4,2,0.0,Q
L,OG1,1269,AA,-0.0,4,1,0.0,E
L,OG1,1270,AA,-0.0,4,1,0.0,K
L,OG1,1271,AA,-0.0,4,1,0.0,K
L,OG1,1272,AA,-0.0,4,1,0.0,T
L,OG1,1273,AA,-0.0,4,1,0.0,M
L,OG1,1274,AA,-0.0,4,1,0.0,P
L,OG1,1275,AA,-0.0,4,1,0.0,V
L,OG1,1276,AA,-0.0,4,1,0.0,Y
L,OG1,1277,AA,-0.0,4,1,0.0,N
L,OG1,1278,AA,-0.0,4,1,0.0,R
L,OG1,1279,AA,-0.0,4,1,0.0,Q
L,OG1,1280,AA,-0.0,4,1,0.0,V
L,OG1,1281,AA,-0.0,4,1,0.0,L
L,OG1,1282,AA,-0.0,4,1,0.0,T
L,OG1,1283,AA,-0.0,4,1,0.0,K
L,OG1,1284,AA,-0.0,4,1,0.0,K
L,OG1,1285,AA,-0.0,4,1,0.0,Q
L,OG1,1286,AA,-0.0,4,1,0.0,R
L,OG1,1287,AA,-0.0,4,1,0.0,D
L,OG1,1288,AA,-0.0,4,1,0.0,Q
L,OG1,1289,AA,-0.0,4,1,0.0,I
L,OG1,1290,AA,-0.0,4,1,0.0,D
L,OG1,1291,AA,-0.0,4,1,0.0,L
L,OG1,1292,AA,-0.0,4,1,0.0,L
L,OG1,1293,AA,-0.0,4,1,0.0,A
L,OG1,1294,AA,-0.0,4,1,0.0,K
L,OG1,1295,AA,-0.0,4,1,0.0,L
L,OG1,1296,AA,-0.0,4,1,0.0,D
L,OG1,1297,AA,-0.0,4,1,0.0,W
L,OG1,1298,AA,-0.0,4,1,0.0,V
L,OG1,1299,AA,-0.0,4,1,0.0,Y
L,OG1,1300,AA,-0.0,4,1,0.0,A
L,OG1,1301,AA,-0.0,4,1,0.0,S
L,OG1,1302,AA,-0.0,4,1,0.0,I
L,OG1,1303,AA,-0.0,4,1,0.0,D
L,OG1,1304,AA,-0.0,4,1,0.0,N
L,OG1,1305,AA,-0.0,4,1,0.0,K
L,OG1,1306,AA,-0.0,4,1,0.0,D
L,OG1,1307,AA,-0.0,4,1,0.0,E
L,OG1,1308,AA,-0.0,4,1,0.0,F
L,OG1,1309,AA,-0.0,4,1,0.0,M
L,OG1,1310,AA,-0.0,4,1,0.0,E
L,OG1,1311,AA,-0.0,4,1,0.0,E
L,OG1,1312,AA,-0.0,4,1,0.0,L
L,OG1,1313,AA,-0.0,4,1,0.0,S
L,OG1,1314,AA,0.8112781244591328,4,2,0.0,I
L,OG1,1315,AA,-0.0,4,1,0.0,G
L,OG1,1316,AA,-0.0,4,1,0.0,T
L,OG1,1317,AA,-0.0,4,1,0.0,L
L,OG1,1318,AA,-0.0,4,1,0.0,G
L,OG1,1319,AA,-0.0,4,1,0.0,L
L,OG1,1320,AA,0.8112781244591328,4,2,0.0,T
L,OG1,1321,AA,-0.0,4,1,0.0,Y
L,OG1,1322,AA,-0.0,4,1,0.0,E
L,OG1,1323,AA,-0.0,4,1,0.0,K
L,OG1,1324,AA,-0.0,4,1,0.0,A
L,OG1,1325,AA,-0.0,4,1,0.0,K
L,OG1,1326,AA,-0.0,4,1,0.0,K
L,OG1,1327,AA,-0.0,4,1,0.0,L
L,OG1,1328,AA,-0.0,4,1,0.0,F
L,OG1,1329,AA,-0.0,4,1,0.0,P
L,OG1,1330,AA,-0.0,4,1,0.0,Q
L,OG1,1331,AA,-0.0,4,1,0.0,Y
L,OG1,1332,AA,-0.0,4,1,0.0,L
L,OG1,1333,AA,-0.0,4,1,0.0,S
L,OG1,1334,AA,-0.0,4,1,0.0,V
L,OG1,1335,AA,-0.0,4,1,0.0,N
L,OG1,1336,AA,-0.0,4,1,0.0,Y
L,OG1,1337,AA,-0.0,4,1,0.0,L
L,OG1,1338,AA,-0.0,4,1,0.0,H
L,OG1,1339,AA,-0.0,4,1,0.0,R
L,OG1,1340,AA,-0.0,4,1,0.0,L
L,OG1,1341,AA,-0.0,4,1,0.0,T
L,OG1,1342,AA,-0.0,4,1,0.0,V
L,OG1,1343,AA,-0.0,4,1,0.0,S
L,OG1,1344,AA,-0.0,4,1,0.0,S
L,OG1,1345,AA,-0.0,4,1,0.0,R
L,OG1,1346,AA,-0.0,4,1,0.0,P
L,OG1,1347,AA,-0.0,4,1,0.0,C
L,OG1,1348,AA,-0.0,4,1,0.0,E
L,OG1,1349,AA,-0.0,4,1,0.0,F
L,OG1,1350,AA,-0.0,4,1,0.0,P
L,OG1,1351,AA,-0.0,4,1,0.0,A
L,OG1,1352,AA,-0.0,4,1,0.0,S
L,OG1,1353,AA,-0.0,4,1,0.0,I
L,OG1,1354,AA,-0.0,4,1,0.0,P
L,OG1,1355,AA,-0.0,4,1,0.0,A
L,OG1,1356,AA,-0.0,4,1,0.0,Y
L,OG1,1357,AA,-0.0,4,1,0.0,R
L,OG1,1358,AA,-0.0,4,1,0.0,T
L,OG1,1359,AA,-0.0,4,1,0.0,T
L,OG1,1360,AA,-0.0,4,1,0.0,N
L,OG1,1361,AA,-0.0,4,1,0.0,Y
L,OG1,1362,AA,-0.0,4,1,0.0,H
L,OG1,1363,AA,-0.0,4,1,0.0,F
L,OG1,1364,AA,-0.0,4,1,0.0,D
L,OG1,1365,AA,-0.0,4,1,0.0,T
L,OG1,1366,AA,-0.0,4,1,0.0,S
L,OG1,1367,AA,-0.0,4,1,0.0,P
L,OG1,1368,AA,-0.0,4,1,0.0,I
L,OG1,1369,AA,-0.0,4,1,0.0,N
L,OG1,1370,AA,0.8112781244591328,4,2,0.0,R
L,OG1,1371,AA,0.8112781244591328,4,2,0.0,I
L,OG1,1372,AA,-0.0,4,1,0.0,L
L,OG1,1373,AA,-0.0,4,1,0.0,T
L,OG1,1374,AA,-0.0,4,1,0.0,E
L,OG1,1375,AA,-0.0,4,1,0.0,K
L,OG1,1376,AA,-0.0,4,1,0.0,Y
L,OG1,1377,AA,-0.0,4,1,0.0,G
L,OG1,1378,AA,-0.0,4,1,0.0,D
L,OG1,1379,AA,-0.0,4,1,0.0,E
L,OG1,1380,AA,-0.0,4,1,0.0,D
L,OG1,1381,AA,-0.0,4,1,0.0,I
L,OG1,1382,AA,-0.0,4,1,0.0,D
L,OG1,1383,AA,-0.0,4,1,0.0,I
L,OG1,1384,AA,-0.0,4,1,0.0,V
L,OG1,1385,AA,-0.0,4,1,0.0,F
L,OG1,1386,AA,-0.0,4,1,0.0,Q
L,OG1,1387,AA,-0.0,4,1,0.0,N
L,OG1,1388,AA,-0.0,4,1,0.0,C
L,OG1,1389,AA,-0.0,4,1,0.0,I
L,OG1,1390,AA,-0.0,4,1,0.0,S
L,OG1,1391,AA,-0.0,4,1,0.0,F
L,OG1,1392,AA,-0.0,4,1,0.0,G
L,OG1,1393,AA,-0.0,4,1,0.0,L
L,OG1,1394,AA,-0.0,4,1,0.0,S
L,OG1,1395,AA,-0.0,4,1,0.0,L
L,OG1,1396,AA,-0.0,4,1,0.0,M
L,OG1,1397,AA,-0.0,4,1,0.0,S
L,OG1,1398,AA,-0.0,4,1,0.0,V
L,OG1,1399,AA,-0.0,4,1,0.0,V
L,OG1,1400,AA,-0.0,4,1,0.0,E
L,OG1,1401,AA,-0.0,4,1,0.0,Q
L,OG1,1402,AA,-0.0,4,1,0.0,F
L,OG1,1403,AA,-0.0,4,1,0.0,T
L,OG1,1404,AA,-0.0,4,1,0.0,N
L,OG1,1405,AA,0.8112781244591328,4,2,0.0,V
L,OG1,1406,AA,-0.0,4,1,0.0,C
L,OG1,1407,AA,-0.0,4,1,0.0,P
L,OG1,1408,AA,-0.0,4,1,0.0,N
L,OG1,1409,AA,-0.0,4,1,0.0,R
L,OG1,1410,AA,-0.0,4,1,0.0,I
L,OG1,1411,AA,-0.0,4,1,0.0,I
L,OG1,1412,AA,-0.0,4,1,0.0,L
L,OG1,1413,AA,-0.0,4,1,0.0,I
L,OG1,1414,AA,-0.0,4,1,0.0,P
L,OG1,1415,AA,-0.0,4,1,0.0,K
L,OG1,1416,AA,-0.0,4,1,0.0,L
L,OG1,1417,AA,-0.0,4,1,0.0,N
L,OG1,1418,AA,-0.0,4,1,0.0,E
L,OG1,1419,AA,-0.0,4,1,0.0,I
L,OG1,1420,AA,-0.0,4,1,0.0,H
L,OG1,1421,AA,-0.0,4,1,0.0,L
L,OG1,1422,AA,0.8112781244591328,4,2,0.0,M
L,OG1,1423,AA,0.8112781244591328,4,2,0.0,K
L,OG1,1424,AA,0.8112781244591328,4,2,0.0,P
L,OG1,1425,AA,0.8112781244591328,4,2,0.0,P
L,OG1,1426,AA,0.8112781244591328,4,2,0.0,I
L,OG1,1427,AA,0.8112781244591328,4,2,0.0,F
L,OG1,1428,AA,0.8112781244591328,4,2,0.0,T
L,OG1,1429,AA,0.8112781244591328,4,2,0.0,G
L,OG1,1430,AA,0.8112781244591328,4,2,0.0,D
L,OG1,1431,AA,0.8112781244591328,4,2,0.0,V
L,OG1,1432,AA,0.8112781244591328,4,2,0.0,D
L,OG1,1433,AA,0.8112781244591328,4,2,0.0,I
L,OG1,1434,AA,0.8112781244591328,4,2,0.0,H
L,OG1,1435,AA,0.8112781244591328,4,2,0.0,K
L,OG1,1436,AA,0.8112781244591328,4,2,0.0,L
L,OG1,1437,AA,0.8112781244591328,4,2,0.0,K
L,OG1,1438,AA,0.8112781244591328,4,2,0.0,Q
L,OG1,1439,AA,0.8112781244591328,4,2,0.0,V
L,OG1,1440,AA,0.8112781244591328,4,2,0.0,I
L,OG1,1441,AA,0.8112781244591328,4,2,0.0,Q
L,OG1,1442,AA,0.8112781244591328,4,2,0.0,K
L,OG1,1443,AA,0.8112781244591328,4,2,0.0,Q
L,OG1,1444,AA,0.8112781244591328,4,2,0.0,H
L,OG1,1445,AA,0.8112781244591328,4,2,0.0,M
L,OG1,1446,AA,0.8112781244591328,4,2,0.0,F
L,OG1,1447,AA,0.8112781244591328,4,2,0.0,L
L,OG1,1448,AA,0.8112781244591328,4,2,0.0,P
L,OG1,1449,AA,0.8112781244591328,4,2,0.0,D
L,OG1,1450,AA,0.8112781244591328,4,2,0.0,K
L,OG1,1451,AA,0.8112781244591328,4,2,0.0,I
L,OG1,1452,AA,0.8112781244591328,4,2,0.0,S
L,OG1,1453,AA,0.8112781244591328,4,2,0.0,L
L,OG1,1454,AA,0.8112781244591328,4,2,0.0,T
L,OG1,1455,AA,0.8112781244591328,4,2,0.0,Q
L,OG1,1456,AA,0.8112781244591328,4,2,0.0,Y
L,OG1,1457,AA,0.8112781244591328,4,2,0.0,V
L,OG1,1458,AA,0.8112781244591328,4,2,0.0,E
L,OG1,1459,AA,0.8112781244591328,4,2,0.0,L
L,OG1,1460,AA,0.8112781244591328,4,2,0.0,F
L,OG1,1461,AA,0.8112781244591328,4,2,0.0,L
L,OG1,1462,AA,0.8112781244591328,4,2,0.0,S
L,OG1,1463,AA,0.8112781244591328,4,2,0.0,N
L,OG1,1464,AA,-0.0,4,1,100.0,-
L,OG1,1465,AA,0.8112781244591328,4,2,0.0,K
L,OG1,1466,AA,0.8112781244591328,4,2,0.0,T
L,OG1,1467,AA,0.8112781244591328,4,2,0.0,L
L,OG1,1468,AA,0.8112781244591328,4,2,0.0,K
L,OG1,1469,AA,0.8112781244591328,4,2,0.0,S
L,OG1,1470,AA,0.8112781244591328,4,2,0.0,G
L,OG1,1471,AA,0.8112781244591328,4,2,0.0,S
L,OG1,1472,AA,0.8112781244591328,4,2,0.0,N
L,OG1,1473,AA,0.8112781244591328,4,2,0.0,V
L,OG1,1474,AA,0.8112781244591328,4,2,0.0,N
L,OG1,1475,AA,0.8112781244591328,4,2,0.0,S
L,OG1,1476,AA,0.8112781244591328,4,2,0.0,N
L,OG1,1477,AA,0.8112781244591328,4,2,0.0,L
L,OG1,1478,AA,0.8112781244591328,4,2,0.0,I
L,OG1,1479,AA,0.8112781244591328,4,2,0.0,L
L,OG1,1480,AA,0.8112781244591328,4,2,0.0,A
L,OG1,1481,AA,0.8112781244591328,4,2,0.0,H
L,OG1,1482,AA,0.8112781244591328,4,2,0.0,K
L,OG1,1483,AA,0.8112781244591328,4,2,0.0,I
L,OG1,1484,AA,0.8112781244591328,4,2,0.0,S
L,OG1,1485,AA,0.8112781244591328,4,2,0.0,D
L,OG1,1486,AA,0.8112781244591328,4,2,0.0,Y
L,OG1,1487,AA,0.8112781244591328,4,2,0.0,F
L,OG1,1488,AA,1.5,4,3,0.0,H
L,OG1,1489,AA,0.8112781244591328,4,2,0.0,N
L,OG1,1490,AA,0.8112781244591328,4,2,0.0,T
L,OG1,1491,AA,0.8112781244591328,4,2,0.0,Y
L,OG1,1492,AA,0.8112781244591328,4,2,0.0,I
L,OG1,1493,AA,-0.0,4,1,100.0,-
L,OG1,1494,AA,-0.0,4,1,100.0,-
L,OG1,1495,AA,-0.0,4,1,100.0,-
L,OG1,1496,AA,0.8112781244591328,4,2,0.0,L
L,OG1,1497,AA,0.8112781244591328,4,2,0.0,S
L,OG1,1498,AA,0.8112781244591328,4,2,0.0,T
L,OG1,1499,AA,0.8112781244591328,4,2,0.0,N
L,OG1,1500,AA,0.8112781244591328,4,2,0.0,L
L,OG1,1501,AA,0.8112781244591328,4,2,0.0,A
L,OG1,1502,AA,0.8112781244591328,4,2,0.0,G
L,OG1,1503,AA,0.8112781244591328,4,2,0.0,H
L,OG1,1504,AA,0.8112781244591328,4,2,0.0,W
L,OG1,1505,AA,0.8112781244591328,4,2,0.0,I
L,OG1,1506,AA,0.8112781244591328,4,2,0.0,L
L,OG1,1507,AA,0.8112781244591328,4,2,0.0,I
L,OG1,1508,AA,0.8112781244591328,4,2,0.0,I
L,OG1,1509,AA,0.8112781244591328,4,2,0.0,Q
L,OG1,1510,AA,0.8112781244591328,4,2,0.0,L
L,OG1,1511,AA,0.8112781244591328,4,2,0.0,M
L,OG1,1512,AA,0.8112781244591328,4,2,0.0,K
L,OG1,1513,AA,0.8112781244591328,4,2,0.0,D
L,OG1,1514,AA,0.8112781244591328,4,2,0.0,S
L,OG1,1515,AA,0.8112781244591328,4,2,0.0,K
L,OG1,1516,AA,0.8112781244591328,4,2,0.0,G
L,OG1,1517,AA,0.8112781244591328,4,2,0.0,I
L,OG1,1518,AA,0.8112781244591328,4,2,0.0,F
L,OG1,1519,AA,0.8112781244591328,4,2,0.0,E
L,OG1,1520,AA,0.8112781244591328,4,2,0.0,K
L,OG1,1521,AA,0.8112781244591328,4,2,0.0,D
L,OG1,1522,AA,0.8112781244591328,4,2,0.0,W
L,OG1,1523,AA,0.8112781244591328,4,2,0.0,G
L,OG1,1524,AA,0.8112781244591328,4,2,0.0,E
L,OG1,1525,AA,0.8112781244591328,4,2,0.0,G
L,OG1,1526,AA,0.8112781244591328,4,2,0.0,Y
L,OG1,1527,AA,0.8112781244591328,4,2,0.0,I
L,OG1,1528,AA,0.8112781244591328,4,2,0.0,T
L,OG1,1529,AA,0.8112781244591328,4,2,0.0,D
L,OG1,1530,AA,0.8112781244591328,4,2,0.0,H
L,OG1,1531,AA,0.8112781244591328,4,2,0.0,M
L,OG1,1532,AA,0.8112781244591328,4,2,0.0,F
L,OG1,1533,AA,0.8112781244591328,4,2,0.0,I
L,OG1,1534,AA,0.8112781244591328,4,2,0.0,N
L,OG1,1535,AA,0.8112781244591328,4,2,0.0,L
L,OG1,1536,AA,0.8112781244591328,4,2,0.0,K
L,OG1,1537,AA,0.8112781244591328,4,2,0.0,V
L,OG1,1538,AA,0.8112781244591328,4,2,0.0,F
L,OG1,1539,AA,0.8112781244591328,4,2,0.0,F
L,OG1,1540,AA,0.8112781244591328,4,2,0.0,N
L,OG1,1541,AA,0.8112781244591328,4,2,0.0,A
L,OG1,1542,AA,0.8112781244591328,4,2,0.0,Y
L,OG1,1543,AA,0.8112781244591328,4,2,0.0,K
L,OG1,1544,AA,0.8112781244591328,4,2,0.0,T
L,OG1,1545,AA,0.8112781244591328,4,2,0.0,Y
L,OG1,1546,AA,0.8112781244591328,4,2,0.0,L
L,OG1,1547,AA,0.8112781244591328,4,2,0.0,L
L,OG1,1548,AA,0.8112781244591328,4,2,0.0,C
L,OG1,1549,AA,0.8112781244591328,4,2,0.0,F
L,OG1,1550,AA,0.8112781244591328,4,2,0.0,H
L,OG1,1551,AA,0.8112781244591328,4,2,0.0,K
L,OG1,1552,AA,0.8112781244591328,4,2,0.0,G
L,OG1,1553,AA,0.8112781244591328,4,2,0.0,Y
L,OG1,1554,AA,1.5,4,3,0.0,G
L,OG1,1555,AA,0.8112781244591328,4,2,0.0,R
L,OG1,1556,AA,0.8112781244591328,4,2,0.0,A
L,OG1,1557,AA,0.8112781244591328,4,2,0.0,K
L,OG1,1558,AA,0.8112781244591328,4,2,0.0,L
L,OG1,1559,AA,0.8112781244591328,4,2,0.0,E
L,OG1,1560,AA,0.8112781244591328,4,2,0.0,C
L,OG1,1561,AA,0.8112781244591328,4,2,0.0,D
L,OG1,1562,AA,0.8112781244591328,4,2,0.0,M
L,OG1,1563,AA,0.8112781244591328,4,2,0.0,N
L,OG1,1564,AA,0.8112781244591328,4,2,0.0,T
L,OG1,1565,AA,0.8112781244591328,4,2,0.0,S
L,OG1,1566,AA,0.8112781244591328,4,2,0.0,D
L,OG1,1567,AA,0.8112781244591328,4,2,0.0,L
L,OG1,1568,AA,0.8112781244591328,4,2,0.0,L
L,OG1,1569,AA,0.8112781244591328,4,2,0.0,C
L,OG1,1570,AA,0.8112781244591328,4,2,0.0,V
L,OG1,1571,AA,0.8112781244591328,4,2,0.0,L
L,OG1,1572,AA,0.8112781244591328,4,2,0.0,E
L,OG1,1573,AA,0.8112781244591328,4,2,0.0,L
L,OG1,1574,AA,0.8112781244591328,4,2,0.0,I
L,OG1,1575,AA,0.8112781244591328,4,2,0.0,D
L,OG1,1576,AA,0.8112781244591328,4,2,0.0,S
L,OG1,1577,AA,0.8112781244591328,4,2,0.0,S
L,OG1,1578,AA,0.8112781244591328,4,2,0.0,Y
L,OG1,1579,AA,0.8112781244591328,4,2,0.0,W
L,OG1,1580,AA,0.8112781244591328,4,2,0.0,K
L,OG1,1581,AA,0.8112781244591328,4,2,0.0,S
L,OG1,1582,AA,0.8112781244591328,4,2,0.0,M
L,OG1,1583,AA,0.8112781244591328,4,2,0.0,S
L,OG1,1584,AA,0.8112781244591328,4,2,0.0,K
L,OG1,1585,AA,0.8112781244591328,4,2,0.0,V
L,OG1,1586,AA,0.8112781244591328,4,2,0.0,F
L,OG1,1587,AA,0.8112781244591328,4,2,0.0,L
L,OG1,1588,AA,0.8112781244591328,4,2,0.0,E
L,OG1,1589,AA,0.8112781244591328,4,2,0.0,Q
L,OG1,1590,AA,0.8112781244591328,4,2,0.0,K
L,OG1,1591,AA,0.8112781244591328,4,2,0.0,V
L,OG1,1592,AA,0.8112781244591328,4,2,0.0,I
L,OG1,1593,AA,0.8112781244591328,4,2,0.0,K
L,OG1,1594,AA,0.8112781244591328,4,2,0.0,Y
L,OG1,1595,AA,0.8112781244591328,4,2,0.0,I
L,OG1,1596,AA,0.8112781244591328,4,2,0.0,L
L,OG1,1597,AA,0.8112781244591328,4,2,0.0,S
L,OG1,1598,AA,0.8112781244591328,4,2,0.0,Q
L,OG1,1599,AA,0.8112781244591328,4,2,0.0,D
L,OG1,1600,AA,0.8112781244591328,4,2,0.0,A
L,OG1,1601,AA,0.8112781244591328,4,2,0.0,S
L,OG1,1602,AA,0.8112781244591328,4,2,0.0,L
L,OG1,1603,AA,1.5,4,3,0.0,H
L,OG1,1604,AA,0.8112781244591328,4,2,0.0,R
L,OG1,1605,AA,0.8112781244591328,4,2,0.0,V
L,OG1,1606,AA,0.8112781244591328,4,2,0.0,K
L,OG1,1607,AA,0.8112781244591328,4,2,0.0,G
L,OG1,1608,AA,0.8112781244591328,4,2,0.0,C
L,OG1,1609,AA,0.8112781244591328,4,2,0.0,H
L,OG1,1610,AA,0.8112781244591328,4,2,0.0,S
L,OG1,1611,AA,0.8112781244591328,4,2,0.0,F
L,OG1,1612,AA,0.8112781244591328,4,2,0.0,K
L,OG1,1613,AA,0.8112781244591328,4,2,0.0,L
L,OG1,1614,AA,0.8112781244591328,4,2,0.0,W
L,OG1,1615,AA,0.8112781244591328,4,2,0.0,F
L,OG1,1616,AA,0.8112781244591328,4,2,0.0,L
L,OG1,1617,AA,0.8112781244591328,4,2,0.0,K
L,OG1,1618,AA,0.8112781244591328,4,2,0.0,R
L,OG1,1619,AA,0.8112781244591328,4,2,0.0,L
L,OG1,1620,AA,0.8112781244591328,4,2,0.0,N
L,OG1,1621,AA,0.8112781244591328,4,2,0.0,V
L,OG1,1622,AA,0.8112781244591328,4,2,0.0,A
L,OG1,1623,AA,0.8112781244591328,4,2,0.0,E
L,OG1,1624,AA,0.8112781244591328,4,2,0.0,F
L,OG1,1625,AA,0.8112781244591328,4,2,0.0,T
L,OG1,1626,AA,0.8112781244591328,4,2,0.0,V
L,OG1,1627,AA,0.8112781244591328,4,2,0.0,C
L,OG1,1628,AA,0.8112781244591328,4,2,0.0,P
L,OG1,1629,AA,0.8112781244591328,4,2,0.0,X
L,OG1,1630,AA,0.8112781244591328,4,2,0.0,X
L,OG1,1631,AA,0.8112781244591328,4,2,0.0,X
L,OG1,1632,AA,0.8112781244591328,4,2,0.0,X
L,OG1,1633,AA,0.8112781244591328,4,2,0.0,X
L,OG1,1634,AA,0.8112781244591328,4,2,0.0,X
L,OG1,1635,AA,0.8112781244591328,4,2,0.0,X
L,OG1,1636,AA,0.8112781244591328,4,2,0.0,X
L,OG1,1637,AA,0.8112781244591328,4,2,0.0,X
L,OG1,1638,AA,0.8112781244591328,4,2,0.0,X
L,OG1,1639,AA,0.8112781244591328,4,2,0.0,X
L,OG1,1640,AA,0.8112781244591328,4,2,0.0,X
L,OG1,1641,AA,0.8112781244591328,4,2,0.0,X
L,OG1,1642,AA,0.8112781244591328,4,2,0.0,X
L,OG1,1643,AA,0.8112781244591328,4,2,0.0,X
L,OG1,1644,AA,0.8112781244591328,4,2,0.0,X
L,OG1,1645,AA,0.8112781244591328,4,2,0.0,X
L,OG1,1646,AA,0.8112781244591328,4,2,0.0,X
L,OG1,1647,AA,0.8112781244591328,4,2,0.0,X
L,OG1,1648,AA,0.8112781244591328,4,2,0.0,X
L,OG1,1649,AA,0.8112781244591328,4,2,0.0,X
L,OG1,1650,AA,0.8112781244591328,4,2,0.0,X
L,OG1,1651,AA,0.8112781244591328,4,2,0.0,X
L,OG1,1652,AA,0.8112781244591328,4,2,0.0,X
L,OG1,1653,AA,0.8112781244591328,4,2,0.0,X
L,OG1,1654,AA,0.8112781244591328,4,2,0.0,X
L,OG1,1655,AA,0.8112781244591328,4,2,0.0,X
L,OG1,1656,AA,0.8112781244591328,4,2,0.0,X
L,OG1,1657,AA,0.8112781244591328,4,2,0.0,X
L,OG1,1658,AA,0.8112781244591328,4,2,0.0,X
L,OG1,1659,AA,0.8112781244591328,4,2,0.0,X
L,OG1,1660,AA,0.8112781244591328,4,2,0.0,X
L,OG1,1661,AA,0.8112781244591328,4,2,0.0,X
L,OG1,1662,AA,0.8112781244591328,4,2,0.0,X
L,OG1,1663,AA,0.8112781244591328,4,2,0.0,X
L,OG1,1664,AA,0.8112781244591328,4,2,0.0,X
L,OG1,1665,AA,0.8112781244591328,4,2,0.0,X
L,OG1,1666,AA,0.8112781244591328,4,2,0.0,X
L,OG1,1667,AA,0.8112781244591328,4,2,0.0,X
L,OG1,1668,AA,0.8112781244591328,4,2,0.0,X
L,OG1,1669,AA,0.8112781244591328,4,2,0.0,X
L,OG1,1670,AA,0.8112781244591328,4,2,0.0,X
L,OG1,1671,AA,0.8112781244591328,4,2,0.0,X
L,OG1,1672,AA,0.8112781244591328,4,2,0.0,X
L,OG1,1673,AA,0.8112781244591328,4,2,0.0,X
L,OG1,1674,AA,0.8112781244591328,4,2,0.0,X
L,OG1,1675,AA,0.8112781244591328,4,2,0.0,X
L,OG1,1676,AA,0.8112781244591328,4,2,0.0,X
L,OG1,1677,AA,0.8112781244591328,4,2,0.0,X
L,OG1,1678,AA,0.8112781244591328,4,2,0.0,X
L,OG1,1679,AA,0.8112781244591328,4,2,0.0,X
L,OG1,1680,AA,0.8112781244591328,4,2,0.0,X
L,OG1,1681,AA,0.8112781244591328,4,2,0.0,X
L,OG1,1682,AA,0.8112781244591328,4,2,0.0,X
L,OG1,1683,AA,0.8112781244591328,4,2,0.0,X
L,OG1,1684,AA,0.8112781244591328,4,2,0.0,X
L,OG1,1685,AA,0.8112781244591328,4,2,0.0,X
L,OG1,1686,AA,0.8112781244591328,4,2,0.0,X
L,OG1,1687,AA,0.8112781244591328,4,2,0.0,X
L,OG1,1688,AA,0.8112781244591328,4,2,0.0,X
L,OG1,1689,AA,0.8112781244591328,4,2,0.0,X
L,OG1,1690,AA,0.8112781244591328,4,2,0.0,X
L,OG1,1691,AA,0.8112781244591328,4,2,0.0,X
L,OG1,1692,AA,0.8112781244591328,4,2,0.0,X
L,OG1,1693,AA,0.8112781244591328,4,2,0.0,X
L,OG1,1694,AA,0.8112781244591328,4,2,0.0,X
L,OG1,1695,AA,0.8112781244591328,4,2,0.0,X
L,OG1,1696,AA,0.8112781244591328,4,2,0.0,X
L,OG1,1697,AA,0.8112781244591328,4,2,0.0,X
L,OG1,1698,AA,0.8112781244591328,4,2,0.0,X
L,OG1,1699,AA,0.8112781244591328,4,2,0.0,X
L,OG1,1700,AA,1.0,4,2,0.0,S
L,OG1,1701,AA,1.0,4,2,0.0,E
L,OG1,1702,AA,1.0,4,2,0.0,L
L,OG1,1703,AA,1.0,4,2,0.0,E
L,OG1,1704,AA,1.0,4,2,0.0,S
L,OG1,1705,AA,1.0,4,2,0.0,N
L,OG1,1706,AA,1.0,4,2,0.0,X
L,OG1,1707,AA,1.0,4,2,0.0,N
L,OG1,1708,AA,1.0,4,2,0.0,K
L,OG1,1709,AA,1.0,4,2,0.0,L
L,OG1,1710,AA,1.0,4,2,0.0,X
L,OG1,1711,AA,1.0,4,2,0.0,H
L,OG1,1712,AA,1.0,4,2,0.0,P
L,OG1,1713,AA,1.0,4,2,0.0,T
L,OG1,1714,AA,1.0,4,2,0.0,P
L,OG1,1715,AA,1.0,4,2,0.0,E
L,OG1,1716,AA,1.0,4,2,0.0,T
L,OG1,1717,AA,1.0,4,2,0.0,L
L,OG1,1718,AA,1.0,4,2,0.0,E
L,OG1,1719,AA,1.0,4,2,0.0,N
L,OG1,1720,AA,1.0,4,2,0.0,I
L,OG1,1721,AA,1.0,4,2,0.0,L
L,OG1,1722,AA,1.0,4,2,0.0,T
L,OG1,1723,AA,1.0,4,2,0.0,N
L,OG1,1724,AA,1.0,4,2,0.0,P
L,OG1,1725,AA,1.0,4,2,0.0,V
L,OG1,1726,AA,1.0,4,2,0.0,K
L,OG1,1727,AA,1.0,4,2,0.0,S
L,OG1,1728,AA,1.0,4,2,0.0,N
L,OG1,1729,AA,1.0,4,2,0.0,G
L,OG1,1730,AA,1.0,4,2,0.0,K
L,OG1,1731,AA,1.0,4,2,0.0,K
L,OG1,1732,AA,1.0,4,2,0.0,T
L,OG1,1733,AA,1.0,4,2,0.0,L
L,OG1,1734,AA,1.0,4,2,0.0,S
L,OG1,1735,AA,1.0,4,2,0.0,D
L,OG1,1736,AA,1.0,4,2,0.0,X
L,OG1,1737,AA,1.0,4,2,0.0,C
L,OG1,1738,AA,1.0,4,2,0.0,I
L,OG1,1739,AA,1.0,4,2,0.0,G
L,OG1,1740,AA,1.0,4,2,0.0,K
L,OG1,1741,AA,1.0,4,2,0.0,N
L,OG1,1742,AA,1.0,4,2,0.0,V
L,OG1,1743,AA,1.0,4,2,0.0,D
L,OG1,1744,AA,1.0,4,2,0.0,S
L,OG1,1745,AA,1.0,4,2,0.0,I
L,OG1,1746,AA,1.0,4,2,0.0,M
L,OG1,1747,AA,1.0,4,2,0.0,L
L,OG1,1748,AA,1.0,4,2,0.0,P
L,OG1,1749,AA,1.0,4,2,0.0,S
L,OG1,1750,AA,1.0,4,2,0.0,L
L,OG1,1751,AA,1.0,4,2,0.0,S
L,OG1,1752,AA,1.0,4,2,0.0,N
L,OG1,1753,AA,1.0,4,2,0.0,K
L,OG1,1754,AA,1.0,4,2,0.0,K
L,OG1,1755,AA,1.0,4,2,0.0,L
L,OG1,1756,AA,1.0,4,2,0.0,I
L,OG1,1757,AA,1.0,4,2,0.0,K
L,OG1,1758,AA,1.0,4,2,0.0,S
L,OG1,1759,AA,1.0,4,2,0.0,S
L,OG1,1760,AA,1.0,4,2,0.0,T
L,OG1,1761,AA,1.0,4,2,0.0,M
L,OG1,1762,AA,-0.0,4,1,100.0,-
L,OG1,1763,AA,1.0,4,2,0.0,I
L,OG1,1764,AA,1.0,4,2,0.0,R
L,OG1,1765,AA,1.0,4,2,0.0,T
L,OG1,1766,AA,1.0,4,2,0.0,N
L,OG1,1767,AA,1.0,4,2,0.0,X
L,OG1,1768,AA,1.0,4,2,0.0,S
L,OG1,1769,AA,1.0,4,2,0.0,R
L,OG1,1770,AA,1.0,4,2,0.0,Q
L,OG1,1771,AA,1.0,4,2,0.0,D
L,OG1,1772,AA,1.0,4,2,0.0,L
L,OG1,1773,AA,1.0,4,2,0.0,X
L,OG1,1774,AA,1.0,4,2,0.0,N
L,OG1,1775,AA,1.0,4,2,0.0,L
L,OG1,1776,AA,1.0,4,2,0.0,F
L,OG1,1777,AA,1.0,4,2,0.0,P
L,OG1,1778,AA,1.0,4,2,0.0,T
L,OG1,1779,AA,1.0,4,2,0.0,V
L,OG1,1780,AA,1.0,4,2,0.0,V
L,OG1,1781,AA,1.0,4,2,0.0,I
L,OG1,1782,AA,1.0,4,2,0.0,D
L,OG1,1783,AA,1.0,4,2,0.0,K
L,OG1,1784,AA,1.0,4,2,0.0,I
L,OG1,1785,AA,-0.0,4,1,100.0,-
L,OG1,1786,AA,-0.0,4,1,100.0,-
L,OG1,1787,AA,1.0,4,2,0.0,I
L,OG1,1788,AA,1.0,4,2,0.0,D
L,OG1,1789,AA,1.0,4,2,0.0,H
L,OG1,1790,AA,1.0,4,2,0.0,S
L,OG1,1791,AA,0.8112781244591328,4,2,0.0,G
L,OG1,1792,AA,0.8112781244591328,4,2,0.0,N
L,OG1,1793,AA,0.8112781244591328,4,2,0.0,T
L,OG1,1794,AA,0.8112781244591328,4,2,0.0,A
L,OG1,1795,AA,1.0,4,2,0.0,K
L,OG1,1796,AA,1.5,4,3,0.0,X
L,OG1,1797,AA,0.8112781244591328,4,2,0.0,N
L,OG1,1798,AA,0.8112781244591328,4,2,0.0,Q
L,OG1,1799,AA,0.8112781244591328,4,2,0.0,L
L,OG1,1800,AA,1.0,4,2,0.0,X
L,OG1,1801,AA,0.8112781244591328,4,2,0.0,T
L,OG1,1802,AA,0.8112781244591328,4,2,0.0,T
L,OG1,1803,AA,0.8112781244591328,4,2,0.0,T
L,OG1,1804,AA,0.8112781244591328,4,2,0.0,S
L,OG1,1805,AA,0.8112781244591328,4,2,0.0,H
L,OG1,1806,AA,0.8112781244591328,4,2,0.0,Q
L,OG1,1807,AA,0.8112781244591328,4,2,0.0,I
L,OG1,1808,AA,-0.0,4,1,0.0,S
L,OG1,1809,AA,-0.0,4,1,0.0,L
L,OG1,1810,AA,-0.0,4,1,0.0,V
L,OG1,1811,AA,-0.0,4,1,0.0,H
L,OG1,1812,AA,-0.0,4,1,0.0,N
L,OG1,1813,AA,-0.0,4,1,0.0,S
L,OG1,1814,AA,-0.0,4,1,0.0,T
L,OG1,1815,AA,-0.0,4,1,0.0,S
L,OG1,1816,AA,-0.0,4,1,0.0,L
L,OG1,1817,AA,-0.0,4,1,0.0,Y
L,OG1,1818,AA,-0.0,4,1,0.0,C
L,OG1,1819,AA,-0.0,4,1,0.0,M
L,OG1,1820,AA,-0.0,4,1,0.0,L
L,OG1,1821,AA,-0.0,4,1,0.0,P
L,OG1,1822,AA,-0.0,4,1,0.0,W
L,OG1,1823,AA,-0.0,4,1,0.0,H
L,OG1,1824,AA,-0.0,4,1,0.0,H
L,OG1,1825,AA,-0.0,4,1,0.0,I
L,OG1,1826,AA,-0.0,4,1,0.0,N
L,OG1,1827,AA,-0.0,4,1,0.0,R
L,OG1,1828,AA,-0.0,4,1,0.0,F
L,OG1,1829,AA,-0.0,4,1,0.0,N
L,OG1,1830,AA,-0.0,4,1,0.0,F
L,OG1,1831,AA,-0.0,4,1,0.0,V
L,OG1,1832,AA,0.8112781244591328,4,2,0.0,F
L,OG1,1833,AA,1.0,4,2,0.0,S
L,OG1,1834,AA,1.0,4,2,0.0,S
L,OG1,1835,AA,1.0,4,2,0.0,T
L,OG1,1836,AA,1.0,4,2,0.0,G
L,OG1,1837,AA,1.0,4,2,0.0,C
L,OG1,1838,AA,1.0,4,2,0.0,K
L,OG1,1839,AA,1.0,4,2,0.0,I
L,OG1,1840,AA,1.0,4,2,0.0,S
L,OG1,1841,AA,1.0,4,2,0.0,I
L,OG1,1842,AA,1.0,4,2,0.0,E
L,OG1,1843,AA,1.0,4,2,0.0,X
L,OG1,1844,AA,-0.0,4,1,100.0,-
L,OG1,1845,AA,1.0,4,2,0.0,I
L,OG1,1846,AA,1.0,4,2,0.0,L
L,OG1,1847,AA,1.0,4,2,0.0,K
L,OG1,1848,AA,1.0,4,2,0.0,D
L,OG1,1849,AA,1.0,4,2,0.0,L
L,OG1,1850,AA,1.0,4,2,0.0,K
L,OG1,1851,AA,1.0,4,2,0.0,I
L,OG1,1852,AA,1.0,4,2,0.0,K
L,OG1,1853,AA,1.0,4,2,0.0,D
L,OG1,1854,AA,1.0,4,2,0.0,P
L,OG1,1855,AA,1.0,4,2,0.0,N
L,OG1,1856,AA,1.0,4,2,0.0,C
L,OG1,1857,AA,1.0,4,2,0.0,I
L,OG1,1858,AA,1.0,4,2,0.0,A
L,OG1,1859,AA,1.0,4,2,0.0,F
L,OG1,1860,AA,1.0,4,2,0.0,I
L,OG1,1861,AA,1.0,4,2,0.0,G
L,OG1,1862,AA,1.0,4,2,0.0,E
L,OG1,1863,AA,1.0,4,2,0.0,G
L,OG1,1864,AA,1.0,4,2,0.0,A
L,OG1,1865,AA,1.0,4,2,0.0,G
L,OG1,1866,AA,1.0,4,2,0.0,N
L,OG1,1867,AA,1.0,4,2,0.0,L
L,OG1,1868,AA,1.0,4,2,0.0,L
L,OG1,1869,AA,1.0,4,2,0.0,L
L,OG1,1870,AA,1.0,4,2,0.0,R
L,OG1,1871,AA,1.0,4,2,0.0,T
L,OG1,1872,AA,1.0,4,2,0.0,V
L,OG1,1873,AA,1.0,4,2,0.0,V
L,OG1,1874,AA,1.0,4,2,0.0,E
L,OG1,1875,AA,1.0,4,2,0.0,L
L,OG1,1876,AA,1.0,4,2,0.0,H
L,OG1,1877,AA,1.0,4,2,0.0,P
L,OG1,1878,AA,1.0,4,2,0.0,D
L,OG1,1879,AA,1.0,4,2,0.0,I
L,OG1,1880,AA,1.0,4,2,0.0,R
L,OG1,1881,AA,1.0,4,2,0.0,X
L,OG1,1882,AA,1.0,4,2,0.0,I
L,OG1,1883,AA,1.0,4,2,0.0,X
L,OG1,1884,AA,1.0,4,2,0.0,R
L,OG1,1885,AA,1.0,4,2,0.0,S
L,OG1,1886,AA,1.0,4,2,0.0,L
L,OG1,1887,AA,1.0,4,2,0.0,K
L,OG1,1888,AA,1.0,4,2,0.0,D
L,OG1,1889,AA,1.0,4,2,0.0,C
L,OG1,1890,AA,1.0,4,2,0.0,N
L,OG1,1891,AA,1.0,4,2,0.0,D
L,OG1,1892,AA,1.0,4,2,0.0,H
L,OG1,1893,AA,1.0,4,2,0.0,S
L,OG1,1894,AA,1.0,4,2,0.0,L
L,OG1,1895,AA,1.0,4,2,0.0,P
L,OG1,1896,AA,1.0,4,2,0.0,I
L,OG1,1897,AA,1.0,4,2,0.0,E
L,OG1,1898,AA,1.0,4,2,0.0,F
L,OG1,1899,AA,1.0,4,2,0.0,L
L,OG1,1900,AA,1.0,4,2,0.0,R
L,OG1,1901,AA,1.0,4,2,0.0,L
L,OG1,1902,AA,1.0,4,2,0.0,X
L,OG1,1903,AA,1.0,4,2,0.0,N
L,OG1,1904,AA,1.0,4,2,0.0,G
L,OG1,1905,AA,1.0,4,2,0.0,H
L,OG1,1906,AA,1.0,4,2,0.0,I
L,OG1,1907,AA,1.0,4,2,0.0,N
L,OG1,1908,AA,-0.0,4,1,100.0,-
L,OG1,1909,AA,-0.0,4,1,100.0,-
L,OG1,1910,AA,1.0,4,2,0.0,I
L,OG1,1911,AA,1.0,4,2,0.0,D
L,OG1,1912,AA,1.0,4,2,0.0,X
L,OG1,1913,AA,1.0,4,2,0.0,G
L,OG1,1914,AA,1.0,4,2,0.0,E
L,OG1,1915,AA,1.0,4,2,0.0,N
L,OG1,1916,AA,1.0,4,2,0.0,L
L,OG1,1917,AA,0.8112781244591328,4,2,0.0,T
L,OG1,1918,AA,0.8112781244591328,4,2,0.0,I
L,OG1,1919,AA,0.8112781244591328,4,2,0.0,P
L,OG1,1920,AA,0.8112781244591328,4,2,0.0,A
L,OG1,1921,AA,0.8112781244591328,4,2,0.0,T
L,OG1,1922,AA,0.8112781244591328,4,2,0.0,D
L,OG1,1923,AA,0.8112781244591328,4,2,0.0,A
L,OG1,1924,AA,0.8112781244591328,4,2,0.0,T
L,OG1,1925,AA,0.8112781244591328,4,2,0.0,N
L,OG1,1926,AA,0.8112781244591328,4,2,0.0,N
L,OG1,1927,AA,0.8112781244591328,4,2,0.0,I
L,OG1,1928,AA,0.8112781244591328,4,2,0.0,H
L,OG1,1929,AA,0.8112781244591328,4,2,0.0,W
L,OG1,1930,AA,0.8112781244591328,4,2,0.0,S
L,OG1,1931,AA,0.8112781244591328,4,2,0.0,Y
L,OG1,1932,AA,0.8112781244591328,4,2,0.0,L
L,OG1,1933,AA,0.8112781244591328,4,2,0.0,H
L,OG1,1934,AA,0.8112781244591328,4,2,0.0,I
L,OG1,1935,AA,0.8112781244591328,4,2,0.0,K
L,OG1,1936,AA,0.8112781244591328,4,2,0.0,F
L,OG1,1937,AA,0.8112781244591328,4,2,0.0,A
L,OG1,1938,AA,0.8112781244591328,4,2,0.0,E
L,OG1,1939,AA,0.8112781244591328,4,2,0.0,P
L,OG1,1940,AA,0.8112781244591328,4,2,0.0,I
L,OG1,1941,AA,0.8112781244591328,4,2,0.0,S
L,OG1,1942,AA,0.8112781244591328,4,2,0.0,L
L,OG1,1943,AA,0.8112781244591328,4,2,0.0,F
L,OG1,1944,AA,0.8112781244591328,4,2,0.0,V
L,OG1,1945,AA,0.8112781244591328,4,2,0.0,C
L,OG1,1946,AA,0.8112781244591328,4,2,0.0,D
L,OG1,1947,AA,0.8112781244591328,4,2,0.0,A
L,OG1,1948,AA,0.8112781244591328,4,2,0.0,E
L,OG1,1949,AA,0.8112781244591328,4,2,0.0,L
L,OG1,1950,AA,0.8112781244591328,4,2,0.0,P
L,OG1,1951,AA,0.8112781244591328,4,2,0.0,V
L,OG1,1952,AA,0.8112781244591328,4,2,0.0,T
L,OG1,1953,AA,1.5,4,3,0.0,V
L,OG1,1954,AA,0.8112781244591328,4,2,0.0,N
L,OG1,1955,AA,0.8112781244591328,4,2,0.0,W
L,OG1,1956,AA,0.8112781244591328,4,2,0.0,S
L,OG1,1957,AA,0.8112781244591328,4,2,0.0,K
L,OG1,1958,AA,0.8112781244591328,4,2,0.0,I
L,OG1,1959,AA,0.8112781244591328,4,2,0.0,I
L,OG1,1960,AA,0.8112781244591328,4,2,0.0,I
L,OG1,1961,AA,0.8112781244591328,4,2,0.0,E
L,OG1,1962,AA,0.8112781244591328,4,2,0.0,W
L,OG1,1963,AA,0.8112781244591328,4,2,0.0,S
L,OG1,1964,AA,0.8112781244591328,4,2,0.0,K
L,OG1,1965,AA,0.8112781244591328,4,2,0.0,H
L,OG1,1966,AA,0.8112781244591328,4,2,0.0,V
L,OG1,1967,AA,0.8112781244591328,4,2,0.0,R
L,OG1,1968,AA,0.8112781244591328,4,2,0.0,K
L,OG1,1969,AA,0.8112781244591328,4,2,0.0,C
L,OG1,1970,AA,0.8112781244591328,4,2,0.0,K
L,OG1,1971,AA,0.8112781244591328,4,2,0.0,Y
L,OG1,1972,AA,0.8112781244591328,4,2,0.0,C
L,OG1,1973,AA,0.8112781244591328,4,2,0.0,S
L,OG1,1974,AA,0.8112781244591328,4,2,0.0,S
L,OG1,1975,AA,0.8112781244591328,4,2,0.0,V
L,OG1,1976,AA,0.8112781244591328,4,2,0.0,N
L,OG1,1977,AA,0.8112781244591328,4,2,0.0,K
L,OG1,1978,AA,0.8112781244591328,4,2,0.0,C
L,OG1,1979,AA,0.8112781244591328,4,2,0.0,T
L,OG1,1980,AA,-0.0,4,1,100.0,-
L,OG1,1981,AA,0.8112781244591328,4,2,0.0,L
L,OG1,1982,AA,0.8112781244591328,4,2,0.0,I
L,OG1,1983,AA,0.8112781244591328,4,2,0.0,V
L,OG1,1984,AA,0.8112781244591328,4,2,0.0,K
L,OG1,1985,AA,0.8112781244591328,4,2,0.0,Y
L,OG1,1986,AA,0.8112781244591328,4,2,0.0,H
L,OG1,1987,AA,0.8112781244591328,4,2,0.0,A
L,OG1,1988,AA,0.8112781244591328,4,2,0.0,Q
L,OG1,1989,AA,0.8112781244591328,4,2,0.0,D
L,OG1,1990,AA,0.8112781244591328,4,2,0.0,D
L,OG1,1991,AA,0.8112781244591328,4,2,0.0,I
L,OG1,1992,AA,0.8112781244591328,4,2,0.0,D
L,OG1,1993,AA,0.8112781244591328,4,2,0.0,F
L,OG1,1994,AA,0.8112781244591328,4,2,0.0,K
L,OG1,1995,AA,0.8112781244591328,4,2,0.0,L
L,OG1,1996,AA,0.8112781244591328,4,2,0.0,D
L,OG1,1997,AA,-0.0,4,1,100.0,-
L,OG1,1998,AA,0.8112781244591328,4,2,0.0,N
L,OG1,1999,AA,0.8112781244591328,4,2,0.0,I
L,OG1,2000,AA,0.8112781244591328,4,2,0.0,T
L,OG1,2001,AA,0.8112781244591328,4,2,0.0,I
L,OG1,2002,AA,0.8112781244591328,4,2,0.0,L
L,OG1,2003,AA,0.8112781244591328,4,2,0.0,K
L,OG1,2004,AA,0.8112781244591328,4,2,0.0,T
L,OG1,2005,AA,0.8112781244591328,4,2,0.0,Y
L,OG1,2006,AA,0.8112781244591328,4,2,0.0,V
L,OG1,2007,AA,0.8112781244591328,4,2,0.0,C
L,OG1,2008,AA,0.8112781244591328,4,2,0.0,L
L,OG1,2009,AA,0.8112781244591328,4,2,0.0,G
L,OG1,2010,AA,0.8112781244591328,4,2,0.0,S
L,OG1,2011,AA,0.8112781244591328,4,2,0.0,K
L,OG1,2012,AA,0.8112781244591328,4,2,0.0,L
L,OG1,2013,AA,0.8112781244591328,4,2,0.0,K
L,OG1,2014,AA,0.8112781244591328,4,2,0.0,G
L,OG1,2015,AA,0.8112781244591328,4,2,0.0,S
L,OG1,2016,AA,0.8112781244591328,4,2,0.0,E
L,OG1,2017,AA,0.8112781244591328,4,2,0.0,V
L,OG1,2018,AA,0.8112781244591328,4,2,0.0,Y
L,OG1,2019,AA,0.8112781244591328,4,2,0.0,L
L,OG1,2020,AA,0.8112781244591328,4,2,0.0,V
L,OG1,2021,AA,0.8112781244591328,4,2,0.0,L
L,OG1,2022,AA,0.8112781244591328,4,2,0.0,T
L,OG1,2023,AA,0.8112781244591328,4,2,0.0,I
L,OG1,2024,AA,0.8112781244591328,4,2,0.0,G
L,OG1,2025,AA,0.8112781244591328,4,2,0.0,P
L,OG1,2026,AA,0.8112781244591328,4,2,0.0,A
L,OG1,2027,AA,0.8112781244591328,4,2,0.0,N
L,OG1,2028,AA,0.8112781244591328,4,2,0.0,V
L,OG1,2029,AA,0.8112781244591328,4,2,0.0,F
L,OG1,2030,AA,0.8112781244591328,4,2,0.0,P
L,OG1,2031,AA,0.8112781244591328,4,2,0.0,V
L,OG1,2032,AA,0.8112781244591328,4,2,0.0,F
L,OG1,2033,AA,0.8112781244591328,4,2,0.0,N
L,OG1,2034,AA,0.8112781244591328,4,2,0.0,V
L,OG1,2035,AA,0.8112781244591328,4,2,0.0,V
L,OG1,2036,AA,0.8112781244591328,4,2,0.0,Q
L,OG1,2037,AA,0.8112781244591328,4,2,0.0,N
L,OG1,2038,AA,0.8112781244591328,4,2,0.0,A
L,OG1,2039,AA,0.8112781244591328,4,2,0.0,K
L,OG1,2040,AA,0.8112781244591328,4,2,0.0,L
L,OG1,2041,AA,0.8112781244591328,4,2,0.0,I
L,OG1,2042,AA,0.8112781244591328,4,2,0.0,L
L,OG1,2043,AA,0.8112781244591328,4,2,0.0,S
L,OG1,2044,AA,0.8112781244591328,4,2,0.0,R
L,OG1,2045,AA,0.8112781244591328,4,2,0.0,T
L,OG1,2046,AA,0.8112781244591328,4,2,0.0,K
L,OG1,2047,AA,0.8112781244591328,4,2,0.0,N
L,OG1,2048,AA,0.8112781244591328,4,2,0.0,F
L,OG1,2049,AA,0.8112781244591328,4,2,0.0,I
L,OG1,2050,AA,0.8112781244591328,4,2,0.0,M
L,OG1,2051,AA,0.8112781244591328,4,2,0.0,P
L,OG1,2052,AA,0.8112781244591328,4,2,0.0,K
L,OG1,2053,AA,0.8112781244591328,4,2,0.0,K
L,OG1,2054,AA,0.8112781244591328,4,2,0.0,A
L,OG1,2055,AA,0.8112781244591328,4,2,0.0,D
L,OG1,2056,AA,0.8112781244591328,4,2,0.0,K
L,OG1,2057,AA,0.8112781244591328,4,2,0.0,E
L,OG1,2058,AA,0.8112781244591328,4,2,0.0,S
L,OG1,2059,AA,0.8112781244591328,4,2,0.0,I
L,OG1,2060,AA,0.8112781244591328,4,2,0.0,D
L,OG1,2061,AA,0.8112781244591328,4,2,0.0,A
L,OG1,2062,AA,0.8112781244591328,4,2,0.0,N
L,OG1,2063,AA,0.8112781244591328,4,2,0.0,I
L,OG1,2064,AA,0.8112781244591328,4,2,0.0,K
L,OG1,2065,AA,0.8112781244591328,4,2,0.0,S
L,OG1,2066,AA,0.8112781244591328,4,2,0.0,L
L,OG1,2067,AA,0.8112781244591328,4,2,0.0,I
L,OG1,2068,AA,0.8112781244591328,4,2,0.0,P
L,OG1,2069,AA,0.8112781244591328,4,2,0.0,F
L,OG1,2070,AA,0.8112781244591328,4,2,0.0,L
L,OG1,2071,AA,0.8112781244591328,4,2,0.0,C
L,OG1,2072,AA,0.8112781244591328,4,2,0.0,Y
L,OG1,2073,AA,0.8112781244591328,4,2,0.0,P
L,OG1,2074,AA,0.8112781244591328,4,2,0.0,I
L,OG1,2075,AA,0.8112781244591328,4,2,0.0,T
L,OG1,2076,AA,0.8112781244591328,4,2,0.0,K
L,OG1,2077,AA,0.8112781244591328,4,2,0.0,K
L,OG1,2078,AA,0.8112781244591328,4,2,0.0,G
L,OG1,2079,AA,0.8112781244591328,4,2,0.0,I
L,OG1,2080,AA,0.8112781244591328,4,2,0.0,N
L,OG1,2081,AA,0.8112781244591328,4,2,0.0,T
L,OG1,2082,AA,0.8112781244591328,4,2,0.0,A
L,OG1,2083,AA,0.8112781244591328,4,2,0.0,L
L,OG1,2084,AA,0.8112781244591328,4,2,0.0,S
L,OG1,2085,AA,0.8112781244591328,4,2,0.0,K
L,OG1,2086,AA,0.8112781244591328,4,2,0.0,L
L,OG1,2087,AA,0.8112781244591328,4,2,0.0,K
L,OG1,2088,AA,0.8112781244591328,4,2,0.0,S
L,OG1,2089,AA,0.8112781244591328,4,2,0.0,V
L,OG1,2090,AA,0.8112781244591328,4,2,0.0,V
L,OG1,2091,AA,0.8112781244591328,4,2,0.0,S
L,OG1,2092,AA,0.8112781244591328,4,2,0.0,G
L,OG1,2093,AA,0.8112781244591328,4,2,0.0,D
L,OG1,2094,AA,0.8112781244591328,4,2,0.0,I
L,OG1,2095,AA,0.8112781244591328,4,2,0.0,L
L,OG1,2096,AA,0.8112781244591328,4,2,0.0,S
L,OG1,2097,AA,0.8112781244591328,4,2,0.0,Y
L,OG1,2098,AA,0.8112781244591328,4,2,0.0,S
L,OG1,2099,AA,0.8112781244591328,4,2,0.0,I
L,OG1,2100,AA,0.8112781244591328,4,2,0.0,A
L,OG1,2101,AA,0.8112781244591328,4,2,0.0,G
L,OG1,2102,AA,0.8112781244591328,4,2,0.0,R
L,OG1,2103,AA,0.8112781244591328,4,2,0.0,N
L,OG1,2104,AA,0.8112781244591328,4,2,0.0,E
L,OG1,2105,AA,0.8112781244591328,4,2,0.0,V
L,OG1,2106,AA,0.8112781244591328,4,2,0.0,F
L,OG1,2107,AA,0.8112781244591328,4,2,0.0,S
L,OG1,2108,AA,0.8112781244591328,4,2,0.0,N
L,OG1,2109,AA,0.8112781244591328,4,2,0.0,K
L,OG1,2110,AA,0.8112781244591328,4,2,0.0,L
L,OG1,2111,AA,0.8112781244591328,4,2,0.0,I
L,OG1,2112,AA,0.8112781244591328,4,2,0.0,N
L,OG1,2113,AA,0.8112781244591328,4,2,0.0,H
L,OG1,2114,AA,0.8112781244591328,4,2,0.0,K
L,OG1,2115,AA,0.8112781244591328,4,2,0.0,H
L,OG1,2116,AA,0.8112781244591328,4,2,0.0,M
L,OG1,2117,AA,0.8112781244591328,4,2,0.0,N
L,OG1,2118,AA,0.8112781244591328,4,2,0.0,I
L,OG1,2119,AA,0.8112781244591328,4,2,0.0,L
L,OG1,2120,AA,0.8112781244591328,4,2,0.0,K
L,OG1,2121,AA,0.8112781244591328,4,2,0.0,W
L,OG1,2122,AA,0.8112781244591328,4,2,0.0,F
L,OG1,2123,AA,0.8112781244591328,4,2,0.0,N
L,OG1,2124,AA,0.8112781244591328,4,2,0.0,H
L,OG1,2125,AA,0.8112781244591328,4,2,0.0,V
L,OG1,2126,AA,0.8112781244591328,4,2,0.0,L
L,OG1,2127,AA,0.8112781244591328,4,2,0.0,N
L,OG1,2128,AA,0.8112781244591328,4,2,0.0,F
L,OG1,2129,AA,0.8112781244591328,4,2,0.0,R
L,OG1,2130,AA,0.8112781244591328,4,2,0.0,S
L,OG1,2131,AA,0.8112781244591328,4,2,0.0,T
L,OG1,2132,AA,0.8112781244591328,4,2,0.0,E
L,OG1,2133,AA,0.8112781244591328,4,2,0.0,L
L,OG1,2134,AA,0.8112781244591328,4,2,0.0,N
L,OG1,2135,AA,0.8112781244591328,4,2,0.0,Y
L,OG1,2136,AA,0.8112781244591328,4,2,0.0,N
L,OG1,2137,AA,0.8112781244591328,4,2,0.0,H
L,OG1,2138,AA,0.8112781244591328,4,2,0.0,L
L,OG1,2139,AA,0.8112781244591328,4,2,0.0,Y
L,OG1,2140,AA,0.8112781244591328,4,2,0.0,M
L,OG1,2141,AA,0.8112781244591328,4,2,0.0,V
L,OG1,2142,AA,0.8112781244591328,4,2,0.0,E
L,OG1,2143,AA,0.8112781244591328,4,2,0.0,S
L,OG1,2144,AA,0.8112781244591328,4,2,0.0,T
L,OG1,2145,AA,0.8112781244591328,4,2,0.0,Y
L,OG1,2146,AA,0.8112781244591328,4,2,0.0,P
L,OG1,2147,AA,0.8112781244591328,4,2,0.0,H
L,OG1,2148,AA,0.8112781244591328,4,2,0.0,L
L,OG1,2149,AA,0.8112781244591328,4,2,0.0,S
L,OG1,2150,AA,0.8112781244591328,4,2,0.0,E
L,OG1,2151,AA,0.8112781244591328,4,2,0.0,L
L,OG1,2152,AA,0.8112781244591328,4,2,0.0,L
L,OG1,2153,AA,0.8112781244591328,4,2,0.0,N
L,OG1,2154,AA,0.8112781244591328,4,2,0.0,S
L,OG1,2155,AA,0.8112781244591328,4,2,0.0,L
L,OG1,2156,AA,0.8112781244591328,4,2,0.0,T
L,OG1,2157,AA,0.8112781244591328,4,2,0.0,T
L,OG1,2158,AA,1.0,4,2,0.0,N
L,OG1,2159,AA,1.0,4,2,0.0,E
L,OG1,2160,AA,1.0,4,2,0.0,L
L,OG1,2161,AA,1.0,4,2,0.0,K
L,OG1,2162,AA,1.0,4,2,0.0,K
L,OG1,2163,AA,1.0,4,2,0.0,L
L,OG1,2164,AA,1.0,4,2,0.0,I
L,OG1,2165,AA,1.0,4,2,0.0,K
L,OG1,2166,AA,1.0,4,2,0.0,I
L,OG1,2167,AA,1.0,4,2,0.0,T
L,OG1,2168,AA,1.0,4,2,0.0,G
L,OG1,2169,AA,1.0,4,2,0.0,S
L,OG1,2170,AA,1.0,4,2,0.0,L
L,OG1,2171,AA,1.0,4,2,0.0,L
L,OG1,2172,AA,1.0,4,2,0.0,X
L,OG1,2173,AA,1.0,4,2,0.0,N
L,OG1,2174,AA,1.0,4,2,0.0,F
L,OG1,2175,AA,1.5,4,3,0.0,X
L,OG1,2176,AA,1.0,4,2,0.0,N
L,OG1,2177,AA,1.0,4,2,0.0,E
L,OG1,2178,AA,-0.0,4,1,100.0,-
M,OG5,1,AA,0.8112781244591328,4,2,75.0,-
M,OG5,2,AA,0.8112781244591328,4,2,75.0,-
M,OG5,3,AA,0.8112781244591328,4,2,75.0,-
M,OG5,4,AA,0.8112781244591328,4,2,75.0,-
M,OG5,5,AA,0.8112781244591328,4,2,75.0,-
M,OG5,6,AA,0.8112781244591328,4,2,75.0,-
M,OG5,7,AA,0.8112781244591328,4,2,75.0,-
M,OG5,8,AA,0.8112781244591328,4,2,75.0,-
M,OG5,9,AA,0.8112781244591328,4,2,75.0,-
M,OG5,10,AA,0.8112781244591328,4,2,75.0,-
M,OG5,11,AA,0.8112781244591328,4,2,75.0,-
M,OG5,12,AA,0.8112781244591328,4,2,75.0,-
M,OG5,13,AA,0.8112781244591328,4,2,75.0,-
M,OG5,14,AA,0.8112781244591328,4,2,75.0,-
M,OG5,15,AA,0.8112781244591328,4,2,75.0,-
M,OG5,16,AA,0.8112781244591328,4,2,75.0,-
M,OG5,17,AA,0.8112781244591328,4,2,75.0,-
M,OG5,18,AA,0.8112781244591328,4,2,75.0,-
M,OG5,19,AA,0.8112781244591328,4,2,75.0,-
M,OG5,20,AA,0.8112781244591328,4,2,75.0,-
M,OG5,21,AA,0.8112781244591328,4,2,75.0,-
M,OG5,22,AA,0.8112781244591328,4,2,75.0,-
M,OG5,23,AA,-0.0,4,1,0.0,M
M,OG5,24,AA,-0.0,4,1,0.0,E
M,OG5,25,AA,-0.0,4,1,0.0,T
M,OG5,26,AA,-0.0,4,1,0.0,Y
M,OG5,27,AA,-0.0,4,1,0.0,V
M,OG5,28,AA,-0.0,4,1,0.0,N
M,OG5,29,AA,-0.0,4,1,0.0,K
M,OG5,30,AA,0.8112781244591328,4,2,0.0,L
M,OG5,31,AA,-0.0,4,1,0.0,H
M,OG5,32,AA,-0.0,4,1,0.0,E
M,OG5,33,AA,-0.0,4,1,0.0,G
M,OG5,34,AA,-0.0,4,1,0.0,S
M,OG5,35,AA,-0.0,4,1,0.0,T
M,OG5,36,AA,-0.0,4,1,0.0,Y
M,OG5,37,AA,-0.0,4,1,0.0,T
M,OG5,38,AA,-0.0,4,1,0.0,A
M,OG5,39,AA,-0.0,4,1,0.0,A
M,OG5,40,AA,-0.0,4,1,0.0,V
M,OG5,41,AA,-0.0,4,1,0.0,Q
M,OG5,42,AA,-0.0,4,1,0.0,Y
M,OG5,43,AA,-0.0,4,1,0.0,N
M,OG5,44,AA,-0.0,4,1,0.0,V
M,OG5,45,AA,-0.0,4,1,0.0,L
M,OG5,46,AA,-0.0,4,1,0.0,E
M,OG5,47,AA,-0.0,4,1,0.0,K
M,OG5,48,AA,-0.0,4,1,0.0,D
M,OG5,49,AA,-0.0,4,1,0.0,D
M,OG5,50,AA,-0.0,4,1,0.0,D
M,OG5,51,AA,-0.0,4,1,0.0,P
M,OG5,52,AA,-0.0,4,1,0.0,A
M,OG5,53,AA,-0.0,4,1,0.0,S
M,OG5,54,AA,-0.0,4,1,0.0,L
M,OG5,55,AA,-0.0,4,1,0.0,T
M,OG5,56,AA,-0.0,4,1,0.0,I
M,OG5,57,AA,-0.0,4,1,0.0,W
M,OG5,58,AA,-0.0,4,1,0.0,V
M,OG5,59,AA,-0.0,4,1,0.0,P
M,OG5,60,AA,-0.0,4,1,0.0,M
M,OG5,61,AA,-0.0,4,1,0.0,F
M,OG5,62,AA,-0.0,4,1,0.0,Q
M,OG5,63,AA,-0.0,4,1,0.0,S
M,OG5,64,AA,-0.0,4,1,0.0,S
M,OG5,65,AA,1.5,4,3,0.0,M
M,OG5,66,AA,-0.0,4,1,0.0,P
M,OG5,67,AA,-0.0,4,1,0.0,A
M,OG5,68,AA,-0.0,4,1,0.0,D
M,OG5,69,AA,-0.0,4,1,0.0,L
M,OG5,70,AA,-0.0,4,1,0.0,L
M,OG5,71,AA,-0.0,4,1,0.0,I
M,OG5,72,AA,-0.0,4,1,0.0,K
M,OG5,73,AA,-0.0,4,1,0.0,E
M,OG5,74,AA,-0.0,4,1,0.0,L
M,OG5,75,AA,-0.0,4,1,0.0,A
M,OG5,76,AA,0.8112781244591328,4,2,0.0,N
M,OG5,77,AA,0.8112781244591328,4,2,0.0,V
M,OG5,78,AA,-0.0,4,1,0.0,N
M,OG5,79,AA,-0.0,4,1,0.0,I
M,OG5,80,AA,-0.0,4,1,0.0,L
M,OG5,81,AA,-0.0,4,1,0.0,V
M,OG5,82,AA,-0.0,4,1,0.0,K
M,OG5,83,AA,-0.0,4,1,0.0,Q
M,OG5,84,AA,-0.0,4,1,0.0,I
M,OG5,85,AA,-0.0,4,1,0.0,S
M,OG5,86,AA,-0.0,4,1,0.0,T
M,OG5,87,AA,-0.0,4,1,0.0,P
M,OG5,88,AA,-0.0,4,1,0.0,K
M,OG5,89,AA,-0.0,4,1,0.0,G
M,OG5,90,AA,-0.0,4,1,0.0,P
M,OG5,91,AA,-0.0,4,1,0.0,S
M,OG5,92,AA,-0.0,4,1,0.0,L
M,OG5,93,AA,-0.0,4,1,0.0,R
M,OG5,94,AA,-0.0,4,1,0.0,V
M,OG5,95,AA,1.5,4,3,0.0,M
M,OG5,96,AA,-0.0,4,1,0.0,I
M,OG5,97,AA,-0.0,4,1,0.0,N
M,OG5,98,AA,-0.0,4,1,0.0,S
M,OG5,99,AA,-0.0,4,1,0.0,R
M,OG5,100,AA,0.8112781244591328,4,2,0.0,S
M,OG5,101,AA,0.8112781244591328,4,2,0.0,A
M,OG5,102,AA,0.8112781244591328,4,2,0.0,V
M,OG5,103,AA,0.8112781244591328,4,2,0.0,L
M,OG5,104,AA,0.8112781244591328,4,2,0.0,A
M,OG5,105,AA,0.8112781244591328,4,2,0.0,Q
M,OG5,106,AA,0.8112781244591328,4,2,0.0,M
M,OG5,107,AA,0.8112781244591328,4,2,0.0,P
M,OG5,108,AA,0.8112781244591328,4,2,0.0,S
M,OG5,109,AA,0.8112781244591328,4,2,0.0,K
M,OG5,110,AA,0.8112781244591328,4,2,0.0,F
M,OG5,111,AA,0.8112781244591328,4,2,0.0,T
M,OG5,112,AA,0.8112781244591328,4,2,0.0,I
M,OG5,113,AA,0.8112781244591328,4,2,0.0,C
M,OG5,114,AA,0.8112781244591328,4,2,0.0,A
M,OG5,115,AA,0.8112781244591328,4,2,0.0,N
M,OG5,116,AA,0.8112781244591328,4,2,0.0,V
M,OG5,117,AA,0.8112781244591328,4,2,0.0,S
M,OG5,118,AA,0.8112781244591328,4,2,0.0,L
M,OG5,119,AA,0.8112781244591328,4,2,0.0,D
M,OG5,120,AA,0.8112781244591328,4,2,0.0,E
M,OG5,121,AA,0.8112781244591328,4,2,0.0,R
M,OG5,122,AA,0.8112781244591328,4,2,0.0,S
M,OG5,123,AA,0.8112781244591328,4,2,0.0,K
M,OG5,124,AA,0.8112781244591328,4,2,0.0,L
M,OG5,125,AA,0.8112781244591328,4,2,0.0,A
M,OG5,126,AA,0.8112781244591328,4,2,0.0,Y
M,OG5,127,AA,0.8112781244591328,4,2,0.0,D
M,OG5,128,AA,0.8112781244591328,4,2,0.0,V
M,OG5,129,AA,0.8112781244591328,4,2,0.0,T
M,OG5,130,AA,0.8112781244591328,4,2,0.0,T
M,OG5,131,AA,0.8112781244591328,4,2,0.0,P
M,OG5,132,AA,0.8112781244591328,4,2,0.0,C
M,OG5,133,AA,0.8112781244591328,4,2,0.0,E
M,OG5,134,AA,0.8112781244591328,4,2,0.0,I
M,OG5,135,AA,0.8112781244591328,4,2,0.0,K
M,OG5,136,AA,0.8112781244591328,4,2,0.0,A
M,OG5,137,AA,0.8112781244591328,4,2,0.0,C
M,OG5,138,AA,0.8112781244591328,4,2,0.0,S
M,OG5,139,AA,0.8112781244591328,4,2,0.0,L
M,OG5,140,AA,0.8112781244591328,4,2,0.0,T
M,OG5,141,AA,0.8112781244591328,4,2,0.0,C
M,OG5,142,AA,0.8112781244591328,4,2,0.0,L
M,OG5,143,AA,0.8112781244591328,4,2,0.0,K
M,OG5,144,AA,0.8112781244591328,4,2,0.0,S
M,OG5,145,AA,0.8112781244591328,4,2,0.0,K
M,OG5,146,AA,0.8112781244591328,4,2,0.0,N
M,OG5,147,AA,0.8112781244591328,4,2,0.0,M
M,OG5,148,AA,0.8112781244591328,4,2,0.0,L
M,OG5,149,AA,0.8112781244591328,4,2,0.0,T
M,OG5,150,AA,0.8112781244591328,4,2,0.0,T
M,OG5,151,AA,0.8112781244591328,4,2,0.0,V
M,OG5,152,AA,0.8112781244591328,4,2,0.0,K
M,OG5,153,AA,0.8112781244591328,4,2,0.0,D
M,OG5,154,AA,0.8112781244591328,4,2,0.0,L
M,OG5,155,AA,0.8112781244591328,4,2,0.0,T
M,OG5,156,AA,0.8112781244591328,4,2,0.0,M
M,OG5,157,AA,0.8112781244591328,4,2,0.0,K
M,OG5,158,AA,0.8112781244591328,4,2,0.0,T
M,OG5,159,AA,0.8112781244591328,4,2,0.0,L
M,OG5,160,AA,0.8112781244591328,4,2,0.0,N
M,OG5,161,AA,0.8112781244591328,4,2,0.0,P
M,OG5,162,AA,0.8112781244591328,4,2,0.0,T
M,OG5,163,AA,0.8112781244591328,4,2,0.0,H
M,OG5,164,AA,0.8112781244591328,4,2,0.0,D
M,OG5,165,AA,0.8112781244591328,4,2,0.0,I
M,OG5,166,AA,0.8112781244591328,4,2,0.0,I
M,OG5,167,AA,0.8112781244591328,4,2,0.0,A
M,OG5,168,AA,0.8112781244591328,4,2,0.0,L
M,OG5,169,AA,0.8112781244591328,4,2,0.0,C
M,OG5,170,AA,0.8112781244591328,4,2,0.0,E
M,OG5,171,AA,0.8112781244591328,4,2,0.0,F
M,OG5,172,AA,0.8112781244591328,4,2,0.0,E
M,OG5,173,AA,0.8112781244591328,4,2,0.0,N
M,OG5,174,AA,0.8112781244591328,4,2,0.0,I
M,OG5,175,AA,0.8112781244591328,4,2,0.0,V
M,OG5,176,AA,0.8112781244591328,4,2,0.0,T
M,OG5,177,AA,0.8112781244591328,4,2,0.0,S
M,OG5,178,AA,0.8112781244591328,4,2,0.0,K
M,OG5,179,AA,0.8112781244591328,4,2,0.0,K
M,OG5,180,AA,0.8112781244591328,4,2,0.0,V
M,OG5,181,AA,0.8112781244591328,4,2,0.0,I
M,OG5,182,AA,0.8112781244591328,4,2,0.0,I
M,OG5,183,AA,0.8112781244591328,4,2,0.0,P
M,OG5,184,AA,0.8112781244591328,4,2,0.0,T
M,OG5,185,AA,0.8112781244591328,4,2,0.0,Y
M,OG5,186,AA,0.8112781244591328,4,2,0.0,L
M,OG5,187,AA,0.8112781244591328,4,2,0.0,R
M,OG5,188,AA,0.8112781244591328,4,2,0.0,S
M,OG5,189,AA,0.8112781244591328,4,2,0.0,I
M,OG5,190,AA,0.8112781244591328,4,2,0.0,S
M,OG5,191,AA,0.8112781244591328,4,2,0.0,V
M,OG5,192,AA,0.8112781244591328,4,2,0.0,R
M,OG5,193,AA,0.8112781244591328,4,2,0.0,N
M,OG5,194,AA,0.8112781244591328,4,2,0.0,K
M,OG5,195,AA,0.8112781244591328,4,2,0.0,D
M,OG5,196,AA,0.8112781244591328,4,2,0.0,L
M,OG5,197,AA,0.8112781244591328,4,2,0.0,N
M,OG5,198,AA,0.8112781244591328,4,2,0.0,T
M,OG5,199,AA,0.8112781244591328,4,2,0.0,L
M,OG5,200,AA,0.8112781244591328,4,2,0.0,E
M,OG5,201,AA,0.8112781244591328,4,2,0.0,N
M,OG5,202,AA,0.8112781244591328,4,2,0.0,I
M,OG5,203,AA,0.8112781244591328,4,2,0.0,T
M,OG5,204,AA,0.8112781244591328,4,2,0.0,T
M,OG5,205,AA,0.8112781244591328,4,2,0.0,T
M,OG5,206,AA,0.8112781244591328,4,2,0.0,E
M,OG5,207,AA,0.8112781244591328,4,2,0.0,F
M,OG5,208,AA,0.8112781244591328,4,2,0.0,K
M,OG5,209,AA,0.8112781244591328,4,2,0.0,N
M,OG5,210,AA,1.0,4,2,0.0,A
M,OG5,211,AA,1.0,4,2,0.0,I
M,OG5,212,AA,1.0,4,2,0.0,T
M,OG5,213,AA,1.0,4,2,0.0,N
M,OG5,214,AA,1.0,4,2,0.0,A
M,OG5,215,AA,1.0,4,2,0.0,K
M,OG5,216,AA,1.0,4,2,0.0,I
M,OG5,217,AA,1.0,4,2,0.0,I
M,OG5,218,AA,1.0,4,2,0.0,P
M,OG5,219,AA,1.0,4,2,0.0,X
M,OG5,220,AA,1.0,4,2,0.0,S
M,OG5,221,AA,1.0,4,2,0.0,G
M,OG5,222,AA,1.0,4,2,0.0,L
M,OG5,223,AA,1.0,4,2,0.0,L
M,OG5,224,AA,1.0,4,2,0.0,L
M,OG5,225,AA,1.0,4,2,0.0,V
M,OG5,226,AA,1.0,4,2,0.0,I
M,OG5,227,AA,1.0,4,2,0.0,T
M,OG5,228,AA,1.0,4,2,0.0,V
M,OG5,229,AA,1.0,4,2,0.0,T
M,OG5,230,AA,1.0,4,2,0.0,D
M,OG5,231,AA,1.0,4,2,0.0,N
M,OG5,232,AA,1.0,4,2,0.0,K
M,OG5,233,AA,1.0,4,2,0.0,G
M,OG5,234,AA,1.0,4,2,0.0,A
M,OG5,235,AA,1.0,4,2,0.0,F
M,OG5,236,AA,1.0,4,2,0.0,K
M,OG5,237,AA,1.0,4,2,0.0,X
M,OG5,238,AA,1.0,4,2,0.0,I
M,OG5,239,AA,1.0,4,2,0.0,K
M,OG5,240,AA,1.0,4,2,0.0,P
M,OG5,241,AA,1.0,4,2,0.0,Q
M,OG5,242,AA,1.0,4,2,0.0,S
M,OG5,243,AA,1.0,4,2,0.0,Q
M,OG5,244,AA,1.0,4,2,0.0,F
M,OG5,245,AA,1.0,4,2,0.0,I
M,OG5,246,AA,1.0,4,2,0.0,V
M,OG5,247,AA,1.0,4,2,0.0,D
M,OG5,248,AA,1.0,4,2,0.0,L
M,OG5,249,AA,1.0,4,2,0.0,G
M,OG5,250,AA,1.0,4,2,0.0,A
M,OG5,251,AA,1.0,4,2,0.0,X
M,OG5,252,AA,1.0,4,2,0.0,L
M,OG5,253,AA,1.0,4,2,0.0,E
M,OG5,254,AA,1.0,4,2,0.0,K
M,OG5,255,AA,1.0,4,2,0.0,E
M,OG5,256,AA,1.0,4,2,0.0,S
M,OG5,257,AA,1.0,4,2,0.0,I
M,OG5,258,AA,1.0,4,2,0.0,X
M,OG5,259,AA,1.0,4,2,0.0,X
M,OG5,260,AA,1.0,4,2,0.0,V
M,OG5,261,AA,1.0,4,2,0.0,T
M,OG5,262,AA,1.0,4,2,0.0,T
M,OG5,263,AA,1.0,4,2,0.0,N
M,OG5,264,AA,1.0,4,2,0.0,W
M,OG5,265,AA,1.0,4,2,0.0,K
M,OG5,266,AA,1.0,4,2,0.0,H
M,OG5,267,AA,1.0,4,2,0.0,T
M,OG5,268,AA,1.0,4,2,0.0,A
M,OG5,269,AA,1.0,4,2,0.0,T
M,OG5,270,AA,1.0,4,2,0.0,R
M,OG5,271,AA,1.0,4,2,0.0,F
M,OG5,272,AA,1.0,4,2,0.0,A
M,OG5,273,AA,1.0,4,2,0.0,I
M,OG5,274,AA,1.0,4,2,0.0,K
M,OG5,275,AA,1.0,4,2,0.0,P
M,OG5,276,AA,1.0,4,2,0.0,M
M,OG5,277,AA,1.0,4,2,0.0,E
M,OG5,278,AA,1.0,4,2,0.0,D
M2-1,OG7,1,AA,0.8112781244591328,4,2,0.0,M
M2-1,OG7,2,AA,0.8112781244591328,4,2,0.0,S
M2-1,OG7,3,AA,0.8112781244591328,4,2,0.0,R
M2-1,OG7,4,AA,0.8112781244591328,4,2,0.0,R
M2-1,OG7,5,AA,1.0,4,2,0.0,N
M2-1,OG7,6,AA,1.0,4,2,0.0,P
M2-1,OG7,7,AA,1.0,4,2,0.0,C
M2-1,OG7,8,AA,1.0,4,2,0.0,K
M2-1,OG7,9,AA,1.5,4,3,0.0,F
M2-1,OG7,10,AA,0.8112781244591328,4,2,0.0,E
M2-1,OG7,11,AA,1.0,4,2,0.0,I
M2-1,OG7,12,AA,1.0,4,2,0.0,R
M2-1,OG7,13,AA,0.8112781244591328,4,2,0.0,G
M2-1,OG7,14,AA,1.0,4,2,0.0,H
M2-1,OG7,15,AA,1.0,4,2,0.0,C
M2-1,OG7,16,AA,0.8112781244591328,4,2,0.0,L
M2-1,OG7,17,AA,0.8112781244591328,4,2,0.0,N
M2-1,OG7,18,AA,0.8112781244591328,4,2,0.0,G
M2-1,OG7,19,AA,1.0,4,2,0.0,K
M2-1,OG7,20,AA,1.0,4,2,0.0,R
M2-1,OG7,21,AA,1.0,4,2,0.0,C
M2-1,OG7,22,AA,1.0,4,2,0.0,H
M2-1,OG7,23,AA,1.0,4,2,0.0,F
M2-1,OG7,24,AA,1.0,4,2,0.0,S
M2-1,OG7,25,AA,1.0,4,2,0.0,H
M2-1,OG7,26,AA,1.0,4,2,0.0,N
M2-1,OG7,27,AA,1.0,4,2,0.0,X
M2-1,OG7,28,AA,0.8112781244591328,4,2,0.0,F
M2-1,OG7,29,AA,0.8112781244591328,4,2,0.0,E
M2-1,OG7,30,AA,0.8112781244591328,4,2,0.0,W
M2-1,OG7,31,AA,0.8112781244591328,4,2,0.0,P
M2-1,OG7,32,AA,0.8112781244591328,4,2,0.0,P
M2-1,OG7,33,AA,0.8112781244591328,4,2,0.0,H
M2-1,OG7,34,AA,0.8112781244591328,4,2,0.0,A
M2-1,OG7,35,AA,1.0,4,2,0.0,L
M2-1,OG7,36,AA,1.0,4,2,0.0,L
M2-1,OG7,37,AA,1.0,4,2,0.0,V
M2-1,OG7,38,AA,1.0,4,2,0.0,R
M2-1,OG7,39,AA,1.0,4,2,0.0,Q
M2-1,OG7,40,AA,0.8112781244591328,4,2,0.0,N
M2-1,OG7,41,AA,1.0,4,2,0.0,F
M2-1,OG7,42,AA,0.8112781244591328,4,2,0.0,M
M2-1,OG7,43,AA,0.8112781244591328,4,2,0.0,L
M2-1,OG7,44,AA,0.8112781244591328,4,2,0.0,N
M2-1,OG7,45,AA,0.8112781244591328,4,2,0.0,R
M2-1,OG7,46,AA,0.8112781244591328,4,2,0.0,I
M2-1,OG7,47,AA,0.8112781244591328,4,2,0.0,L
M2-1,OG7,48,AA,0.8112781244591328,4,2,0.0,K
M2-1,OG7,49,AA,0.8112781244591328,4,2,0.0,S
M2-1,OG7,50,AA,0.8112781244591328,4,2,0.0,M
M2-1,OG7,51,AA,0.8112781244591328,4,2,0.0,D
M2-1,OG7,52,AA,0.8112781244591328,4,2,0.0,K
M2-1,OG7,53,AA,0.8112781244591328,4,2,0.0,S
M2-1,OG7,54,AA,0.8112781244591328,4,2,0.0,I
M2-1,OG7,55,AA,0.8112781244591328,4,2,0.0,D
M2-1,OG7,56,AA,0.8112781244591328,4,2,0.0,T
M2-1,OG7,57,AA,0.8112781244591328,4,2,0.0,L
M2-1,OG7,58,AA,1.0,4,2,0.0,S
M2-1,OG7,59,AA,0.8112781244591328,4,2,0.0,E
M2-1,OG7,60,AA,0.8112781244591328,4,2,0.0,I
M2-1,OG7,61,AA,0.8112781244591328,4,2,0.0,S
M2-1,OG7,62,AA,0.8112781244591328,4,2,0.0,G
M2-1,OG7,63,AA,1.0,4,2,0.0,A
M2-1,OG7,64,AA,1.0,4,2,0.0,A
M2-1,OG7,65,AA,1.0,4,2,0.0,E
M2-1,OG7,66,AA,1.0,4,2,0.0,L
M2-1,OG7,67,AA,1.0,4,2,0.0,D
M2-1,OG7,68,AA,1.0,4,2,0.0,R
M2-1,OG7,69,AA,1.0,4,2,0.0,T
M2-1,OG7,70,AA,1.0,4,2,0.0,E
M2-1,OG7,71,AA,1.0,4,2,0.0,E
M2-1,OG7,72,AA,1.0,4,2,0.0,X
M2-1,OG7,73,AA,1.0,4,2,0.0,A
M2-1,OG7,74,AA,1.0,4,2,0.0,L
M2-1,OG7,75,AA,0.8112781244591328,4,2,0.0,G
M2-1,OG7,76,AA,0.8112781244591328,4,2,0.0,V
M2-1,OG7,77,AA,0.8112781244591328,4,2,0.0,V
M2-1,OG7,78,AA,0.8112781244591328,4,2,0.0,G
M2-1,OG7,79,AA,0.8112781244591328,4,2,0.0,V
M2-1,OG7,80,AA,0.8112781244591328,4,2,0.0,L
M2-1,OG7,81,AA,0.8112781244591328,4,2,0.0,E
M2-1,OG7,82,AA,0.8112781244591328,4,2,0.0,S
M2-1,OG7,83,AA,0.8112781244591328,4,2,0.0,Y
M2-1,OG7,84,AA,0.8112781244591328,4,2,0.0,I
M2-1,OG7,85,AA,0.8112781244591328,4,2,0.0,G
M2-1,OG7,86,AA,0.8112781244591328,4,2,0.0,S
M2-1,OG7,87,AA,0.8112781244591328,4,2,0.0,I
M2-1,OG7,88,AA,0.8112781244591328,4,2,0.0,N
M2-1,OG7,89,AA,0.8112781244591328,4,2,0.0,N
M2-1,OG7,90,AA,0.8112781244591328,4,2,0.0,I
M2-1,OG7,91,AA,0.8112781244591328,4,2,0.0,T
M2-1,OG7,92,AA,0.8112781244591328,4,2,0.0,K
M2-1,OG7,93,AA,0.8112781244591328,4,2,0.0,Q
M2-1,OG7,94,AA,0.8112781244591328,4,2,0.0,S
M2-1,OG7,95,AA,0.8112781244591328,4,2,0.0,A
M2-1,OG7,96,AA,0.8112781244591328,4,2,0.0,C
M2-1,OG7,97,AA,0.8112781244591328,4,2,0.0,V
M2-1,OG7,98,AA,0.8112781244591328,4,2,0.0,A
M2-1,OG7,99,AA,0.8112781244591328,4,2,0.0,M
M2-1,OG7,100,AA,0.8112781244591328,4,2,0.0,S
M2-1,OG7,101,AA,0.8112781244591328,4,2,0.0,K
M2-1,OG7,102,AA,1.0,4,2,0.0,L
M2-1,OG7,103,AA,0.8112781244591328,4,2,0.0,L
M2-1,OG7,104,AA,0.8112781244591328,4,2,0.0,T
M2-1,OG7,105,AA,0.8112781244591328,4,2,0.0,E
M2-1,OG7,106,AA,0.8112781244591328,4,2,0.0,L
M2-1,OG7,107,AA,0.8112781244591328,4,2,0.0,N
M2-1,OG7,108,AA,0.8112781244591328,4,2,0.0,S
M2-1,OG7,109,AA,0.8112781244591328,4,2,0.0,D
M2-1,OG7,110,AA,0.8112781244591328,4,2,0.0,D
M2-1,OG7,111,AA,0.8112781244591328,4,2,0.0,I
M2-1,OG7,112,AA,1.0,4,2,0.0,K
M2-1,OG7,113,AA,0.8112781244591328,4,2,0.0,K
M2-1,OG7,114,AA,0.8112781244591328,4,2,0.0,L
M2-1,OG7,115,AA,0.8112781244591328,4,2,0.0,R
M2-1,OG7,116,AA,0.8112781244591328,4,2,0.0,D
M2-1,OG7,117,AA,0.8112781244591328,4,2,0.0,N
M2-1,OG7,118,AA,0.8112781244591328,4,2,0.0,E
M2-1,OG7,119,AA,0.8112781244591328,4,2,0.0,E
M2-1,OG7,120,AA,0.8112781244591328,4,2,0.0,P
M2-1,OG7,121,AA,0.8112781244591328,4,2,0.0,N
M2-1,OG7,122,AA,0.8112781244591328,4,2,0.0,S
M2-1,OG7,123,AA,0.8112781244591328,4,2,0.0,P
M2-1,OG7,124,AA,0.8112781244591328,4,2,0.0,K
M2-1,OG7,125,AA,0.8112781244591328,4,2,0.0,V
M2-1,OG7,126,AA,0.8112781244591328,4,2,0.0,R
M2-1,OG7,127,AA,0.8112781244591328,4,2,0.0,V
M2-1,OG7,128,AA,0.8112781244591328,4,2,0.0,Y
M2-1,OG7,129,AA,0.8112781244591328,4,2,0.0,N
M2-1,OG7,130,AA,0.8112781244591328,4,2,0.0,T
M2-1,OG7,131,AA,0.8112781244591328,4,2,0.0,V
M2-1,OG7,132,AA,0.8112781244591328,4,2,0.0,I
M2-1,OG7,133,AA,0.8112781244591328,4,2,0.0,S
M2-1,OG7,134,AA,0.8112781244591328,4,2,0.0,Y
M2-1,OG7,135,AA,0.8112781244591328,4,2,0.0,I
M2-1,OG7,136,AA,0.8112781244591328,4,2,0.0,E
M2-1,OG7,137,AA,0.8112781244591328,4,2,0.0,S
M2-1,OG7,138,AA,0.8112781244591328,4,2,0.0,N
M2-1,OG7,139,AA,0.8112781244591328,4,2,0.0,R
M2-1,OG7,140,AA,0.8112781244591328,4,2,0.0,K
M2-1,OG7,141,AA,1.0,4,2,0.0,N
M2-1,OG7,142,AA,1.0,4,2,0.0,N
M2-1,OG7,143,AA,0.8112781244591328,4,2,0.0,K
M2-1,OG7,144,AA,0.8112781244591328,4,2,0.0,Q
M2-1,OG7,145,AA,0.8112781244591328,4,2,0.0,T
M2-1,OG7,146,AA,0.8112781244591328,4,2,0.0,I
M2-1,OG7,147,AA,0.8112781244591328,4,2,0.0,H
M2-1,OG7,148,AA,0.8112781244591328,4,2,0.0,L
M2-1,OG7,149,AA,0.8112781244591328,4,2,0.0,L
M2-1,OG7,150,AA,0.8112781244591328,4,2,0.0,K
M2-1,OG7,151,AA,0.8112781244591328,4,2,0.0,R
M2-1,OG7,152,AA,0.8112781244591328,4,2,0.0,L
M2-1,OG7,153,AA,0.8112781244591328,4,2,0.0,P
M2-1,OG7,154,AA,0.8112781244591328,4,2,0.0,A
M2-1,OG7,155,AA,0.8112781244591328,4,2,0.0,D
M2-1,OG7,156,AA,0.8112781244591328,4,2,0.0,V
M2-1,OG7,157,AA,0.8112781244591328,4,2,0.0,L
M2-1,OG7,158,AA,0.8112781244591328,4,2,0.0,K
M2-1,OG7,159,AA,0.8112781244591328,4,2,0.0,K
M2-1,OG7,160,AA,0.8112781244591328,4,2,0.0,T
M2-1,OG7,161,AA,0.8112781244591328,4,2,0.0,I
M2-1,OG7,162,AA,0.8112781244591328,4,2,0.0,K
M2-1,OG7,163,AA,0.8112781244591328,4,2,0.0,N
M2-1,OG7,164,AA,0.8112781244591328,4,2,0.0,T
M2-1,OG7,165,AA,0.8112781244591328,4,2,0.0,L
M2-1,OG7,166,AA,0.8112781244591328,4,2,0.0,D
M2-1,OG7,167,AA,0.8112781244591328,4,2,0.0,I
M2-1,OG7,168,AA,1.0,4,2,0.0,H
M2-1,OG7,169,AA,0.8112781244591328,4,2,0.0,K
M2-1,OG7,170,AA,0.8112781244591328,4,2,0.0,S
M2-1,OG7,171,AA,0.8112781244591328,4,2,0.0,I
M2-1,OG7,172,AA,0.8112781244591328,4,2,0.0,T
M2-1,OG7,173,AA,0.8112781244591328,4,2,0.0,I
M2-1,OG7,174,AA,0.8112781244591328,4,2,0.0,N
M2-1,OG7,175,AA,0.8112781244591328,4,2,0.0,N
M2-1,OG7,176,AA,-0.0,4,1,0.0,P
M2-1,OG7,177,AA,-0.0,4,1,0.0,K
M2-1,OG7,178,AA,-0.0,4,1,0.0,E
M2-1,OG7,179,AA,-0.0,4,1,0.0,S
M2-1,OG7,180,AA,-0.0,4,1,0.0,T
M2-1,OG7,181,AA,0.8112781244591328,4,2,0.0,V
M2-1,OG7,182,AA,0.8112781244591328,4,2,0.0,S
M2-1,OG7,183,AA,-0.0,4,1,0.0,D
M2-1,OG7,184,AA,-0.0,4,1,0.0,T
M2-1,OG7,185,AA,-0.0,4,1,0.0,N
M2-1,OG7,186,AA,-0.0,4,1,0.0,D
M2-1,OG7,187,AA,-0.0,4,1,0.0,H
M2-1,OG7,188,AA,-0.0,4,1,0.0,A
M2-1,OG7,189,AA,-0.0,4,1,0.0,K
M2-1,OG7,190,AA,-0.0,4,1,0.0,N
M2-1,OG7,191,AA,-0.0,4,1,0.0,N
M2-1,OG7,192,AA,-0.0,4,1,0.0,D
M2-1,OG7,193,AA,-0.0,4,1,0.0,T
M2-1,OG7,194,AA,-0.0,4,1,0.0,T
M2-1,OG7,195,AA,-0.0,4,1,100.0,-
N,OG3,1,AA,0.8112781244591328,4,2,0.0,X
N,OG3,2,AA,0.8112781244591328,4,2,0.0,X
N,OG3,3,AA,0.8112781244591328,4,2,0.0,X
N,OG3,4,AA,0.8112781244591328,4,2,0.0,X
N,OG3,5,AA,0.8112781244591328,4,2,0.0,X
N,OG3,6,AA,0.8112781244591328,4,2,0.0,X
N,OG3,7,AA,0.8112781244591328,4,2,0.0,X
N,OG3,8,AA,0.8112781244591328,4,2,0.0,X
N,OG3,9,AA,0.8112781244591328,4,2,0.0,X
N,OG3,10,AA,0.8112781244591328,4,2,0.0,X
N,OG3,11,AA,1.0,4,2,0.0,T
N,OG3,12,AA,1.0,4,2,0.0,L
N,OG3,13,AA,1.0,4,2,0.0,N
N,OG3,14,AA,1.0,4,2,0.0,K
N,OG3,15,AA,1.0,4,2,0.0,D
N,OG3,16,AA,0.8112781244591328,4,2,0.0,X
N,OG3,17,AA,0.8112781244591328,4,2,0.0,X
N,OG3,18,AA,1.0,4,2,0.0,L
N,OG3,19,AA,1.0,4,2,0.0,S
N,OG3,20,AA,1.0,4,2,0.0,S
N,OG3,21,AA,1.0,4,2,0.0,S
N,OG3,22,AA,0.8112781244591328,4,2,0.0,X
N,OG3,23,AA,0.8112781244591328,4,2,0.0,X
N,OG3,24,AA,0.8112781244591328,4,2,0.0,X
N,OG3,25,AA,1.0,4,2,0.0,I
N,OG3,26,AA,0.8112781244591328,4,2,0.0,X
N,OG3,27,AA,0.8112781244591328,4,2,0.0,X
N,OG3,28,AA,0.8112781244591328,4,2,0.0,X
N,OG3,29,AA,0.8112781244591328,4,2,0.0,X
N,OG3,30,AA,1.0,4,2,0.0,G
N,OG3,31,AA,1.0,4,2,0.0,D
N,OG3,32,AA,1.0,4,2,0.0,S
N,OG3,33,AA,0.8112781244591328,4,2,0.0,X
N,OG3,34,AA,0.8112781244591328,4,2,0.0,X
N,OG3,35,AA,0.8112781244591328,4,2,0.0,X
N,OG3,36,AA,0.8112781244591328,4,2,0.0,X
N,OG3,37,AA,0.8112781244591328,4,2,0.0,X
N,OG3,38,AA,0.8112781244591328,4,2,0.0,X
N,OG3,39,AA,0.8112781244591328,4,2,0.0,X
N,OG3,40,AA,0.8112781244591328,4,2,0.0,X
N,OG3,41,AA,0.8112781244591328,4,2,0.0,X
N,OG3,42,AA,0.8112781244591328,4,2,0.0,X
N,OG3,43,AA,0.8112781244591328,4,2,0.0,X
N,OG3,44,AA,0.8112781244591328,4,2,0.0,X
N,OG3,45,AA,0.8112781244591328,4,2,0.0,X
N,OG3,46,AA,0.8112781244591328,4,2,0.0,X
N,OG3,47,AA,0.8112781244591328,4,2,0.0,X
N,OG3,48,AA,0.8112781244591328,4,2,0.0,X
N,OG3,49,AA,0.8112781244591328,4,2,0.0,X
N,OG3,50,AA,0.8112781244591328,4,2,0.0,X
N,OG3,51,AA,0.8112781244591328,4,2,0.0,X
N,OG3,52,AA,0.8112781244591328,4,2,0.0,X
N,OG3,53,AA,0.8112781244591328,4,2,0.0,X
N,OG3,54,AA,0.8112781244591328,4,2,0.0,X
N,OG3,55,AA,0.8112781244591328,4,2,0.0,X
N,OG3,56,AA,0.8112781244591328,4,2,0.0,X
N,OG3,57,AA,0.8112781244591328,4,2,0.0,X
N,OG3,58,AA,0.8112781244591328,4,2,0.0,X
N,OG3,59,AA,0.8112781244591328,4,2,0.0,X
N,OG3,60,AA,0.8112781244591328,4,2,0.0,X
N,OG3,61,AA,0.8112781244591328,4,2,0.0,X
N,OG3,62,AA,0.8112781244591328,4,2,0.0,X
N,OG3,63,AA,0.8112781244591328,4,2,0.0,X
N,OG3,64,AA,0.8112781244591328,4,2,0.0,X
N,OG3,65,AA,0.8112781244591328,4,2,0.0,X
N,OG3,66,AA,0.8112781244591328,4,2,0.0,X
N,OG3,67,AA,0.8112781244591328,4,2,0.0,X
N,OG3,68,AA,0.8112781244591328,4,2,0.0,X
N,OG3,69,AA,0.8112781244591328,4,2,0.0,X
N,OG3,70,AA,0.8112781244591328,4,2,0.0,X
N,OG3,71,AA,0.8112781244591328,4,2,0.0,X
N,OG3,72,AA,0.8112781244591328,4,2,0.0,X
N,OG3,73,AA,1.0,4,2,0.0,R
N,OG3,74,AA,-0.0,4,1,0.0,L
N,OG3,75,AA,-0.0,4,1,0.0,G
N,OG3,76,AA,-0.0,4,1,0.0,R
N,OG3,77,AA,-0.0,4,1,0.0,E
N,OG3,78,AA,-0.0,4,1,0.0,D
N,OG3,79,AA,-0.0,4,1,0.0,T
N,OG3,80,AA,-0.0,4,1,0.0,I
N,OG3,81,AA,-0.0,4,1,0.0,K
N,OG3,82,AA,-0.0,4,1,0.0,I
N,OG3,83,AA,-0.0,4,1,0.0,L
N,OG3,84,AA,-0.0,4,1,0.0,K
N,OG3,85,AA,-0.0,4,1,0.0,D
N,OG3,86,AA,-0.0,4,1,0.0,A
N,OG3,87,AA,-0.0,4,1,0.0,G
N,OG3,88,AA,-0.0,4,1,0.0,Y
N,OG3,89,AA,-0.0,4,1,0.0,H
N,OG3,90,AA,-0.0,4,1,0.0,V
N,OG3,91,AA,-0.0,4,1,0.0,K
N,OG3,92,AA,-0.0,4,1,0.0,A
N,OG3,93,AA,-0.0,4,1,0.0,N
N,OG3,94,AA,-0.0,4,1,0.0,G
N,OG3,95,AA,-0.0,4,1,0.0,V
N,OG3,96,AA,-0.0,4,1,0.0,D
N,OG3,97,AA,0.8112781244591328,4,2,0.0,V
N,OG3,98,AA,-0.0,4,1,0.0,T
N,OG3,99,AA,-0.0,4,1,0.0,T
N,OG3,100,AA,0.8112781244591328,4,2,0.0,H
N,OG3,101,AA,-0.0,4,1,0.0,R
N,OG3,102,AA,-0.0,4,1,0.0,Q
N,OG3,103,AA,-0.0,4,1,0.0,D
N,OG3,104,AA,-0.0,4,1,0.0,I
N,OG3,105,AA,-0.0,4,1,0.0,N
N,OG3,106,AA,-0.0,4,1,0.0,G
N,OG3,107,AA,-0.0,4,1,0.0,K
N,OG3,108,AA,-0.0,4,1,0.0,E
N,OG3,109,AA,-0.0,4,1,0.0,M
N,OG3,110,AA,-0.0,4,1,0.0,K
N,OG3,111,AA,-0.0,4,1,0.0,F
N,OG3,112,AA,-0.0,4,1,0.0,E
N,OG3,113,AA,-0.0,4,1,0.0,V
N,OG3,114,AA,-0.0,4,1,0.0,L
N,OG3,115,AA,-0.0,4,1,0.0,T
N,OG3,116,AA,-0.0,4,1,0.0,L
N,OG3,117,AA,0.8112781244591328,4,2,0.0,A
N,OG3,118,AA,-0.0,4,1,0.0,S
N,OG3,119,AA,-0.0,4,1,0.0,L
N,OG3,120,AA,-0.0,4,1,0.0,T
N,OG3,121,AA,0.8112781244591328,4,2,0.0,T
N,OG3,122,AA,-0.0,4,1,0.0,E
N,OG3,123,AA,-0.0,4,1,0.0,I
N,OG3,124,AA,-0.0,4,1,0.0,Q
N,OG3,125,AA,0.8112781244591328,4,2,0.0,I
N,OG3,126,AA,-0.0,4,1,0.0,N
N,OG3,127,AA,-0.0,4,1,0.0,I
N,OG3,128,AA,-0.0,4,1,0.0,E
N,OG3,129,AA,-0.0,4,1,0.0,I
N,OG3,130,AA,-0.0,4,1,0.0,E
N,OG3,131,AA,-0.0,4,1,0.0,S
N,OG3,132,AA,-0.0,4,1,0.0,R
N,OG3,133,AA,-0.0,4,1,0.0,K
N,OG3,134,AA,-0.0,4,1,0.0,S
N,OG3,135,AA,-0.0,4,1,0.0,Y
N,OG3,136,AA,-0.0,4,1,0.0,K
N,OG3,137,AA,-0.0,4,1,0.0,K
N,OG3,138,AA,-0.0,4,1,0.0,M
N,OG3,139,AA,-0.0,4,1,0.0,L
N,OG3,140,AA,-0.0,4,1,0.0,K
N,OG3,141,AA,-0.0,4,1,0.0,E
N,OG3,142,AA,-0.0,4,1,100.0,-
N,OG3,143,AA,-0.0,4,1,0.0,M
N,OG3,144,AA,-0.0,4,1,0.0,G
N,OG3,145,AA,-0.0,4,1,0.0,E
N,OG3,146,AA,-0.0,4,1,0.0,V
N,OG3,147,AA,-0.0,4,1,0.0,A
N,OG3,148,AA,-0.0,4,1,0.0,P
N,OG3,149,AA,-0.0,4,1,0.0,E
N,OG3,150,AA,-0.0,4,1,0.0,Y
N,OG3,151,AA,-0.0,4,1,0.0,R
N,OG3,152,AA,-0.0,4,1,0.0,H
N,OG3,153,AA,-0.0,4,1,0.0,D
N,OG3,154,AA,-0.0,4,1,0.0,S
N,OG3,155,AA,-0.0,4,1,0.0,P
N,OG3,156,AA,-0.0,4,1,0.0,D
N,OG3,157,AA,-0.0,4,1,0.0,C
N,OG3,158,AA,-0.0,4,1,0.0,G
N,OG3,159,AA,-0.0,4,1,0.0,M
N,OG3,160,AA,-0.0,4,1,0.0,I
N,OG3,161,AA,-0.0,4,1,0.0,I
N,OG3,162,AA,-0.0,4,1,0.0,L
N,OG3,163,AA,-0.0,4,1,0.0,C
N,OG3,164,AA,-0.0,4,1,0.0,I
N,OG3,165,AA,-0.0,4,1,0.0,A
N,OG3,166,AA,-0.0,4,1,0.0,A
N,OG3,167,AA,-0.0,4,1,0.0,L
N,OG3,168,AA,-0.0,4,1,0.0,V
N,OG3,169,AA,-0.0,4,1,0.0,I
N,OG3,170,AA,-0.0,4,1,0.0,T
N,OG3,171,AA,-0.0,4,1,0.0,K
N,OG3,172,AA,-0.0,4,1,0.0,L
N,OG3,173,AA,-0.0,4,1,0.0,A
N,OG3,174,AA,-0.0,4,1,0.0,A
N,OG3,175,AA,-0.0,4,1,0.0,G
N,OG3,176,AA,-0.0,4,1,0.0,D
N,OG3,177,AA,-0.0,4,1,0.0,R
N,OG3,178,AA,-0.0,4,1,0.0,S
N,OG3,179,AA,-0.0,4,1,0.0,G
N,OG3,180,AA,-0.0,4,1,0.0,L
N,OG3,181,AA,-0.0,4,1,0.0,T
N,OG3,182,AA,-0.0,4,1,0.0,A
N,OG3,183,AA,-0.0,4,1,0.0,V
N,OG3,184,AA,-0.0,4,1,0.0,I
N,OG3,185,AA,-0.0,4,1,0.0,R
N,OG3,186,AA,-0.0,4,1,0.0,R
N,OG3,187,AA,-0.0,4,1,0.0,A
N,OG3,188,AA,-0.0,4,1,0.0,N
N,OG3,189,AA,-0.0,4,1,0.0,N
N,OG3,190,AA,-0.0,4,1,0.0,V
N,OG3,191,AA,-0.0,4,1,0.0,L
N,OG3,192,AA,-0.0,4,1,0.0,K
N,OG3,193,AA,-0.0,4,1,0.0,N
N,OG3,194,AA,-0.0,4,1,0.0,E
N,OG3,195,AA,0.8112781244591328,4,2,0.0,M
N,OG3,196,AA,-0.0,4,1,0.0,K
N,OG3,197,AA,-0.0,4,1,0.0,R
N,OG3,198,AA,-0.0,4,1,0.0,Y
N,OG3,199,AA,-0.0,4,1,0.0,K
N,OG3,200,AA,-0.0,4,1,0.0,G
N,OG3,201,AA,-0.0,4,1,0.0,L
N,OG3,202,AA,0.8112781244591328,4,2,0.0,L
N,OG3,203,AA,-0.0,4,1,0.0,P
N,OG3,204,AA,-0.0,4,1,0.0,K
N,OG3,205,AA,-0.0,4,1,0.0,D
N,OG3,206,AA,-0.0,4,1,0.0,I
N,OG3,207,AA,-0.0,4,1,0.0,A
N,OG3,208,AA,-0.0,4,1,0.0,N
N,OG3,209,AA,-0.0,4,1,0.0,S
N,OG3,210,AA,-0.0,4,1,0.0,F
N,OG3,211,AA,-0.0,4,1,0.0,Y
N,OG3,212,AA,-0.0,4,1,0.0,E
N,OG3,213,AA,-0.0,4,1,0.0,V
N,OG3,214,AA,-0.0,4,1,0.0,F
N,OG3,215,AA,-0.0,4,1,0.0,E
N,OG3,216,AA,-0.0,4,1,0.0,K
N,OG3,217,AA,-0.0,4,1,0.0,Y
N,OG3,218,AA,-0.0,4,1,0.0,P
N,OG3,219,AA,-0.0,4,1,0.0,H
N,OG3,220,AA,0.8112781244591328,4,2,0.0,F
N,OG3,221,AA,-0.0,4,1,0.0,I
N,OG3,222,AA,-0.0,4,1,0.0,D
N,OG3,223,AA,-0.0,4,1,0.0,V
N,OG3,224,AA,-0.0,4,1,0.0,F
N,OG3,225,AA,-0.0,4,1,0.0,V
N,OG3,226,AA,-0.0,4,1,0.0,H
N,OG3,227,AA,-0.0,4,1,0.0,F
N,OG3,228,AA,-0.0,4,1,0.0,G
N,OG3,229,AA,-0.0,4,1,0.0,I
N,OG3,230,AA,-0.0,4,1,0.0,A
N,OG3,231,AA,-0.0,4,1,0.0,Q
N,OG3,232,AA,-0.0,4,1,0.0,S
N,OG3,233,AA,-0.0,4,1,0.0,S
N,OG3,234,AA,-0.0,4,1,0.0,T
N,OG3,235,AA,-0.0,4,1,0.0,R
N,OG3,236,AA,-0.0,4,1,0.0,G
N,OG3,237,AA,-0.0,4,1,0.0,G
N,OG3,238,AA,-0.0,4,1,0.0,S
N,OG3,239,AA,-0.0,4,1,0.0,R
N,OG3,240,AA,-0.0,4,1,0.0,V
N,OG3,241,AA,-0.0,4,1,0.0,E
N,OG3,242,AA,-0.0,4,1,0.0,G
N,OG3,243,AA,-0.0,4,1,0.0,I
N,OG3,244,AA,-0.0,4,1,0.0,F
N,OG3,245,AA,-0.0,4,1,0.0,A
N,OG3,246,AA,-0.0,4,1,0.0,G
N,OG3,247,AA,-0.0,4,1,0.0,L
N,OG3,248,AA,-0.0,4,1,0.0,F
N,OG3,249,AA,-0.0,4,1,0.0,M
N,OG3,250,AA,-0.0,4,1,0.0,N
N,OG3,251,AA,-0.0,4,1,0.0,A
N,OG3,252,AA,-0.0,4,1,0.0,Y
N,OG3,253,AA,-0.0,4,1,0.0,G
N,OG3,254,AA,0.8112781244591328,4,2,0.0,A
N,OG3,255,AA,-0.0,4,1,0.0,G
N,OG3,256,AA,-0.0,4,1,0.0,Q
N,OG3,257,AA,-0.0,4,1,0.0,V
N,OG3,258,AA,-0.0,4,1,0.0,M
N,OG3,259,AA,-0.0,4,1,0.0,L
N,OG3,260,AA,-0.0,4,1,0.0,R
N,OG3,261,AA,-0.0,4,1,0.0,W
N,OG3,262,AA,-0.0,4,1,0.0,G
N,OG3,263,AA,-0.0,4,1,0.0,V
N,OG3,264,AA,-0.0,4,1,0.0,L
N,OG3,265,AA,-0.0,4,1,0.0,A
N,OG3,266,AA,-0.0,4,1,0.0,K
N,OG3,267,AA,-0.0,4,1,0.0,S
N,OG3,268,AA,-0.0,4,1,0.0,V
N,OG3,269,AA,-0.0,4,1,0.0,K
N,OG3,270,AA,-0.0,4,1,0.0,N
N,OG3,271,AA,-0.0,4,1,0.0,I
N,OG3,272,AA,-0.0,4,1,0.0,M
N,OG3,273,AA,-0.0,4,1,0.0,L
N,OG3,274,AA,-0.0,4,1,0.0,G
N,OG3,275,AA,-0.0,4,1,0.0,H
N,OG3,276,AA,-0.0,4,1,0.0,A
N,OG3,277,AA,-0.0,4,1,0.0,S
N,OG3,278,AA,-0.0,4,1,0.0,V
N,OG3,279,AA,-0.0,4,1,0.0,Q
N,OG3,280,AA,-0.0,4,1,0.0,A
N,OG3,281,AA,-0.0,4,1,0.0,E
N,OG3,282,AA,-0.0,4,1,0.0,M
N,OG3,283,AA,-0.0,4,1,0.0,E
N,OG3,284,AA,-0.0,4,1,0.0,Q
N,OG3,285,AA,-0.0,4,1,0.0,V
N,OG3,286,AA,-0.0,4,1,0.0,V
N,OG3,287,AA,-0.0,4,1,0.0,E
N,OG3,288,AA,-0.0,4,1,0.0,V
N,OG3,289,AA,-0.0,4,1,0.0,Y
N,OG3,290,AA,-0.0,4,1,0.0,E
N,OG3,291,AA,-0.0,4,1,0.0,Y
N,OG3,292,AA,-0.0,4,1,0.0,A
N,OG3,293,AA,-0.0,4,1,0.0,Q
N,OG3,294,AA,-0.0,4,1,0.0,K
N,OG3,295,AA,-0.0,4,1,0.0,L
N,OG3,296,AA,-0.0,4,1,0.0,G
N,OG3,297,AA,-0.0,4,1,0.0,G
N,OG3,298,AA,-0.0,4,1,0.0,E
N,OG3,299,AA,-0.0,4,1,0.0,A
N,OG3,300,AA,-0.0,4,1,0.0,G
N,OG3,301,AA,-0.0,4,1,0.0,F
N,OG3,302,AA,-0.0,4,1,0.0,Y
N,OG3,303,AA,-0.0,4,1,0.0,H
N,OG3,304,AA,-0.0,4,1,0.0,I
N,OG3,305,AA,-0.0,4,1,0.0,L
N,OG3,306,AA,-0.0,4,1,0.0,N
N,OG3,307,AA,-0.0,4,1,0.0,N
N,OG3,308,AA,-0.0,4,1,0.0,P
N,OG3,309,AA,-0.0,4,1,0.0,K
N,OG3,310,AA,-0.0,4,1,0.0,A
N,OG3,311,AA,-0.0,4,1,0.0,S
N,OG3,312,AA,-0.0,4,1,0.0,L
N,OG3,313,AA,-0.0,4,1,0.0,L
N,OG3,314,AA,-0.0,4,1,0.0,S
N,OG3,315,AA,-0.0,4,1,0.0,L
N,OG3,316,AA,-0.0,4,1,0.0,T
N,OG3,317,AA,-0.0,4,1,0.0,Q
N,OG3,318,AA,-0.0,4,1,0.0,F
N,OG3,319,AA,-0.0,4,1,0.0,P
N,OG3,320,AA,0.8112781244591328,4,2,0.0,H
N,OG3,321,AA,-0.0,4,1,0.0,F
N,OG3,322,AA,-0.0,4,1,0.0,S
N,OG3,323,AA,-0.0,4,1,0.0,S
N,OG3,324,AA,-0.0,4,1,0.0,V
N,OG3,325,AA,-0.0,4,1,0.0,V
N,OG3,326,AA,-0.0,4,1,0.0,L
N,OG3,327,AA,-0.0,4,1,0.0,G
N,OG3,328,AA,-0.0,4,1,0.0,N
N,OG3,329,AA,-0.0,4,1,0.0,A
N,OG3,330,AA,-0.0,4,1,0.0,A
N,OG3,331,AA,-0.0,4,1,0.0,G
N,OG3,332,AA,-0.0,4,1,0.0,L
N,OG3,333,AA,-0.0,4,1,0.0,G
N,OG3,334,AA,-0.0,4,1,0.0,I
N,OG3,335,AA,-0.0,4,1,0.0,M
N,OG3,336,AA,-0.0,4,1,0.0,G
N,OG3,337,AA,-0.0,4,1,0.0,E
N,OG3,338,AA,-0.0,4,1,0.0,Y
N,OG3,339,AA,-0.0,4,1,0.0,R
N,OG3,340,AA,-0.0,4,1,0.0,G
N,OG3,341,AA,-0.0,4,1,0.0,T
N,OG3,342,AA,-0.0,4,1,0.0,P
N,OG3,343,AA,-0.0,4,1,0.0,R
N,OG3,344,AA,-0.0,4,1,0.0,N
N,OG3,345,AA,-0.0,4,1,0.0,Q
N,OG3,346,AA,-0.0,4,1,0.0,D
N,OG3,347,AA,-0.0,4,1,0.0,L
N,OG3,348,AA,-0.0,4,1,0.0,Y
N,OG3,349,AA,-0.0,4,1,0.0,D
N,OG3,350,AA,-0.0,4,1,0.0,A
N,OG3,351,AA,-0.0,4,1,0.0,A
N,OG3,352,AA,-0.0,4,1,0.0,K
N,OG3,353,AA,-0.0,4,1,0.0,A
N,OG3,354,AA,-0.0,4,1,0.0,Y
N,OG3,355,AA,-0.0,4,1,0.0,A
N,OG3,356,AA,-0.0,4,1,0.0,E
N,OG3,357,AA,-0.0,4,1,0.0,Q
N,OG3,358,AA,-0.0,4,1,0.0,L
N,OG3,359,AA,-0.0,4,1,0.0,K
N,OG3,360,AA,-0.0,4,1,0.0,E
N,OG3,361,AA,-0.0,4,1,0.0,N
N,OG3,362,AA,-0.0,4,1,0.0,G
N,OG3,363,AA,-0.0,4,1,0.0,V
N,OG3,364,AA,-0.0,4,1,0.0,I
N,OG3,365,AA,-0.0,4,1,0.0,N
N,OG3,366,AA,-0.0,4,1,0.0,Y
N,OG3,367,AA,-0.0,4,1,0.0,S
N,OG3,368,AA,-0.0,4,1,0.0,V
N,OG3,369,AA,-0.0,4,1,0.0,L
N,OG3,370,AA,-0.0,4,1,0.0,D
N,OG3,371,AA,-0.0,4,1,0.0,L
N,OG3,372,AA,-0.0,4,1,0.0,T
N,OG3,373,AA,0.8112781244591328,4,2,0.0,A
N,OG3,374,AA,-0.0,4,1,0.0,E
N,OG3,375,AA,-0.0,4,1,0.0,E
N,OG3,376,AA,-0.0,4,1,0.0,L
N,OG3,377,AA,-0.0,4,1,0.0,E
N,OG3,378,AA,-0.0,4,1,0.0,A
N,OG3,379,AA,-0.0,4,1,0.0,I
N,OG3,380,AA,-0.0,4,1,0.0,K
N,OG3,381,AA,-0.0,4,1,0.0,H
N,OG3,382,AA,-0.0,4,1,0.0,Q
N,OG3,383,AA,-0.0,4,1,0.0,L
N,OG3,384,AA,-0.0,4,1,0.0,N
N,OG3,385,AA,-0.0,4,1,0.0,P
N,OG3,386,AA,-0.0,4,1,0.0,K
N,OG3,387,AA,0.8112781244591328,4,2,0.0,D
N,OG3,388,AA,-0.0,4,1,100.0,-
N,OG3,389,AA,-0.0,4,1,100.0,-
N,OG3,390,AA,-0.0,4,1,100.0,-
N,OG3,391,AA,0.8112781244591328,4,2,0.0,N
N,OG3,392,AA,-0.0,4,1,0.0,D
N,OG3,393,AA,0.8112781244591328,4,2,0.0,V
N,OG3,394,AA,-0.0,4,1,0.0,E
N,OG3,395,AA,-0.0,4,1,0.0,L
NS2,OG9,1,AA,0.8112781244591328,4,2,0.0,M
NS2,OG9,2,AA,0.8112781244591328,4,2,0.0,D
NS2,OG9,3,AA,0.8112781244591328,4,2,0.0,T
NS2,OG9,4,AA,0.8112781244591328,4,2,0.0,T
NS2,OG9,5,AA,0.8112781244591328,4,2,0.0,H
NS2,OG9,6,AA,0.8112781244591328,4,2,0.0,N
NS2,OG9,7,AA,0.8112781244591328,4,2,0.0,D
NS2,OG9,8,AA,0.8112781244591328,4,2,0.0,T
NS2,OG9,9,AA,0.8112781244591328,4,2,0.0,T
NS2,OG9,10,AA,0.8112781244591328,4,2,0.0,P
NS2,OG9,11,AA,0.8112781244591328,4,2,0.0,Q
NS2,OG9,12,AA,0.8112781244591328,4,2,0.0,R
NS2,OG9,13,AA,0.8112781244591328,4,2,0.0,L
NS2,OG9,14,AA,0.8112781244591328,4,2,0.0,M
NS2,OG9,15,AA,0.8112781244591328,4,2,0.0,I
NS2,OG9,16,AA,0.8112781244591328,4,2,0.0,T
NS2,OG9,17,AA,0.8112781244591328,4,2,0.0,D
NS2,OG9,18,AA,0.8112781244591328,4,2,0.0,M
NS2,OG9,19,AA,0.8112781244591328,4,2,0.0,R
NS2,OG9,20,AA,0.8112781244591328,4,2,0.0,P
NS2,OG9,21,AA,0.8112781244591328,4,2,0.0,L
NS2,OG9,22,AA,0.8112781244591328,4,2,0.0,S
NS2,OG9,23,AA,0.8112781244591328,4,2,0.0,L
NS2,OG9,24,AA,0.8112781244591328,4,2,0.0,E
NS2,OG9,25,AA,0.8112781244591328,4,2,0.0,T
NS2,OG9,26,AA,0.8112781244591328,4,2,0.0,I
NS2,OG9,27,AA,0.8112781244591328,4,2,0.0,I
NS2,OG9,28,AA,0.8112781244591328,4,2,0.0,T
NS2,OG9,29,AA,0.8112781244591328,4,2,0.0,S
NS2,OG9,30,AA,0.8112781244591328,4,2,0.0,L
NS2,OG9,31,AA,0.8112781244591328,4,2,0.0,T
NS2,OG9,32,AA,0.8112781244591328,4,2,0.0,R
NS2,OG9,33,AA,0.8112781244591328,4,2,0.0,D
NS2,OG9,34,AA,0.8112781244591328,4,2,0.0,I
NS2,OG9,35,AA,0.8112781244591328,4,2,0.0,I
NS2,OG9,36,AA,0.8112781244591328,4,2,0.0,T
NS2,OG9,37,AA,0.8112781244591328,4,2,0.0,H
NS2,OG9,38,AA,0.8112781244591328,4,2,0.0,K
NS2,OG9,39,AA,0.8112781244591328,4,2,0.0,F
NS2,OG9,40,AA,0.8112781244591328,4,2,0.0,I
NS2,OG9,41,AA,0.8112781244591328,4,2,0.0,Y
NS2,OG9,42,AA,0.8112781244591328,4,2,0.0,L
NS2,OG9,43,AA,0.8112781244591328,4,2,0.0,I
NS2,OG9,44,AA,0.8112781244591328,4,2,0.0,N
NS2,OG9,45,AA,0.8112781244591328,4,2,0.0,H
NS2,OG9,46,AA,0.8112781244591328,4,2,0.0,E
NS2,OG9,47,AA,0.8112781244591328,4,2,0.0,C
NS2,OG9,48,AA,0.8112781244591328,4,2,0.0,I
NS2,OG9,49,AA,0.8112781244591328,4,2,0.0,V
NS2,OG9,50,AA,0.8112781244591328,4,2,0.0,R
NS2,OG9,51,AA,0.8112781244591328,4,2,0.0,K
NS2,OG9,52,AA,0.8112781244591328,4,2,0.0,L
NS2,OG9,53,AA,0.8112781244591328,4,2,0.0,D
NS2,OG9,54,AA,0.8112781244591328,4,2,0.0,E
NS2,OG9,55,AA,0.8112781244591328,4,2,0.0,R
NS2,OG9,56,AA,0.8112781244591328,4,2,0.0,Q
NS2,OG9,57,AA,0.8112781244591328,4,2,0.0,A
NS2,OG9,58,AA,0.8112781244591328,4,2,0.0,T
NS2,OG9,59,AA,0.8112781244591328,4,2,0.0,F
NS2,OG9,60,AA,0.8112781244591328,4,2,0.0,T
NS2,OG9,61,AA,0.8112781244591328,4,2,0.0,F
NS2,OG9,62,AA,0.8112781244591328,4,2,0.0,L
NS2,OG9,63,AA,0.8112781244591328,4,2,0.0,V
NS2,OG9,64,AA,0.8112781244591328,4,2,0.0,N
NS2,OG9,65,AA,0.8112781244591328,4,2,0.0,Y
NS2,OG9,66,AA,0.8112781244591328,4,2,0.0,E
NS2,OG9,67,AA,-0.0,4,1,0.0,M
NS2,OG9,68,AA,-0.0,4,1,0.0,K
NS2,OG9,69,AA,-0.0,4,1,0.0,L
NS2,OG9,70,AA,-0.0,4,1,0.0,L
NS2,OG9,71,AA,-0.0,4,1,0.0,H
NS2,OG9,72,AA,0.8112781244591328,4,2,0.0,K
NS2,OG9,73,AA,0.8112781244591328,4,2,0.0,V
NS2,OG9,74,AA,0.8112781244591328,4,2,0.0,G
NS2,OG9,75,AA,-0.0,4,1,0.0,S
NS2,OG9,76,AA,-0.0,4,1,0.0,T
NS2,OG9,77,AA,-0.0,4,1,0.0,K
NS2,OG9,78,AA,-0.0,4,1,0.0,Y
NS2,OG9,79,AA,0.8112781244591328,4,2,0.0,K
NS2,OG9,80,AA,-0.0,4,1,0.0,K
NS2,OG9,81,AA,-0.0,4,1,0.0,Y
NS2,OG9,82,AA,-0.0,4,1,0.0,T
NS2,OG9,83,AA,0.8112781244591328,4,2,0.0,E
NS2,OG9,84,AA,0.8112781244591328,4,2,0.0,Y
NS2,OG9,85,AA,-0.0,4,1,0.0,N
NS2,OG9,86,AA,0.8112781244591328,4,2,0.0,T
NS2,OG9,87,AA,0.8112781244591328,4,2,0.0,K
NS2,OG9,88,AA,1.0,4,2,0.0,X
NS2,OG9,89,AA,1.0,4,2,0.0,G
NS2,OG9,90,AA,1.0,4,2,0.0,T
NS2,OG9,91,AA,0.8112781244591328,4,2,0.0,F
NS2,OG9,92,AA,0.8112781244591328,4,2,0.0,P
NS2,OG9,93,AA,0.8112781244591328,4,2,0.0,M
NS2,OG9,94,AA,0.8112781244591328,4,2,0.0,P
NS2,OG9,95,AA,0.8112781244591328,4,2,0.0,I
NS2,OG9,96,AA,0.8112781244591328,4,2,0.0,F
NS2,OG9,97,AA,0.8112781244591328,4,2,0.0,I
NS2,OG9,98,AA,0.8112781244591328,4,2,0.0,N
NS2,OG9,99,AA,0.8112781244591328,4,2,0.0,H
NS2,OG9,100,AA,1.5,4,3,0.0,D
NS2,OG9,101,AA,0.8112781244591328,4,2,0.0,G
NS2,OG9,102,AA,0.8112781244591328,4,2,0.0,F
NS2,OG9,103,AA,0.8112781244591328,4,2,0.0,L
NS2,OG9,104,AA,0.8112781244591328,4,2,0.0,E
NS2,OG9,105,AA,0.8112781244591328,4,2,0.0,C
NS2,OG9,106,AA,0.8112781244591328,4,2,0.0,I
NS2,OG9,107,AA,0.8112781244591328,4,2,0.0,G
NS2,OG9,108,AA,0.8112781244591328,4,2,0.0,I
NS2,OG9,109,AA,0.8112781244591328,4,2,0.0,K
NS2,OG9,110,AA,0.8112781244591328,4,2,0.0,P
NS2,OG9,111,AA,0.8112781244591328,4,2,0.0,T
NS2,OG9,112,AA,0.8112781244591328,4,2,0.0,K
NS2,OG9,113,AA,0.8112781244591328,4,2,0.0,H
NS2,OG9,114,AA,0.8112781244591328,4,2,0.0,T
NS2,OG9,115,AA,0.8112781244591328,4,2,0.0,P
NS2,OG9,116,AA,0.8112781244591328,4,2,0.0,I
NS2,OG9,117,AA,0.8112781244591328,4,2,0.0,I
NS2,OG9,118,AA,1.0,4,2,0.0,X
NS2,OG9,119,AA,1.0,4,2,0.0,K
NS2,OG9,120,AA,1.0,4,2,0.0,X
NS2,OG9,121,AA,0.8112781244591328,4,2,0.0,D
NS2,OG9,122,AA,0.8112781244591328,4,2,0.0,L
NS2,OG9,123,AA,0.8112781244591328,4,2,0.0,N
NS2,OG9,124,AA,0.8112781244591328,4,2,0.0,P
