label,position,character,og,gene,seq_type
hRSV_SRR24833886,1,X,OG1,L,AA
hRSV_SRR24833886,2,X,OG1,L,AA
hRSV_SRR24833886,3,X,OG1,L,AA
hRSV_SRR24833886,4,X,OG1,L,AA
hRSV_SRR24833886,5,I,OG1,L,AA
hRSV_SRR24833886,6,N,OG1,L,AA
hRSV_SRR24833886,7,G,OG1,L,AA
hRSV_SRR24833886,8,S,OG1,L,AA
hRSV_SRR24833886,9,S,OG1,L,AA
hRSV_SRR24833886,10,X,OG1,L,AA
hRSV_SRR24833886,11,X,OG1,L,AA
hRSV_SRR24833886,12,X,OG1,L,AA
hRSV_SRR24833886,13,X,OG1,L,AA
hRSV_SRR24833886,14,L,OG1,L,AA
hRSV_SRR24833886,15,T,OG1,L,AA
hRSV_SRR24833886,16,X,OG1,L,AA
hRSV_SRR24833886,17,S,OG1,L,AA
hRSV_SRR24833886,18,Y,OG1,L,AA
hRSV_SRR24833886,19,L,OG1,L,AA
hRSV_SRR24833886,20,K,OG1,L,AA
hRSV_SRR24833886,21,G,OG1,L,AA
hRSV_SRR24833886,22,V,OG1,L,AA
hRSV_SRR24833886,23,I,OG1,L,AA
hRSV_SRR24833886,24,S,OG1,L,AA
hRSV_SRR24833886,25,F,OG1,L,AA
hRSV_SRR24833886,26,S,OG1,L,AA
hRSV_SRR24833886,27,E,OG1,L,AA
hRSV_SRR24833886,28,C,OG1,L,AA
hRSV_SRR24833886,29,N,OG1,L,AA
hRSV_SRR24833886,30,A,OG1,L,AA
hRSV_SRR24833886,31,L,OG1,L,AA
hRSV_SRR24833886,32,G,OG1,L,AA
hRSV_SRR24833886,33,S,OG1,L,AA
hRSV_SRR24833886,34,Y,OG1,L,AA
hRSV_SRR24833886,35,L,OG1,L,AA
hRSV_SRR24833886,36,F,OG1,L,AA
hRSV_SRR24833886,37,N,OG1,L,AA
hRSV_SRR24833886,38,G,OG1,L,AA
hRSV_SRR24833886,39,P,OG1,L,AA
hRSV_SRR24833886,40,Y,OG1,L,AA
hRSV_SRR24833886,41,L,OG1,L,AA
hRSV_SRR24833886,42,K,OG1,L,AA
hRSV_SRR24833886,43,N,OG1,L,AA
hRSV_SRR24833886,44,D,OG1,L,AA
hRSV_SRR24833886,45,Y,OG1,L,AA
hRSV_SRR24833886,46,T,OG1,L,AA
hRSV_SRR24833886,47,N,OG1,L,AA
hRSV_SRR24833886,48,L,OG1,L,AA
hRSV_SRR24833886,49,I,OG1,L,AA
hRSV_SRR24833886,50,S,OG1,L,AA
hRSV_SRR24833886,51,R,OG1,L,AA
hRSV_SRR24833886,52,Q,OG1,L,AA
hRSV_SRR24833886,53,S,OG1,L,AA
hRSV_SRR24833886,54,P,OG1,L,AA
hRSV_SRR24833886,55,L,OG1,L,AA
hRSV_SRR24833886,56,I,OG1,L,AA
hRSV_SRR24833886,57,E,OG1,L,AA
hRSV_SRR24833886,58,H,OG1,L,AA
hRSV_SRR24833886,59,M,OG1,L,AA
hRSV_SRR24833886,60,N,OG1,L,AA
hRSV_SRR24833886,61,L,OG1,L,AA
hRSV_SRR24833886,62,K,OG1,L,AA
hRSV_SRR24833886,63,K,OG1,L,AA
hRSV_SRR24833886,64,L,OG1,L,AA
hRSV_SRR24833886,65,T,OG1,L,AA
hRSV_SRR24833886,66,I,OG1,L,AA
hRSV_SRR24833886,67,T,OG1,L,AA
hRSV_SRR24833886,68,Q,OG1,L,AA
hRSV_SRR24833886,69,S,OG1,L,AA
hRSV_SRR24833886,70,L,OG1,L,AA
hRSV_SRR24833886,71,I,OG1,L,AA
hRSV_SRR24833886,72,S,OG1,L,AA
hRSV_SRR24833886,73,R,OG1,L,AA
hRSV_SRR24833886,74,Y,OG1,L,AA
hRSV_SRR24833886,75,H,OG1,L,AA
hRSV_SRR24833886,76,K,OG1,L,AA
hRSV_SRR24833886,77,G,OG1,L,AA
hRSV_SRR24833886,78,E,OG1,L,AA
hRSV_SRR24833886,79,L,OG1,L,AA
hRSV_SRR24833886,80,K,OG1,L,AA
hRSV_SRR24833886,81,L,OG1,L,AA
hRSV_SRR24833886,82,E,OG1,L,AA
hRSV_SRR24833886,83,E,OG1,L,AA
hRSV_SRR24833886,84,P,OG1,L,AA
hRSV_SRR24833886,85,T,OG1,L,AA
hRSV_SRR24833886,86,Y,OG1,L,AA
hRSV_SRR24833886,87,F,OG1,L,AA
hRSV_SRR24833886,88,Q,OG1,L,AA
hRSV_SRR24833886,89,S,OG1,L,AA
hRSV_SRR24833886,90,L,OG1,L,AA
hRSV_SRR24833886,91,L,OG1,L,AA
hRSV_SRR24833886,92,M,OG1,L,AA
hRSV_SRR24833886,93,T,OG1,L,AA
hRSV_SRR24833886,94,Y,OG1,L,AA
hRSV_SRR24833886,95,K,OG1,L,AA
hRSV_SRR24833886,96,S,OG1,L,AA
hRSV_SRR24833886,97,M,OG1,L,AA
hRSV_SRR24833886,98,S,OG1,L,AA
hRSV_SRR24833886,99,S,OG1,L,AA
hRSV_SRR24833886,100,S,OG1,L,AA
hRSV_SRR24833886,101,E,OG1,L,AA
hRSV_SRR24833886,102,Q,OG1,L,AA
hRSV_SRR24833886,103,I,OG1,L,AA
hRSV_SRR24833886,104,A,OG1,L,AA
hRSV_SRR24833886,105,T,OG1,L,AA
hRSV_SRR24833886,106,T,OG1,L,AA
hRSV_SRR24833886,107,N,OG1,L,AA
hRSV_SRR24833886,108,L,OG1,L,AA
hRSV_SRR24833886,109,L,OG1,L,AA
hRSV_SRR24833886,110,K,OG1,L,AA
hRSV_SRR24833886,111,K,OG1,L,AA
hRSV_SRR24833886,112,I,OG1,L,AA
hRSV_SRR24833886,113,I,OG1,L,AA
hRSV_SRR24833886,114,R,OG1,L,AA
hRSV_SRR24833886,115,R,OG1,L,AA
hRSV_SRR24833886,116,A,OG1,L,AA
hRSV_SRR24833886,117,I,OG1,L,AA
hRSV_SRR24833886,118,E,OG1,L,AA
hRSV_SRR24833886,119,I,OG1,L,AA
hRSV_SRR24833886,120,S,OG1,L,AA
hRSV_SRR24833886,121,D,OG1,L,AA
hRSV_SRR24833886,122,V,OG1,L,AA
hRSV_SRR24833886,123,K,OG1,L,AA
hRSV_SRR24833886,124,V,OG1,L,AA
hRSV_SRR24833886,125,Y,OG1,L,AA
hRSV_SRR24833886,126,A,OG1,L,AA
hRSV_SRR24833886,127,I,OG1,L,AA
hRSV_SRR24833886,128,L,OG1,L,AA
hRSV_SRR24833886,129,N,OG1,L,AA
hRSV_SRR24833886,130,K,OG1,L,AA
hRSV_SRR24833886,131,L,OG1,L,AA
hRSV_SRR24833886,132,G,OG1,L,AA
hRSV_SRR24833886,133,L,OG1,L,AA
hRSV_SRR24833886,134,K,OG1,L,AA
hRSV_SRR24833886,135,E,OG1,L,AA
hRSV_SRR24833886,136,K,OG1,L,AA
hRSV_SRR24833886,137,D,OG1,L,AA
hRSV_SRR24833886,138,K,OG1,L,AA
hRSV_SRR24833886,139,I,OG1,L,AA
hRSV_SRR24833886,140,K,OG1,L,AA
hRSV_SRR24833886,141,P,OG1,L,AA
hRSV_SRR24833886,142,N,OG1,L,AA
hRSV_SRR24833886,143,N,OG1,L,AA
hRSV_SRR24833886,144,G,OG1,L,AA
hRSV_SRR24833886,145,Q,OG1,L,AA
hRSV_SRR24833886,146,G,OG1,L,AA
hRSV_SRR24833886,147,D,OG1,L,AA
hRSV_SRR24833886,148,E,OG1,L,AA
hRSV_SRR24833886,149,N,OG1,L,AA
hRSV_SRR24833886,150,S,OG1,L,AA
hRSV_SRR24833886,151,V,OG1,L,AA
hRSV_SRR24833886,152,L,OG1,L,AA
hRSV_SRR24833886,153,T,OG1,L,AA
hRSV_SRR24833886,154,T,OG1,L,AA
hRSV_SRR24833886,155,I,OG1,L,AA
hRSV_SRR24833886,156,I,OG1,L,AA
hRSV_SRR24833886,157,K,OG1,L,AA
hRSV_SRR24833886,158,D,OG1,L,AA
hRSV_SRR24833886,159,D,OG1,L,AA
hRSV_SRR24833886,160,I,OG1,L,AA
hRSV_SRR24833886,161,L,OG1,L,AA
hRSV_SRR24833886,162,S,OG1,L,AA
hRSV_SRR24833886,163,A,OG1,L,AA
hRSV_SRR24833886,164,V,OG1,L,AA
hRSV_SRR24833886,165,E,OG1,L,AA
hRSV_SRR24833886,166,N,OG1,L,AA
hRSV_SRR24833886,167,N,OG1,L,AA
hRSV_SRR24833886,168,Q,OG1,L,AA
hRSV_SRR24833886,169,S,OG1,L,AA
hRSV_SRR24833886,170,Y,OG1,L,AA
hRSV_SRR24833886,171,T,OG1,L,AA
hRSV_SRR24833886,172,N,OG1,L,AA
hRSV_SRR24833886,173,S,OG1,L,AA
hRSV_SRR24833886,174,D,OG1,L,AA
hRSV_SRR24833886,175,K,OG1,L,AA
hRSV_SRR24833886,176,N,OG1,L,AA
hRSV_SRR24833886,177,Y,OG1,L,AA
hRSV_SRR24833886,178,S,OG1,L,AA
hRSV_SRR24833886,179,V,OG1,L,AA
hRSV_SRR24833886,180,N,OG1,L,AA
hRSV_SRR24833886,181,Q,OG1,L,AA
hRSV_SRR24833886,182,N,OG1,L,AA
hRSV_SRR24833886,183,I,OG1,L,AA
hRSV_SRR24833886,184,N,OG1,L,AA
hRSV_SRR24833886,185,I,OG1,L,AA
hRSV_SRR24833886,186,K,OG1,L,AA
hRSV_SRR24833886,187,T,OG1,L,AA
hRSV_SRR24833886,188,T,OG1,L,AA
hRSV_SRR24833886,189,L,OG1,L,AA
hRSV_SRR24833886,190,L,OG1,L,AA
hRSV_SRR24833886,191,K,OG1,L,AA
hRSV_SRR24833886,192,K,OG1,L,AA
hRSV_SRR24833886,193,L,OG1,L,AA
hRSV_SRR24833886,194,M,OG1,L,AA
hRSV_SRR24833886,195,C,OG1,L,AA
hRSV_SRR24833886,196,S,OG1,L,AA
hRSV_SRR24833886,197,M,OG1,L,AA
hRSV_SRR24833886,198,Q,OG1,L,AA
hRSV_SRR24833886,199,H,OG1,L,AA
hRSV_SRR24833886,200,P,OG1,L,AA
hRSV_SRR24833886,201,P,OG1,L,AA
hRSV_SRR24833886,202,S,OG1,L,AA
hRSV_SRR24833886,203,X,OG1,L,AA
hRSV_SRR24833886,204,X,OG1,L,AA
hRSV_SRR24833886,205,X,OG1,L,AA
hRSV_SRR24833886,206,X,OG1,L,AA
hRSV_SRR24833886,207,X,OG1,L,AA
hRSV_SRR24833886,208,X,OG1,L,AA
hRSV_SRR24833886,209,X,OG1,L,AA
hRSV_SRR24833886,210,X,OG1,L,AA
hRSV_SRR24833886,211,X,OG1,L,AA
hRSV_SRR24833886,212,X,OG1,L,AA
hRSV_SRR24833886,213,X,OG1,L,AA
hRSV_SRR24833886,214,X,OG1,L,AA
hRSV_SRR24833886,215,X,OG1,L,AA
hRSV_SRR24833886,216,X,OG1,L,AA
hRSV_SRR24833886,217,X,OG1,L,AA
hRSV_SRR24833886,218,X,OG1,L,AA
hRSV_SRR24833886,219,X,OG1,L,AA
hRSV_SRR24833886,220,X,OG1,L,AA
hRSV_SRR24833886,221,X,OG1,L,AA
hRSV_SRR24833886,222,X,OG1,L,AA
hRSV_SRR24833886,223,X,OG1,L,AA
hRSV_SRR24833886,224,X,OG1,L,AA
hRSV_SRR24833886,225,X,OG1,L,AA
hRSV_SRR24833886,226,X,OG1,L,AA
hRSV_SRR24833886,227,X,OG1,L,AA
hRSV_SRR24833886,228,X,OG1,L,AA
hRSV_SRR24833886,229,X,OG1,L,AA
hRSV_SRR24833886,230,X,OG1,L,AA
hRSV_SRR24833886,231,X,OG1,L,AA
hRSV_SRR24833886,232,X,OG1,L,AA
hRSV_SRR24833886,233,X,OG1,L,AA
hRSV_SRR24833886,234,X,OG1,L,AA
hRSV_SRR24833886,235,X,OG1,L,AA
hRSV_SRR24833886,236,X,OG1,L,AA
hRSV_SRR24833886,237,X,OG1,L,AA
hRSV_SRR24833886,238,X,OG1,L,AA
hRSV_SRR24833886,239,X,OG1,L,AA
hRSV_SRR24833886,240,X,OG1,L,AA
hRSV_SRR24833886,241,X,OG1,L,AA
hRSV_SRR24833886,242,X,OG1,L,AA
hRSV_SRR24833886,243,X,OG1,L,AA
hRSV_SRR24833886,244,X,OG1,L,AA
hRSV_SRR24833886,245,X,OG1,L,AA
hRSV_SRR24833886,246,X,OG1,L,AA
hRSV_SRR24833886,247,X,OG1,L,AA
hRSV_SRR24833886,248,X,OG1,L,AA
hRSV_SRR24833886,249,X,OG1,L,AA
hRSV_SRR24833886,250,X,OG1,L,AA
hRSV_SRR24833886,251,X,OG1,L,AA
hRSV_SRR24833886,252,X,OG1,L,AA
hRSV_SRR24833886,253,X,OG1,L,AA
hRSV_SRR24833886,254,X,OG1,L,AA
hRSV_SRR24833886,255,X,OG1,L,AA
hRSV_SRR24833886,256,X,OG1,L,AA
hRSV_SRR24833886,257,X,OG1,L,AA
hRSV_SRR24833886,258,X,OG1,L,AA
hRSV_SRR24833886,259,X,OG1,L,AA
hRSV_SRR24833886,260,X,OG1,L,AA
hRSV_SRR24833886,261,X,OG1,L,AA
hRSV_SRR24833886,262,X,OG1,L,AA
hRSV_SRR24833886,263,X,OG1,L,AA
hRSV_SRR24833886,264,X,OG1,L,AA
hRSV_SRR24833886,265,X,OG1,L,AA
hRSV_SRR24833886,266,X,OG1,L,AA
hRSV_SRR24833886,267,X,OG1,L,AA
hRSV_SRR24833886,268,X,OG1,L,AA
hRSV_SRR24833886,269,X,OG1,L,AA
hRSV_SRR24833886,270,X,OG1,L,AA
hRSV_SRR24833886,271,X,OG1,L,AA
hRSV_SRR24833886,272,X,OG1,L,AA
hRSV_SRR24833886,273,X,OG1,L,AA
hRSV_SRR24833886,274,X,OG1,L,AA
hRSV_SRR24833886,275,X,OG1,L,AA
hRSV_SRR24833886,276,X,OG1,L,AA
hRSV_SRR24833886,277,X,OG1,L,AA
hRSV_SRR24833886,278,X,OG1,L,AA
hRSV_SRR24833886,279,X,OG1,L,AA
hRSV_SRR24833886,280,X,OG1,L,AA
hRSV_SRR24833886,281,X,OG1,L,AA
hRSV_SRR24833886,282,X,OG1,L,AA
hRSV_SRR24833886,283,X,OG1,L,AA
hRSV_SRR24833886,284,X,OG1,L,AA
hRSV_SRR24833886,285,X,OG1,L,AA
hRSV_SRR24833886,286,X,OG1,L,AA
hRSV_SRR24833886,287,X,OG1,L,AA
hRSV_SRR24833886,288,X,OG1,L,AA
hRSV_SRR24833886,289,X,OG1,L,AA
hRSV_SRR24833886,290,X,OG1,L,AA
hRSV_SRR24833886,291,X,OG1,L,AA
hRSV_SRR24833886,292,X,OG1,L,AA
hRSV_SRR24833886,293,X,OG1,L,AA
hRSV_SRR24833886,294,X,OG1,L,AA
hRSV_SRR24833886,295,X,OG1,L,AA
hRSV_SRR24833886,296,X,OG1,L,AA
hRSV_SRR24833886,297,X,OG1,L,AA
hRSV_SRR24833886,298,X,OG1,L,AA
hRSV_SRR24833886,299,X,OG1,L,AA
hRSV_SRR24833886,300,X,OG1,L,AA
hRSV_SRR24833886,301,X,OG1,L,AA
hRSV_SRR24833886,302,X,OG1,L,AA
hRSV_SRR24833886,303,X,OG1,L,AA
hRSV_SRR24833886,304,X,OG1,L,AA
hRSV_SRR24833886,305,X,OG1,L,AA
hRSV_SRR24833886,306,X,OG1,L,AA
hRSV_SRR24833886,307,X,OG1,L,AA
hRSV_SRR24833886,308,X,OG1,L,AA
hRSV_SRR24833886,309,X,OG1,L,AA
hRSV_SRR24833886,310,X,OG1,L,AA
hRSV_SRR24833886,311,X,OG1,L,AA
hRSV_SRR24833886,312,X,OG1,L,AA
hRSV_SRR24833886,313,X,OG1,L,AA
hRSV_SRR24833886,314,X,OG1,L,AA
hRSV_SRR24833886,315,X,OG1,L,AA
hRSV_SRR24833886,316,X,OG1,L,AA
hRSV_SRR24833886,317,X,OG1,L,AA
hRSV_SRR24833886,318,X,OG1,L,AA
hRSV_SRR24833886,319,X,OG1,L,AA
hRSV_SRR24833886,320,X,OG1,L,AA
hRSV_SRR24833886,321,X,OG1,L,AA
hRSV_SRR24833886,322,X,OG1,L,AA
hRSV_SRR24833886,323,X,OG1,L,AA
hRSV_SRR24833886,324,X,OG1,L,AA
hRSV_SRR24833886,325,X,OG1,L,AA
hRSV_SRR24833886,326,X,OG1,L,AA
hRSV_SRR24833886,327,X,OG1,L,AA
hRSV_SRR24833886,328,X,OG1,L,AA
hRSV_SRR24833886,329,X,OG1,L,AA
hRSV_SRR24833886,330,X,OG1,L,AA
hRSV_SRR24833886,331,X,OG1,L,AA
hRSV_SRR24833886,332,X,OG1,L,AA
hRSV_SRR24833886,333,X,OG1,L,AA
hRSV_SRR24833886,334,X,OG1,L,AA
hRSV_SRR24833886,335,X,OG1,L,AA
hRSV_SRR24833886,336,X,OG1,L,AA
hRSV_SRR24833886,337,X,OG1,L,AA
hRSV_SRR24833886,338,X,OG1,L,AA
hRSV_SRR24833886,339,X,OG1,L,AA
hRSV_SRR24833886,340,X,OG1,L,AA
hRSV_SRR24833886,341,X,OG1,L,AA
hRSV_SRR24833886,342,X,OG1,L,AA
hRSV_SRR24833886,343,X,OG1,L,AA
hRSV_SRR24833886,344,X,OG1,L,AA
hRSV_SRR24833886,345,X,OG1,L,AA
hRSV_SRR24833886,346,X,OG1,L,AA
hRSV_SRR24833886,347,X,OG1,L,AA
hRSV_SRR24833886,348,X,OG1,L,AA
hRSV_SRR24833886,349,X,OG1,L,AA
hRSV_SRR24833886,350,X,OG1,L,AA
hRSV_SRR24833886,351,X,OG1,L,AA
hRSV_SRR24833886,352,X,OG1,L,AA
hRSV_SRR24833886,353,X,OG1,L,AA
hRSV_SRR24833886,354,X,OG1,L,AA
hRSV_SRR24833886,355,X,OG1,L,AA
hRSV_SRR24833886,356,X,OG1,L,AA
hRSV_SRR24833886,357,X,OG1,L,AA
hRSV_SRR24833886,358,X,OG1,L,AA
hRSV_SRR24833886,359,X,OG1,L,AA
hRSV_SRR24833886,360,X,OG1,L,AA
hRSV_SRR24833886,361,X,OG1,L,AA
hRSV_SRR24833886,362,X,OG1,L,AA
hRSV_SRR24833886,363,X,OG1,L,AA
hRSV_SRR24833886,364,X,OG1,L,AA
hRSV_SRR24833886,365,X,OG1,L,AA
hRSV_SRR24833886,366,X,OG1,L,AA
hRSV_SRR24833886,367,X,OG1,L,AA
hRSV_SRR24833886,368,X,OG1,L,AA
hRSV_SRR24833886,369,X,OG1,L,AA
hRSV_SRR24833886,370,X,OG1,L,AA
hRSV_SRR24833886,371,X,OG1,L,AA
hRSV_SRR24833886,372,X,OG1,L,AA
hRSV_SRR24833886,373,X,OG1,L,AA
hRSV_SRR24833886,374,X,OG1,L,AA
hRSV_SRR24833886,375,X,OG1,L,AA
hRSV_SRR24833886,376,X,OG1,L,AA
hRSV_SRR24833886,377,X,OG1,L,AA
hRSV_SRR24833886,378,X,OG1,L,AA
hRSV_SRR24833886,379,X,OG1,L,AA
hRSV_SRR24833886,380,X,OG1,L,AA
hRSV_SRR24833886,381,X,OG1,L,AA
hRSV_SRR24833886,382,X,OG1,L,AA
hRSV_SRR24833886,383,X,OG1,L,AA
hRSV_SRR24833886,384,X,OG1,L,AA
hRSV_SRR24833886,385,X,OG1,L,AA
hRSV_SRR24833886,386,X,OG1,L,AA
hRSV_SRR24833886,387,X,OG1,L,AA
hRSV_SRR24833886,388,X,OG1,L,AA
hRSV_SRR24833886,389,X,OG1,L,AA
hRSV_SRR24833886,390,X,OG1,L,AA
hRSV_SRR24833886,391,X,OG1,L,AA
hRSV_SRR24833886,392,X,OG1,L,AA
hRSV_SRR24833886,393,X,OG1,L,AA
hRSV_SRR24833886,394,X,OG1,L,AA
hRSV_SRR24833886,395,X,OG1,L,AA
hRSV_SRR24833886,396,X,OG1,L,AA
hRSV_SRR24833886,397,X,OG1,L,AA
hRSV_SRR24833886,398,X,OG1,L,AA
hRSV_SRR24833886,399,X,OG1,L,AA
hRSV_SRR24833886,400,X,OG1,L,AA
hRSV_SRR24833886,401,X,OG1,L,AA
hRSV_SRR24833886,402,X,OG1,L,AA
hRSV_SRR24833886,403,X,OG1,L,AA
hRSV_SRR24833886,404,X,OG1,L,AA
hRSV_SRR24833886,405,X,OG1,L,AA
hRSV_SRR24833886,406,X,OG1,L,AA
hRSV_SRR24833886,407,X,OG1,L,AA
hRSV_SRR24833886,408,X,OG1,L,AA
hRSV_SRR24833886,409,X,OG1,L,AA
hRSV_SRR24833886,410,X,OG1,L,AA
hRSV_SRR24833886,411,X,OG1,L,AA
hRSV_SRR24833886,412,X,OG1,L,AA
hRSV_SRR24833886,413,X,OG1,L,AA
hRSV_SRR24833886,414,X,OG1,L,AA
hRSV_SRR24833886,415,X,OG1,L,AA
hRSV_SRR24833886,416,X,OG1,L,AA
hRSV_SRR24833886,417,X,OG1,L,AA
hRSV_SRR24833886,418,X,OG1,L,AA
hRSV_SRR24833886,419,X,OG1,L,AA
hRSV_SRR24833886,420,X,OG1,L,AA
hRSV_SRR24833886,421,X,OG1,L,AA
hRSV_SRR24833886,422,X,OG1,L,AA
hRSV_SRR24833886,423,X,OG1,L,AA
hRSV_SRR24833886,424,X,OG1,L,AA
hRSV_SRR24833886,425,X,OG1,L,AA
hRSV_SRR24833886,426,X,OG1,L,AA
hRSV_SRR24833886,427,X,OG1,L,AA
hRSV_SRR24833886,428,X,OG1,L,AA
hRSV_SRR24833886,429,X,OG1,L,AA
hRSV_SRR24833886,430,X,OG1,L,AA
hRSV_SRR24833886,431,X,OG1,L,AA
hRSV_SRR24833886,432,X,OG1,L,AA
hRSV_SRR24833886,433,X,OG1,L,AA
hRSV_SRR24833886,434,X,OG1,L,AA
hRSV_SRR24833886,435,X,OG1,L,AA
hRSV_SRR24833886,436,X,OG1,L,AA
hRSV_SRR24833886,437,X,OG1,L,AA
hRSV_SRR24833886,438,X,OG1,L,AA
hRSV_SRR24833886,439,X,OG1,L,AA
hRSV_SRR24833886,440,X,OG1,L,AA
hRSV_SRR24833886,441,X,OG1,L,AA
hRSV_SRR24833886,442,X,OG1,L,AA
hRSV_SRR24833886,443,X,OG1,L,AA
hRSV_SRR24833886,444,X,OG1,L,AA
hRSV_SRR24833886,445,X,OG1,L,AA
hRSV_SRR24833886,446,X,OG1,L,AA
hRSV_SRR24833886,447,X,OG1,L,AA
hRSV_SRR24833886,448,X,OG1,L,AA
hRSV_SRR24833886,449,X,OG1,L,AA
hRSV_SRR24833886,450,X,OG1,L,AA
hRSV_SRR24833886,451,X,OG1,L,AA
hRSV_SRR24833886,452,X,OG1,L,AA
hRSV_SRR24833886,453,X,OG1,L,AA
hRSV_SRR24833886,454,X,OG1,L,AA
hRSV_SRR24833886,455,X,OG1,L,AA
hRSV_SRR24833886,456,X,OG1,L,AA
hRSV_SRR24833886,457,X,OG1,L,AA
hRSV_SRR24833886,458,X,OG1,L,AA
hRSV_SRR24833886,459,X,OG1,L,AA
hRSV_SRR24833886,460,X,OG1,L,AA
hRSV_SRR24833886,461,X,OG1,L,AA
hRSV_SRR24833886,462,X,OG1,L,AA
hRSV_SRR24833886,463,X,OG1,L,AA
hRSV_SRR24833886,464,X,OG1,L,AA
hRSV_SRR24833886,465,X,OG1,L,AA
hRSV_SRR24833886,466,X,OG1,L,AA
hRSV_SRR24833886,467,X,OG1,L,AA
hRSV_SRR24833886,468,X,OG1,L,AA
hRSV_SRR24833886,469,X,OG1,L,AA
hRSV_SRR24833886,470,X,OG1,L,AA
hRSV_SRR24833886,471,X,OG1,L,AA
hRSV_SRR24833886,472,X,OG1,L,AA
hRSV_SRR24833886,473,X,OG1,L,AA
hRSV_SRR24833886,474,X,OG1,L,AA
hRSV_SRR24833886,475,X,OG1,L,AA
hRSV_SRR24833886,476,X,OG1,L,AA
hRSV_SRR24833886,477,X,OG1,L,AA
hRSV_SRR24833886,478,X,OG1,L,AA
hRSV_SRR24833886,479,X,OG1,L,AA
hRSV_SRR24833886,480,X,OG1,L,AA
hRSV_SRR24833886,481,X,OG1,L,AA
hRSV_SRR24833886,482,X,OG1,L,AA
hRSV_SRR24833886,483,L,OG1,L,AA
hRSV_SRR24833886,484,R,OG1,L,AA
hRSV_SRR24833886,485,N,OG1,L,AA
hRSV_SRR24833886,486,A,OG1,L,AA
hRSV_SRR24833886,487,I,OG1,L,AA
hRSV_SRR24833886,488,V,OG1,L,AA
hRSV_SRR24833886,489,L,OG1,L,AA
hRSV_SRR24833886,490,P,OG1,L,AA
hRSV_SRR24833886,491,L,OG1,L,AA
hRSV_SRR24833886,492,R,OG1,L,AA
hRSV_SRR24833886,493,W,OG1,L,AA
hRSV_SRR24833886,494,L,OG1,L,AA
hRSV_SRR24833886,495,T,OG1,L,AA
hRSV_SRR24833886,496,Y,OG1,L,AA
hRSV_SRR24833886,497,Y,OG1,L,AA
hRSV_SRR24833886,498,K,OG1,L,AA
hRSV_SRR24833886,499,L,OG1,L,AA
hRSV_SRR24833886,500,N,OG1,L,AA
hRSV_SRR24833886,501,X,OG1,L,AA
hRSV_SRR24833886,502,X,OG1,L,AA
hRSV_SRR24833886,503,X,OG1,L,AA
hRSV_SRR24833886,504,S,OG1,L,AA
hRSV_SRR24833886,505,X,OG1,L,AA
hRSV_SRR24833886,506,L,OG1,L,AA
hRSV_SRR24833886,507,E,OG1,L,AA
hRSV_SRR24833886,508,L,OG1,L,AA
hRSV_SRR24833886,509,T,OG1,L,AA
hRSV_SRR24833886,510,E,OG1,L,AA
hRSV_SRR24833886,511,R,OG1,L,AA
hRSV_SRR24833886,512,D,OG1,L,AA
hRSV_SRR24833886,513,L,OG1,L,AA
hRSV_SRR24833886,514,I,OG1,L,AA
hRSV_SRR24833886,515,V,OG1,L,AA
hRSV_SRR24833886,516,L,OG1,L,AA
hRSV_SRR24833886,517,S,OG1,L,AA
hRSV_SRR24833886,518,G,OG1,L,AA
hRSV_SRR24833886,519,L,OG1,L,AA
hRSV_SRR24833886,520,R,OG1,L,AA
hRSV_SRR24833886,521,F,OG1,L,AA
hRSV_SRR24833886,522,Y,OG1,L,AA
hRSV_SRR24833886,523,R,OG1,L,AA
hRSV_SRR24833886,524,E,OG1,L,AA
hRSV_SRR24833886,525,X,OG1,L,AA
hRSV_SRR24833886,526,X,OG1,L,AA
hRSV_SRR24833886,527,X,OG1,L,AA
hRSV_SRR24833886,528,X,OG1,L,AA
hRSV_SRR24833886,529,K,OG1,L,AA
hRSV_SRR24833886,530,K,OG1,L,AA
hRSV_SRR24833886,531,V,OG1,L,AA
hRSV_SRR24833886,532,D,OG1,L,AA
hRSV_SRR24833886,533,L,OG1,L,AA
hRSV_SRR24833886,534,E,OG1,L,AA
hRSV_SRR24833886,535,M,OG1,L,AA
hRSV_SRR24833886,536,I,OG1,L,AA
hRSV_SRR24833886,537,I,OG1,L,AA
hRSV_SRR24833886,538,N,OG1,L,AA
hRSV_SRR24833886,539,D,OG1,L,AA
hRSV_SRR24833886,540,K,OG1,L,AA
hRSV_SRR24833886,541,A,OG1,L,AA
hRSV_SRR24833886,542,X,OG1,L,AA
hRSV_SRR24833886,543,X,OG1,L,AA
hRSV_SRR24833886,544,X,OG1,L,AA
hRSV_SRR24833886,545,X,OG1,L,AA
hRSV_SRR24833886,546,X,OG1,L,AA
hRSV_SRR24833886,547,X,OG1,L,AA
hRSV_SRR24833886,548,X,OG1,L,AA
hRSV_SRR24833886,549,X,OG1,L,AA
hRSV_SRR24833886,550,X,OG1,L,AA
hRSV_SRR24833886,551,X,OG1,L,AA
hRSV_SRR24833886,552,X,OG1,L,AA
hRSV_SRR24833886,553,X,OG1,L,AA
hRSV_SRR24833886,554,X,OG1,L,AA
hRSV_SRR24833886,555,X,OG1,L,AA
hRSV_SRR24833886,556,X,OG1,L,AA
hRSV_SRR24833886,557,X,OG1,L,AA
hRSV_SRR24833886,558,X,OG1,L,AA
hRSV_SRR24833886,559,X,OG1,L,AA
hRSV_SRR24833886,560,X,OG1,L,AA
hRSV_SRR24833886,561,X,OG1,L,AA
hRSV_SRR24833886,562,X,OG1,L,AA
hRSV_SRR24833886,563,X,OG1,L,AA
hRSV_SRR24833886,564,X,OG1,L,AA
hRSV_SRR24833886,565,X,OG1,L,AA
hRSV_SRR24833886,566,X,OG1,L,AA
hRSV_SRR24833886,567,X,OG1,L,AA
hRSV_SRR24833886,568,X,OG1,L,AA
hRSV_SRR24833886,569,X,OG1,L,AA
hRSV_SRR24833886,570,X,OG1,L,AA
hRSV_SRR24833886,571,X,OG1,L,AA
hRSV_SRR24833886,572,X,OG1,L,AA
hRSV_SRR24833886,573,X,OG1,L,AA
hRSV_SRR24833886,574,X,OG1,L,AA
hRSV_SRR24833886,575,X,OG1,L,AA
hRSV_SRR24833886,576,X,OG1,L,AA
hRSV_SRR24833886,577,X,OG1,L,AA
hRSV_SRR24833886,578,X,OG1,L,AA
hRSV_SRR24833886,579,X,OG1,L,AA
hRSV_SRR24833886,580,X,OG1,L,AA
hRSV_SRR24833886,581,X,OG1,L,AA
hRSV_SRR24833886,582,X,OG1,L,AA
hRSV_SRR24833886,583,X,OG1,L,AA
hRSV_SRR24833886,584,X,OG1,L,AA
hRSV_SRR24833886,585,X,OG1,L,AA
hRSV_SRR24833886,586,X,OG1,L,AA
hRSV_SRR24833886,587,X,OG1,L,AA
hRSV_SRR24833886,588,X,OG1,L,AA
hRSV_SRR24833886,589,X,OG1,L,AA
hRSV_SRR24833886,590,X,OG1,L,AA
hRSV_SRR24833886,591,X,OG1,L,AA
hRSV_SRR24833886,592,X,OG1,L,AA
hRSV_SRR24833886,593,X,OG1,L,AA
hRSV_SRR24833886,594,X,OG1,L,AA
hRSV_SRR24833886,595,X,OG1,L,AA
hRSV_SRR24833886,596,X,OG1,L,AA
hRSV_SRR24833886,597,X,OG1,L,AA
hRSV_SRR24833886,598,X,OG1,L,AA
hRSV_SRR24833886,599,X,OG1,L,AA
hRSV_SRR24833886,600,X,OG1,L,AA
hRSV_SRR24833886,601,X,OG1,L,AA
hRSV_SRR24833886,602,X,OG1,L,AA
hRSV_SRR24833886,603,X,OG1,L,AA
hRSV_SRR24833886,604,X,OG1,L,AA
hRSV_SRR24833886,605,X,OG1,L,AA
hRSV_SRR24833886,606,X,OG1,L,AA
hRSV_SRR24833886,607,X,OG1,L,AA
hRSV_SRR24833886,608,X,OG1,L,AA
hRSV_SRR24833886,609,X,OG1,L,AA
hRSV_SRR24833886,610,X,OG1,L,AA
hRSV_SRR24833886,611,X,OG1,L,AA
hRSV_SRR24833886,612,X,OG1,L,AA
hRSV_SRR24833886,613,X,OG1,L,AA
hRSV_SRR24833886,614,X,OG1,L,AA
hRSV_SRR24833886,615,X,OG1,L,AA
hRSV_SRR24833886,616,X,OG1,L,AA
hRSV_SRR24833886,617,X,OG1,L,AA
hRSV_SRR24833886,618,X,OG1,L,AA
hRSV_SRR24833886,619,X,OG1,L,AA
hRSV_SRR24833886,620,X,OG1,L,AA
hRSV_SRR24833886,621,X,OG1,L,AA
hRSV_SRR24833886,622,X,OG1,L,AA
hRSV_SRR24833886,623,X,OG1,L,AA
hRSV_SRR24833886,624,X,OG1,L,AA
hRSV_SRR24833886,625,X,OG1,L,AA
hRSV_SRR24833886,626,X,OG1,L,AA
hRSV_SRR24833886,627,X,OG1,L,AA
hRSV_SRR24833886,628,X,OG1,L,AA
hRSV_SRR24833886,629,X,OG1,L,AA
hRSV_SRR24833886,630,X,OG1,L,AA
hRSV_SRR24833886,631,X,OG1,L,AA
hRSV_SRR24833886,632,X,OG1,L,AA
hRSV_SRR24833886,633,X,OG1,L,AA
hRSV_SRR24833886,634,X,OG1,L,AA
hRSV_SRR24833886,635,X,OG1,L,AA
hRSV_SRR24833886,636,X,OG1,L,AA
hRSV_SRR24833886,637,X,OG1,L,AA
hRSV_SRR24833886,638,X,OG1,L,AA
hRSV_SRR24833886,639,X,OG1,L,AA
hRSV_SRR24833886,640,X,OG1,L,AA
hRSV_SRR24833886,641,X,OG1,L,AA
hRSV_SRR24833886,642,X,OG1,L,AA
hRSV_SRR24833886,643,X,OG1,L,AA
hRSV_SRR24833886,644,X,OG1,L,AA
hRSV_SRR24833886,645,X,OG1,L,AA
hRSV_SRR24833886,646,X,OG1,L,AA
hRSV_SRR24833886,647,X,OG1,L,AA
hRSV_SRR24833886,648,X,OG1,L,AA
hRSV_SRR24833886,649,X,OG1,L,AA
hRSV_SRR24833886,650,X,OG1,L,AA
hRSV_SRR24833886,651,X,OG1,L,AA
hRSV_SRR24833886,652,X,OG1,L,AA
hRSV_SRR24833886,653,X,OG1,L,AA
hRSV_SRR24833886,654,X,OG1,L,AA
hRSV_SRR24833886,655,X,OG1,L,AA
hRSV_SRR24833886,656,X,OG1,L,AA
hRSV_SRR24833886,657,X,OG1,L,AA
hRSV_SRR24833886,658,X,OG1,L,AA
hRSV_SRR24833886,659,X,OG1,L,AA
hRSV_SRR24833886,660,X,OG1,L,AA
hRSV_SRR24833886,661,X,OG1,L,AA
hRSV_SRR24833886,662,X,OG1,L,AA
hRSV_SRR24833886,663,X,OG1,L,AA
hRSV_SRR24833886,664,X,OG1,L,AA
hRSV_SRR24833886,665,X,OG1,L,AA
hRSV_SRR24833886,666,X,OG1,L,AA
hRSV_SRR24833886,667,X,OG1,L,AA
hRSV_SRR24833886,668,X,OG1,L,AA
hRSV_SRR24833886,669,X,OG1,L,AA
hRSV_SRR24833886,670,X,OG1,L,AA
hRSV_SRR24833886,671,X,OG1,L,AA
hRSV_SRR24833886,672,X,OG1,L,AA
hRSV_SRR24833886,673,X,OG1,L,AA
hRSV_SRR24833886,674,X,OG1,L,AA
hRSV_SRR24833886,675,X,OG1,L,AA
hRSV_SRR24833886,676,X,OG1,L,AA
hRSV_SRR24833886,677,X,OG1,L,AA
hRSV_SRR24833886,678,X,OG1,L,AA
hRSV_SRR24833886,679,X,OG1,L,AA
hRSV_SRR24833886,680,X,OG1,L,AA
hRSV_SRR24833886,681,X,OG1,L,AA
hRSV_SRR24833886,682,X,OG1,L,AA
hRSV_SRR24833886,683,X,OG1,L,AA
hRSV_SRR24833886,684,X,OG1,L,AA
hRSV_SRR24833886,685,X,OG1,L,AA
hRSV_SRR24833886,686,X,OG1,L,AA
hRSV_SRR24833886,687,X,OG1,L,AA
hRSV_SRR24833886,688,X,OG1,L,AA
hRSV_SRR24833886,689,X,OG1,L,AA
hRSV_SRR24833886,690,X,OG1,L,AA
hRSV_SRR24833886,691,X,OG1,L,AA
hRSV_SRR24833886,692,X,OG1,L,AA
hRSV_SRR24833886,693,X,OG1,L,AA
hRSV_SRR24833886,694,X,OG1,L,AA
hRSV_SRR24833886,695,X,OG1,L,AA
hRSV_SRR24833886,696,X,OG1,L,AA
hRSV_SRR24833886,697,X,OG1,L,AA
hRSV_SRR24833886,698,X,OG1,L,AA
hRSV_SRR24833886,699,X,OG1,L,AA
hRSV_SRR24833886,700,X,OG1,L,AA
hRSV_SRR24833886,701,X,OG1,L,AA
hRSV_SRR24833886,702,X,OG1,L,AA
hRSV_SRR24833886,703,X,OG1,L,AA
hRSV_SRR24833886,704,X,OG1,L,AA
hRSV_SRR24833886,705,X,OG1,L,AA
hRSV_SRR24833886,706,X,OG1,L,AA
hRSV_SRR24833886,707,X,OG1,L,AA
hRSV_SRR24833886,708,X,OG1,L,AA
hRSV_SRR24833886,709,X,OG1,L,AA
hRSV_SRR24833886,710,X,OG1,L,AA
hRSV_SRR24833886,711,X,OG1,L,AA
hRSV_SRR24833886,712,X,OG1,L,AA
hRSV_SRR24833886,713,X,OG1,L,AA
hRSV_SRR24833886,714,X,OG1,L,AA
hRSV_SRR24833886,715,X,OG1,L,AA
hRSV_SRR24833886,716,X,OG1,L,AA
hRSV_SRR24833886,717,X,OG1,L,AA
hRSV_SRR24833886,718,X,OG1,L,AA
hRSV_SRR24833886,719,X,OG1,L,AA
hRSV_SRR24833886,720,X,OG1,L,AA
hRSV_SRR24833886,721,X,OG1,L,AA
hRSV_SRR24833886,722,X,OG1,L,AA
hRSV_SRR24833886,723,X,OG1,L,AA
hRSV_SRR24833886,724,X,OG1,L,AA
hRSV_SRR24833886,725,X,OG1,L,AA
hRSV_SRR24833886,726,X,OG1,L,AA
hRSV_SRR24833886,727,X,OG1,L,AA
hRSV_SRR24833886,728,X,OG1,L,AA
hRSV_SRR24833886,729,X,OG1,L,AA
hRSV_SRR24833886,730,X,OG1,L,AA
hRSV_SRR24833886,731,X,OG1,L,AA
hRSV_SRR24833886,732,X,OG1,L,AA
hRSV_SRR24833886,733,X,OG1,L,AA
hRSV_SRR24833886,734,X,OG1,L,AA
hRSV_SRR24833886,735,X,OG1,L,AA
hRSV_SRR24833886,736,X,OG1,L,AA
hRSV_SRR24833886,737,X,OG1,L,AA
hRSV_SRR24833886,738,X,OG1,L,AA
hRSV_SRR24833886,739,X,OG1,L,AA
hRSV_SRR24833886,740,X,OG1,L,AA
hRSV_SRR24833886,741,X,OG1,L,AA
hRSV_SRR24833886,742,X,OG1,L,AA
hRSV_SRR24833886,743,X,OG1,L,AA
hRSV_SRR24833886,744,X,OG1,L,AA
hRSV_SRR24833886,745,X,OG1,L,AA
hRSV_SRR24833886,746,X,OG1,L,AA
hRSV_SRR24833886,747,X,OG1,L,AA
hRSV_SRR24833886,748,X,OG1,L,AA
hRSV_SRR24833886,749,X,OG1,L,AA
hRSV_SRR24833886,750,X,OG1,L,AA
hRSV_SRR24833886,751,X,OG1,L,AA
hRSV_SRR24833886,752,X,OG1,L,AA
hRSV_SRR24833886,753,X,OG1,L,AA
hRSV_SRR24833886,754,X,OG1,L,AA
hRSV_SRR24833886,755,X,OG1,L,AA
hRSV_SRR24833886,756,X,OG1,L,AA
hRSV_SRR24833886,757,X,OG1,L,AA
hRSV_SRR24833886,758,X,OG1,L,AA
hRSV_SRR24833886,759,X,OG1,L,AA
hRSV_SRR24833886,760,X,OG1,L,AA
hRSV_SRR24833886,761,X,OG1,L,AA
hRSV_SRR24833886,762,X,OG1,L,AA
hRSV_SRR24833886,763,X,OG1,L,AA
hRSV_SRR24833886,764,X,OG1,L,AA
hRSV_SRR24833886,765,X,OG1,L,AA
hRSV_SRR24833886,766,X,OG1,L,AA
hRSV_SRR24833886,767,X,OG1,L,AA
hRSV_SRR24833886,768,X,OG1,L,AA
hRSV_SRR24833886,769,X,OG1,L,AA
hRSV_SRR24833886,770,X,OG1,L,AA
hRSV_SRR24833886,771,X,OG1,L,AA
hRSV_SRR24833886,772,X,OG1,L,AA
hRSV_SRR24833886,773,X,OG1,L,AA
hRSV_SRR24833886,774,X,OG1,L,AA
hRSV_SRR24833886,775,X,OG1,L,AA
hRSV_SRR24833886,776,X,OG1,L,AA
hRSV_SRR24833886,777,X,OG1,L,AA
hRSV_SRR24833886,778,X,OG1,L,AA
hRSV_SRR24833886,779,X,OG1,L,AA
hRSV_SRR24833886,780,X,OG1,L,AA
hRSV_SRR24833886,781,X,OG1,L,AA
hRSV_SRR24833886,782,X,OG1,L,AA
hRSV_SRR24833886,783,X,OG1,L,AA
hRSV_SRR24833886,784,X,OG1,L,AA
hRSV_SRR24833886,785,X,OG1,L,AA
hRSV_SRR24833886,786,X,OG1,L,AA
hRSV_SRR24833886,787,X,OG1,L,AA
hRSV_SRR24833886,788,E,OG1,L,AA
hRSV_SRR24833886,789,A,OG1,L,AA
hRSV_SRR24833886,790,I,OG1,L,AA
hRSV_SRR24833886,791,S,OG1,L,AA
hRSV_SRR24833886,792,L,OG1,L,AA
hRSV_SRR24833886,793,L,OG1,L,AA
hRSV_SRR24833886,794,D,OG1,L,AA
hRSV_SRR24833886,795,X,OG1,L,AA
hRSV_SRR24833886,796,X,OG1,L,AA
hRSV_SRR24833886,797,X,OG1,L,AA
hRSV_SRR24833886,798,L,OG1,L,AA
hRSV_SRR24833886,799,X,OG1,L,AA
hRSV_SRR24833886,800,G,OG1,L,AA
hRSV_SRR24833886,801,K,OG1,L,AA
hRSV_SRR24833886,802,F,OG1,L,AA
hRSV_SRR24833886,803,S,OG1,L,AA
hRSV_SRR24833886,804,I,OG1,L,AA
hRSV_SRR24833886,805,T,OG1,L,AA
hRSV_SRR24833886,806,A,OG1,L,AA
hRSV_SRR24833886,807,L,OG1,L,AA
hRSV_SRR24833886,808,I,OG1,L,AA
hRSV_SRR24833886,809,N,OG1,L,AA
hRSV_SRR24833886,810,G,OG1,L,AA
hRSV_SRR24833886,811,D,OG1,L,AA
hRSV_SRR24833886,812,N,OG1,L,AA
hRSV_SRR24833886,813,Q,OG1,L,AA
hRSV_SRR24833886,814,S,OG1,L,AA
hRSV_SRR24833886,815,I,OG1,L,AA
hRSV_SRR24833886,816,D,OG1,L,AA
hRSV_SRR24833886,817,I,OG1,L,AA
hRSV_SRR24833886,818,X,OG1,L,AA
hRSV_SRR24833886,819,K,OG1,L,AA
hRSV_SRR24833886,820,P,OG1,L,AA
hRSV_SRR24833886,821,V,OG1,L,AA
hRSV_SRR24833886,822,X,OG1,L,AA
hRSV_SRR24833886,823,X,OG1,L,AA
hRSV_SRR24833886,824,X,OG1,L,AA
hRSV_SRR24833886,825,X,OG1,L,AA
hRSV_SRR24833886,826,X,OG1,L,AA
hRSV_SRR24833886,827,X,OG1,L,AA
hRSV_SRR24833886,828,X,OG1,L,AA
hRSV_SRR24833886,829,X,OG1,L,AA
hRSV_SRR24833886,830,A,OG1,L,AA
hRSV_SRR24833886,831,Q,OG1,L,AA
hRSV_SRR24833886,832,A,OG1,L,AA
hRSV_SRR24833886,833,D,OG1,L,AA
hRSV_SRR24833886,834,Y,OG1,L,AA
hRSV_SRR24833886,835,L,OG1,L,AA
hRSV_SRR24833886,836,L,OG1,L,AA
hRSV_SRR24833886,837,A,OG1,L,AA
hRSV_SRR24833886,838,L,OG1,L,AA
hRSV_SRR24833886,839,N,OG1,L,AA
hRSV_SRR24833886,840,S,OG1,L,AA
hRSV_SRR24833886,841,L,OG1,L,AA
hRSV_SRR24833886,842,X,OG1,L,AA
hRSV_SRR24833886,843,X,OG1,L,AA
hRSV_SRR24833886,844,L,OG1,L,AA
hRSV_SRR24833886,845,Y,OG1,L,AA
hRSV_SRR24833886,846,X,OG1,L,AA
hRSV_SRR24833886,847,X,OG1,L,AA
hRSV_SRR24833886,848,X,OG1,L,AA
hRSV_SRR24833886,849,X,OG1,L,AA
hRSV_SRR24833886,850,X,OG1,L,AA
hRSV_SRR24833886,851,I,OG1,L,AA
hRSV_SRR24833886,852,G,OG1,L,AA
hRSV_SRR24833886,853,H,OG1,L,AA
hRSV_SRR24833886,854,K,OG1,L,AA
hRSV_SRR24833886,855,L,OG1,L,AA
hRSV_SRR24833886,856,K,OG1,L,AA
hRSV_SRR24833886,857,G,OG1,L,AA
hRSV_SRR24833886,858,T,OG1,L,AA
hRSV_SRR24833886,859,E,OG1,L,AA
hRSV_SRR24833886,860,T,OG1,L,AA
hRSV_SRR24833886,861,Y,OG1,L,AA
hRSV_SRR24833886,862,I,OG1,L,AA
hRSV_SRR24833886,863,S,OG1,L,AA
hRSV_SRR24833886,864,R,OG1,L,AA
hRSV_SRR24833886,865,D,OG1,L,AA
hRSV_SRR24833886,866,M,OG1,L,AA
hRSV_SRR24833886,867,Q,OG1,L,AA
hRSV_SRR24833886,868,F,OG1,L,AA
hRSV_SRR24833886,869,M,OG1,L,AA
hRSV_SRR24833886,870,X,OG1,L,AA
hRSV_SRR24833886,871,X,OG1,L,AA
hRSV_SRR24833886,872,T,OG1,L,AA
hRSV_SRR24833886,873,I,OG1,L,AA
hRSV_SRR24833886,874,Q,OG1,L,AA
hRSV_SRR24833886,875,H,OG1,L,AA
hRSV_SRR24833886,876,N,OG1,L,AA
hRSV_SRR24833886,877,G,OG1,L,AA
hRSV_SRR24833886,878,V,OG1,L,AA
hRSV_SRR24833886,879,Y,OG1,L,AA
hRSV_SRR24833886,880,Y,OG1,L,AA
hRSV_SRR24833886,881,P,OG1,L,AA
hRSV_SRR24833886,882,A,OG1,L,AA
hRSV_SRR24833886,883,X,OG1,L,AA
hRSV_SRR24833886,884,I,OG1,L,AA
hRSV_SRR24833886,885,K,OG1,L,AA
hRSV_SRR24833886,886,K,OG1,L,AA
hRSV_SRR24833886,887,V,OG1,L,AA
hRSV_SRR24833886,888,X,OG1,L,AA
hRSV_SRR24833886,889,R,OG1,L,AA
hRSV_SRR24833886,890,V,OG1,L,AA
hRSV_SRR24833886,891,G,OG1,L,AA
hRSV_SRR24833886,892,P,OG1,L,AA
hRSV_SRR24833886,893,W,OG1,L,AA
hRSV_SRR24833886,894,I,OG1,L,AA
hRSV_SRR24833886,895,N,OG1,L,AA
hRSV_SRR24833886,896,T,OG1,L,AA
hRSV_SRR24833886,897,I,OG1,L,AA
hRSV_SRR24833886,898,L,OG1,L,AA
hRSV_SRR24833886,899,D,OG1,L,AA
hRSV_SRR24833886,900,D,OG1,L,AA
hRSV_SRR24833886,901,F,OG1,L,AA
hRSV_SRR24833886,902,K,OG1,L,AA
hRSV_SRR24833886,903,V,OG1,L,AA
hRSV_SRR24833886,904,S,OG1,L,AA
hRSV_SRR24833886,905,L,OG1,L,AA
hRSV_SRR24833886,906,E,OG1,L,AA
hRSV_SRR24833886,907,S,OG1,L,AA
hRSV_SRR24833886,908,M,OG1,L,AA
hRSV_SRR24833886,909,G,OG1,L,AA
hRSV_SRR24833886,910,X,OG1,L,AA
hRSV_SRR24833886,911,X,OG1,L,AA
hRSV_SRR24833886,912,X,OG1,L,AA
hRSV_SRR24833886,913,X,OG1,L,AA
hRSV_SRR24833886,914,X,OG1,L,AA
hRSV_SRR24833886,915,X,OG1,L,AA
hRSV_SRR24833886,916,X,OG1,L,AA
hRSV_SRR24833886,917,X,OG1,L,AA
hRSV_SRR24833886,918,X,OG1,L,AA
hRSV_SRR24833886,919,X,OG1,L,AA
hRSV_SRR24833886,920,X,OG1,L,AA
hRSV_SRR24833886,921,X,OG1,L,AA
hRSV_SRR24833886,922,X,OG1,L,AA
hRSV_SRR24833886,923,X,OG1,L,AA
hRSV_SRR24833886,924,X,OG1,L,AA
hRSV_SRR24833886,925,X,OG1,L,AA
hRSV_SRR24833886,926,X,OG1,L,AA
hRSV_SRR24833886,927,X,OG1,L,AA
hRSV_SRR24833886,928,X,OG1,L,AA
hRSV_SRR24833886,929,X,OG1,L,AA
hRSV_SRR24833886,930,X,OG1,L,AA
hRSV_SRR24833886,931,X,OG1,L,AA
hRSV_SRR24833886,932,X,OG1,L,AA
hRSV_SRR24833886,933,X,OG1,L,AA
hRSV_SRR24833886,934,X,OG1,L,AA
hRSV_SRR24833886,935,X,OG1,L,AA
hRSV_SRR24833886,936,X,OG1,L,AA
hRSV_SRR24833886,937,X,OG1,L,AA
hRSV_SRR24833886,938,X,OG1,L,AA
hRSV_SRR24833886,939,X,OG1,L,AA
hRSV_SRR24833886,940,X,OG1,L,AA
hRSV_SRR24833886,941,X,OG1,L,AA
hRSV_SRR24833886,942,X,OG1,L,AA
hRSV_SRR24833886,943,X,OG1,L,AA
hRSV_SRR24833886,944,X,OG1,L,AA
hRSV_SRR24833886,945,X,OG1,L,AA
hRSV_SRR24833886,946,X,OG1,L,AA
hRSV_SRR24833886,947,X,OG1,L,AA
hRSV_SRR24833886,948,X,OG1,L,AA
hRSV_SRR24833886,949,X,OG1,L,AA
hRSV_SRR24833886,950,X,OG1,L,AA
hRSV_SRR24833886,951,X,OG1,L,AA
hRSV_SRR24833886,952,X,OG1,L,AA
hRSV_SRR24833886,953,X,OG1,L,AA
hRSV_SRR24833886,954,X,OG1,L,AA
hRSV_SRR24833886,955,X,OG1,L,AA
hRSV_SRR24833886,956,X,OG1,L,AA
hRSV_SRR24833886,957,X,OG1,L,AA
hRSV_SRR24833886,958,X,OG1,L,AA
hRSV_SRR24833886,959,X,OG1,L,AA
hRSV_SRR24833886,960,X,OG1,L,AA
hRSV_SRR24833886,961,X,OG1,L,AA
hRSV_SRR24833886,962,X,OG1,L,AA
hRSV_SRR24833886,963,X,OG1,L,AA
hRSV_SRR24833886,964,X,OG1,L,AA
hRSV_SRR24833886,965,X,OG1,L,AA
hRSV_SRR24833886,966,X,OG1,L,AA
hRSV_SRR24833886,967,X,OG1,L,AA
hRSV_SRR24833886,968,X,OG1,L,AA
hRSV_SRR24833886,969,X,OG1,L,AA
hRSV_SRR24833886,970,X,OG1,L,AA
hRSV_SRR24833886,971,X,OG1,L,AA
hRSV_SRR24833886,972,X,OG1,L,AA
hRSV_SRR24833886,973,X,OG1,L,AA
hRSV_SRR24833886,974,X,OG1,L,AA
hRSV_SRR24833886,975,X,OG1,L,AA
hRSV_SRR24833886,976,X,OG1,L,AA
hRSV_SRR24833886,977,X,OG1,L,AA
hRSV_SRR24833886,978,X,OG1,L,AA
hRSV_SRR24833886,979,X,OG1,L,AA
hRSV_SRR24833886,980,X,OG1,L,AA
hRSV_SRR24833886,981,X,OG1,L,AA
hRSV_SRR24833886,982,X,OG1,L,AA
hRSV_SRR24833886,983,X,OG1,L,AA
hRSV_SRR24833886,984,X,OG1,L,AA
hRSV_SRR24833886,985,X,OG1,L,AA
hRSV_SRR24833886,986,X,OG1,L,AA
hRSV_SRR24833886,987,X,OG1,L,AA
hRSV_SRR24833886,988,X,OG1,L,AA
hRSV_SRR24833886,989,X,OG1,L,AA
hRSV_SRR24833886,990,X,OG1,L,AA
hRSV_SRR24833886,991,X,OG1,L,AA
hRSV_SRR24833886,992,X,OG1,L,AA
hRSV_SRR24833886,993,X,OG1,L,AA
hRSV_SRR24833886,994,X,OG1,L,AA
hRSV_SRR24833886,995,X,OG1,L,AA
hRSV_SRR24833886,996,X,OG1,L,AA
hRSV_SRR24833886,997,X,OG1,L,AA
hRSV_SRR24833886,998,X,OG1,L,AA
hRSV_SRR24833886,999,X,OG1,L,AA
hRSV_SRR24833886,1000,X,OG1,L,AA
hRSV_SRR24833886,1001,X,OG1,L,AA
hRSV_SRR24833886,1002,X,OG1,L,AA
hRSV_SRR24833886,1003,X,OG1,L,AA
hRSV_SRR24833886,1004,X,OG1,L,AA
hRSV_SRR24833886,1005,X,OG1,L,AA
hRSV_SRR24833886,1006,X,OG1,L,AA
hRSV_SRR24833886,1007,X,OG1,L,AA
hRSV_SRR24833886,1008,X,OG1,L,AA
hRSV_SRR24833886,1009,X,OG1,L,AA
hRSV_SRR24833886,1010,X,OG1,L,AA
hRSV_SRR24833886,1011,X,OG1,L,AA
hRSV_SRR24833886,1012,X,OG1,L,AA
hRSV_SRR24833886,1013,X,OG1,L,AA
hRSV_SRR24833886,1014,X,OG1,L,AA
hRSV_SRR24833886,1015,X,OG1,L,AA
hRSV_SRR24833886,1016,X,OG1,L,AA
hRSV_SRR24833886,1017,X,OG1,L,AA
hRSV_SRR24833886,1018,X,OG1,L,AA
hRSV_SRR24833886,1019,X,OG1,L,AA
hRSV_SRR24833886,1020,X,OG1,L,AA
hRSV_SRR24833886,1021,X,OG1,L,AA
hRSV_SRR24833886,1022,X,OG1,L,AA
hRSV_SRR24833886,1023,X,OG1,L,AA
hRSV_SRR24833886,1024,X,OG1,L,AA
hRSV_SRR24833886,1025,X,OG1,L,AA
hRSV_SRR24833886,1026,X,OG1,L,AA
hRSV_SRR24833886,1027,X,OG1,L,AA
hRSV_SRR24833886,1028,X,OG1,L,AA
hRSV_SRR24833886,1029,X,OG1,L,AA
hRSV_SRR24833886,1030,X,OG1,L,AA
hRSV_SRR24833886,1031,X,OG1,L,AA
hRSV_SRR24833886,1032,X,OG1,L,AA
hRSV_SRR24833886,1033,X,OG1,L,AA
hRSV_SRR24833886,1034,X,OG1,L,AA
hRSV_SRR24833886,1035,X,OG1,L,AA
hRSV_SRR24833886,1036,X,OG1,L,AA
hRSV_SRR24833886,1037,X,OG1,L,AA
hRSV_SRR24833886,1038,X,OG1,L,AA
hRSV_SRR24833886,1039,X,OG1,L,AA
hRSV_SRR24833886,1040,X,OG1,L,AA
hRSV_SRR24833886,1041,X,OG1,L,AA
hRSV_SRR24833886,1042,X,OG1,L,AA
hRSV_SRR24833886,1043,X,OG1,L,AA
hRSV_SRR24833886,1044,X,OG1,L,AA
hRSV_SRR24833886,1045,X,OG1,L,AA
hRSV_SRR24833886,1046,X,OG1,L,AA
hRSV_SRR24833886,1047,X,OG1,L,AA
hRSV_SRR24833886,1048,X,OG1,L,AA
hRSV_SRR24833886,1049,X,OG1,L,AA
hRSV_SRR24833886,1050,X,OG1,L,AA
hRSV_SRR24833886,1051,X,OG1,L,AA
hRSV_SRR24833886,1052,X,OG1,L,AA
hRSV_SRR24833886,1053,X,OG1,L,AA
hRSV_SRR24833886,1054,X,OG1,L,AA
hRSV_SRR24833886,1055,X,OG1,L,AA
hRSV_SRR24833886,1056,X,OG1,L,AA
hRSV_SRR24833886,1057,X,OG1,L,AA
hRSV_SRR24833886,1058,X,OG1,L,AA
hRSV_SRR24833886,1059,X,OG1,L,AA
hRSV_SRR24833886,1060,X,OG1,L,AA
hRSV_SRR24833886,1061,X,OG1,L,AA
hRSV_SRR24833886,1062,X,OG1,L,AA
hRSV_SRR24833886,1063,X,OG1,L,AA
hRSV_SRR24833886,1064,X,OG1,L,AA
hRSV_SRR24833886,1065,X,OG1,L,AA
hRSV_SRR24833886,1066,X,OG1,L,AA
hRSV_SRR24833886,1067,X,OG1,L,AA
hRSV_SRR24833886,1068,X,OG1,L,AA
hRSV_SRR24833886,1069,X,OG1,L,AA
hRSV_SRR24833886,1070,X,OG1,L,AA
hRSV_SRR24833886,1071,X,OG1,L,AA
hRSV_SRR24833886,1072,X,OG1,L,AA
hRSV_SRR24833886,1073,X,OG1,L,AA
hRSV_SRR24833886,1074,X,OG1,L,AA
hRSV_SRR24833886,1075,X,OG1,L,AA
hRSV_SRR24833886,1076,X,OG1,L,AA
hRSV_SRR24833886,1077,X,OG1,L,AA
hRSV_SRR24833886,1078,X,OG1,L,AA
hRSV_SRR24833886,1079,X,OG1,L,AA
hRSV_SRR24833886,1080,X,OG1,L,AA
hRSV_SRR24833886,1081,X,OG1,L,AA
hRSV_SRR24833886,1082,X,OG1,L,AA
hRSV_SRR24833886,1083,X,OG1,L,AA
hRSV_SRR24833886,1084,X,OG1,L,AA
hRSV_SRR24833886,1085,X,OG1,L,AA
hRSV_SRR24833886,1086,X,OG1,L,AA
hRSV_SRR24833886,1087,X,OG1,L,AA
hRSV_SRR24833886,1088,X,OG1,L,AA
hRSV_SRR24833886,1089,X,OG1,L,AA
hRSV_SRR24833886,1090,X,OG1,L,AA
hRSV_SRR24833886,1091,X,OG1,L,AA
hRSV_SRR24833886,1092,X,OG1,L,AA
hRSV_SRR24833886,1093,X,OG1,L,AA
hRSV_SRR24833886,1094,X,OG1,L,AA
hRSV_SRR24833886,1095,X,OG1,L,AA
hRSV_SRR24833886,1096,X,OG1,L,AA
hRSV_SRR24833886,1097,X,OG1,L,AA
hRSV_SRR24833886,1098,X,OG1,L,AA
hRSV_SRR24833886,1099,X,OG1,L,AA
hRSV_SRR24833886,1100,X,OG1,L,AA
hRSV_SRR24833886,1101,X,OG1,L,AA
hRSV_SRR24833886,1102,X,OG1,L,AA
hRSV_SRR24833886,1103,X,OG1,L,AA
hRSV_SRR24833886,1104,X,OG1,L,AA
hRSV_SRR24833886,1105,X,OG1,L,AA
hRSV_SRR24833886,1106,X,OG1,L,AA
hRSV_SRR24833886,1107,X,OG1,L,AA
hRSV_SRR24833886,1108,X,OG1,L,AA
hRSV_SRR24833886,1109,X,OG1,L,AA
hRSV_SRR24833886,1110,X,OG1,L,AA
hRSV_SRR24833886,1111,X,OG1,L,AA
hRSV_SRR24833886,1112,X,OG1,L,AA
hRSV_SRR24833886,1113,X,OG1,L,AA
hRSV_SRR24833886,1114,X,OG1,L,AA
hRSV_SRR24833886,1115,X,OG1,L,AA
hRSV_SRR24833886,1116,X,OG1,L,AA
hRSV_SRR24833886,1117,X,OG1,L,AA
hRSV_SRR24833886,1118,X,OG1,L,AA
hRSV_SRR24833886,1119,X,OG1,L,AA
hRSV_SRR24833886,1120,X,OG1,L,AA
hRSV_SRR24833886,1121,X,OG1,L,AA
hRSV_SRR24833886,1122,X,OG1,L,AA
hRSV_SRR24833886,1123,X,OG1,L,AA
hRSV_SRR24833886,1124,X,OG1,L,AA
hRSV_SRR24833886,1125,X,OG1,L,AA
hRSV_SRR24833886,1126,X,OG1,L,AA
hRSV_SRR24833886,1127,X,OG1,L,AA
hRSV_SRR24833886,1128,X,OG1,L,AA
hRSV_SRR24833886,1129,X,OG1,L,AA
hRSV_SRR24833886,1130,X,OG1,L,AA
hRSV_SRR24833886,1131,X,OG1,L,AA
hRSV_SRR24833886,1132,X,OG1,L,AA
hRSV_SRR24833886,1133,X,OG1,L,AA
hRSV_SRR24833886,1134,X,OG1,L,AA
hRSV_SRR24833886,1135,X,OG1,L,AA
hRSV_SRR24833886,1136,X,OG1,L,AA
hRSV_SRR24833886,1137,X,OG1,L,AA
hRSV_SRR24833886,1138,X,OG1,L,AA
hRSV_SRR24833886,1139,X,OG1,L,AA
hRSV_SRR24833886,1140,X,OG1,L,AA
hRSV_SRR24833886,1141,X,OG1,L,AA
hRSV_SRR24833886,1142,X,OG1,L,AA
hRSV_SRR24833886,1143,X,OG1,L,AA
hRSV_SRR24833886,1144,X,OG1,L,AA
hRSV_SRR24833886,1145,X,OG1,L,AA
hRSV_SRR24833886,1146,X,OG1,L,AA
hRSV_SRR24833886,1147,X,OG1,L,AA
hRSV_SRR24833886,1148,X,OG1,L,AA
hRSV_SRR24833886,1149,X,OG1,L,AA
hRSV_SRR24833886,1150,X,OG1,L,AA
hRSV_SRR24833886,1151,X,OG1,L,AA
hRSV_SRR24833886,1152,X,OG1,L,AA
hRSV_SRR24833886,1153,X,OG1,L,AA
hRSV_SRR24833886,1154,X,OG1,L,AA
hRSV_SRR24833886,1155,X,OG1,L,AA
hRSV_SRR24833886,1156,X,OG1,L,AA
hRSV_SRR24833886,1157,X,OG1,L,AA
hRSV_SRR24833886,1158,X,OG1,L,AA
hRSV_SRR24833886,1159,X,OG1,L,AA
hRSV_SRR24833886,1160,X,OG1,L,AA
hRSV_SRR24833886,1161,X,OG1,L,AA
hRSV_SRR24833886,1162,X,OG1,L,AA
hRSV_SRR24833886,1163,X,OG1,L,AA
hRSV_SRR24833886,1164,X,OG1,L,AA
hRSV_SRR24833886,1165,X,OG1,L,AA
hRSV_SRR24833886,1166,X,OG1,L,AA
hRSV_SRR24833886,1167,X,OG1,L,AA
hRSV_SRR24833886,1168,X,OG1,L,AA
hRSV_SRR24833886,1169,X,OG1,L,AA
hRSV_SRR24833886,1170,X,OG1,L,AA
hRSV_SRR24833886,1171,X,OG1,L,AA
hRSV_SRR24833886,1172,X,OG1,L,AA
hRSV_SRR24833886,1173,X,OG1,L,AA
hRSV_SRR24833886,1174,X,OG1,L,AA
hRSV_SRR24833886,1175,X,OG1,L,AA
hRSV_SRR24833886,1176,X,OG1,L,AA
hRSV_SRR24833886,1177,X,OG1,L,AA
hRSV_SRR24833886,1178,X,OG1,L,AA
hRSV_SRR24833886,1179,X,OG1,L,AA
hRSV_SRR24833886,1180,X,OG1,L,AA
hRSV_SRR24833886,1181,X,OG1,L,AA
hRSV_SRR24833886,1182,X,OG1,L,AA
hRSV_SRR24833886,1183,X,OG1,L,AA
hRSV_SRR24833886,1184,X,OG1,L,AA
hRSV_SRR24833886,1185,X,OG1,L,AA
hRSV_SRR24833886,1186,X,OG1,L,AA
hRSV_SRR24833886,1187,X,OG1,L,AA
hRSV_SRR24833886,1188,X,OG1,L,AA
hRSV_SRR24833886,1189,X,OG1,L,AA
hRSV_SRR24833886,1190,X,OG1,L,AA
hRSV_SRR24833886,1191,X,OG1,L,AA
hRSV_SRR24833886,1192,X,OG1,L,AA
hRSV_SRR24833886,1193,X,OG1,L,AA
hRSV_SRR24833886,1194,X,OG1,L,AA
hRSV_SRR24833886,1195,X,OG1,L,AA
hRSV_SRR24833886,1196,X,OG1,L,AA
hRSV_SRR24833886,1197,X,OG1,L,AA
hRSV_SRR24833886,1198,X,OG1,L,AA
hRSV_SRR24833886,1199,X,OG1,L,AA
hRSV_SRR24833886,1200,X,OG1,L,AA
hRSV_SRR24833886,1201,X,OG1,L,AA
hRSV_SRR24833886,1202,X,OG1,L,AA
hRSV_SRR24833886,1203,X,OG1,L,AA
hRSV_SRR24833886,1204,X,OG1,L,AA
hRSV_SRR24833886,1205,Y,OG1,L,AA
hRSV_SRR24833886,1206,V,OG1,L,AA
hRSV_SRR24833886,1207,R,OG1,L,AA
hRSV_SRR24833886,1208,E,OG1,L,AA
hRSV_SRR24833886,1209,R,OG1,L,AA
hRSV_SRR24833886,1210,S,OG1,L,AA
hRSV_SRR24833886,1211,W,OG1,L,AA
hRSV_SRR24833886,1212,S,OG1,L,AA
hRSV_SRR24833886,1213,L,OG1,L,AA
hRSV_SRR24833886,1214,S,OG1,L,AA
hRSV_SRR24833886,1215,N,OG1,L,AA
hRSV_SRR24833886,1216,I,OG1,L,AA
hRSV_SRR24833886,1217,V,OG1,L,AA
hRSV_SRR24833886,1218,G,OG1,L,AA
hRSV_SRR24833886,1219,V,OG1,L,AA
hRSV_SRR24833886,1220,T,OG1,L,AA
hRSV_SRR24833886,1221,S,OG1,L,AA
hRSV_SRR24833886,1222,P,OG1,L,AA
hRSV_SRR24833886,1223,S,OG1,L,AA
hRSV_SRR24833886,1224,I,OG1,L,AA
hRSV_SRR24833886,1225,M,OG1,L,AA
hRSV_SRR24833886,1226,F,OG1,L,AA
hRSV_SRR24833886,1227,T,OG1,L,AA
hRSV_SRR24833886,1228,M,OG1,L,AA
hRSV_SRR24833886,1229,D,OG1,L,AA
hRSV_SRR24833886,1230,I,OG1,L,AA
hRSV_SRR24833886,1231,K,OG1,L,AA
hRSV_SRR24833886,1232,Y,OG1,L,AA
hRSV_SRR24833886,1233,T,OG1,L,AA
hRSV_SRR24833886,1234,T,OG1,L,AA
hRSV_SRR24833886,1235,S,OG1,L,AA
hRSV_SRR24833886,1236,T,OG1,L,AA
hRSV_SRR24833886,1237,I,OG1,L,AA
hRSV_SRR24833886,1238,A,OG1,L,AA
hRSV_SRR24833886,1239,S,OG1,L,AA
hRSV_SRR24833886,1240,G,OG1,L,AA
hRSV_SRR24833886,1241,I,OG1,L,AA
hRSV_SRR24833886,1242,I,OG1,L,AA
hRSV_SRR24833886,1243,I,OG1,L,AA
hRSV_SRR24833886,1244,E,OG1,L,AA
hRSV_SRR24833886,1245,K,OG1,L,AA
hRSV_SRR24833886,1246,Y,OG1,L,AA
hRSV_SRR24833886,1247,N,OG1,L,AA
hRSV_SRR24833886,1248,V,OG1,L,AA
hRSV_SRR24833886,1249,N,OG1,L,AA
hRSV_SRR24833886,1250,G,OG1,L,AA
hRSV_SRR24833886,1251,L,OG1,L,AA
hRSV_SRR24833886,1252,T,OG1,L,AA
hRSV_SRR24833886,1253,R,OG1,L,AA
hRSV_SRR24833886,1254,G,OG1,L,AA
hRSV_SRR24833886,1255,E,OG1,L,AA
hRSV_SRR24833886,1256,R,OG1,L,AA
hRSV_SRR24833886,1257,G,OG1,L,AA
hRSV_SRR24833886,1258,P,OG1,L,AA
hRSV_SRR24833886,1259,T,OG1,L,AA
hRSV_SRR24833886,1260,K,OG1,L,AA
hRSV_SRR24833886,1261,P,OG1,L,AA
hRSV_SRR24833886,1262,W,OG1,L,AA
hRSV_SRR24833886,1263,V,OG1,L,AA
hRSV_SRR24833886,1264,G,OG1,L,AA
hRSV_SRR24833886,1265,S,OG1,L,AA
hRSV_SRR24833886,1266,S,OG1,L,AA
hRSV_SRR24833886,1267,T,OG1,L,AA
hRSV_SRR24833886,1268,X,OG1,L,AA
hRSV_SRR24833886,1269,E,OG1,L,AA
hRSV_SRR24833886,1270,K,OG1,L,AA
hRSV_SRR24833886,1271,K,OG1,L,AA
hRSV_SRR24833886,1272,T,OG1,L,AA
hRSV_SRR24833886,1273,M,OG1,L,AA
hRSV_SRR24833886,1274,P,OG1,L,AA
hRSV_SRR24833886,1275,V,OG1,L,AA
hRSV_SRR24833886,1276,Y,OG1,L,AA
hRSV_SRR24833886,1277,N,OG1,L,AA
hRSV_SRR24833886,1278,R,OG1,L,AA
hRSV_SRR24833886,1279,Q,OG1,L,AA
hRSV_SRR24833886,1280,V,OG1,L,AA
hRSV_SRR24833886,1281,L,OG1,L,AA
hRSV_SRR24833886,1282,T,OG1,L,AA
hRSV_SRR24833886,1283,K,OG1,L,AA
hRSV_SRR24833886,1284,K,OG1,L,AA
hRSV_SRR24833886,1285,Q,OG1,L,AA
hRSV_SRR24833886,1286,R,OG1,L,AA
hRSV_SRR24833886,1287,D,OG1,L,AA
hRSV_SRR24833886,1288,Q,OG1,L,AA
hRSV_SRR24833886,1289,I,OG1,L,AA
hRSV_SRR24833886,1290,D,OG1,L,AA
hRSV_SRR24833886,1291,L,OG1,L,AA
hRSV_SRR24833886,1292,L,OG1,L,AA
hRSV_SRR24833886,1293,A,OG1,L,AA
hRSV_SRR24833886,1294,K,OG1,L,AA
hRSV_SRR24833886,1295,L,OG1,L,AA
hRSV_SRR24833886,1296,D,OG1,L,AA
hRSV_SRR24833886,1297,W,OG1,L,AA
hRSV_SRR24833886,1298,V,OG1,L,AA
hRSV_SRR24833886,1299,Y,OG1,L,AA
hRSV_SRR24833886,1300,A,OG1,L,AA
hRSV_SRR24833886,1301,S,OG1,L,AA
hRSV_SRR24833886,1302,I,OG1,L,AA
hRSV_SRR24833886,1303,D,OG1,L,AA
hRSV_SRR24833886,1304,N,OG1,L,AA
hRSV_SRR24833886,1305,K,OG1,L,AA
hRSV_SRR24833886,1306,D,OG1,L,AA
hRSV_SRR24833886,1307,E,OG1,L,AA
hRSV_SRR24833886,1308,F,OG1,L,AA
hRSV_SRR24833886,1309,M,OG1,L,AA
hRSV_SRR24833886,1310,E,OG1,L,AA
hRSV_SRR24833886,1311,E,OG1,L,AA
hRSV_SRR24833886,1312,L,OG1,L,AA
hRSV_SRR24833886,1313,S,OG1,L,AA
hRSV_SRR24833886,1314,T,OG1,L,AA
hRSV_SRR24833886,1315,G,OG1,L,AA
hRSV_SRR24833886,1316,T,OG1,L,AA
hRSV_SRR24833886,1317,L,OG1,L,AA
hRSV_SRR24833886,1318,G,OG1,L,AA
hRSV_SRR24833886,1319,L,OG1,L,AA
hRSV_SRR24833886,1320,S,OG1,L,AA
hRSV_SRR24833886,1321,Y,OG1,L,AA
hRSV_SRR24833886,1322,E,OG1,L,AA
hRSV_SRR24833886,1323,K,OG1,L,AA
hRSV_SRR24833886,1324,A,OG1,L,AA
hRSV_SRR24833886,1325,K,OG1,L,AA
hRSV_SRR24833886,1326,K,OG1,L,AA
hRSV_SRR24833886,1327,L,OG1,L,AA
hRSV_SRR24833886,1328,F,OG1,L,AA
hRSV_SRR24833886,1329,P,OG1,L,AA
hRSV_SRR24833886,1330,Q,OG1,L,AA
hRSV_SRR24833886,1331,Y,OG1,L,AA
hRSV_SRR24833886,1332,L,OG1,L,AA
hRSV_SRR24833886,1333,S,OG1,L,AA
hRSV_SRR24833886,1334,V,OG1,L,AA
hRSV_SRR24833886,1335,N,OG1,L,AA
hRSV_SRR24833886,1336,Y,OG1,L,AA
hRSV_SRR24833886,1337,L,OG1,L,AA
hRSV_SRR24833886,1338,H,OG1,L,AA
hRSV_SRR24833886,1339,R,OG1,L,AA
hRSV_SRR24833886,1340,L,OG1,L,AA
hRSV_SRR24833886,1341,T,OG1,L,AA
hRSV_SRR24833886,1342,V,OG1,L,AA
hRSV_SRR24833886,1343,S,OG1,L,AA
hRSV_SRR24833886,1344,S,OG1,L,AA
hRSV_SRR24833886,1345,R,OG1,L,AA
hRSV_SRR24833886,1346,P,OG1,L,AA
hRSV_SRR24833886,1347,C,OG1,L,AA
hRSV_SRR24833886,1348,E,OG1,L,AA
hRSV_SRR24833886,1349,F,OG1,L,AA
hRSV_SRR24833886,1350,P,OG1,L,AA
hRSV_SRR24833886,1351,A,OG1,L,AA
hRSV_SRR24833886,1352,S,OG1,L,AA
hRSV_SRR24833886,1353,I,OG1,L,AA
hRSV_SRR24833886,1354,P,OG1,L,AA
hRSV_SRR24833886,1355,A,OG1,L,AA
hRSV_SRR24833886,1356,Y,OG1,L,AA
hRSV_SRR24833886,1357,R,OG1,L,AA
hRSV_SRR24833886,1358,T,OG1,L,AA
hRSV_SRR24833886,1359,T,OG1,L,AA
hRSV_SRR24833886,1360,N,OG1,L,AA
hRSV_SRR24833886,1361,Y,OG1,L,AA
hRSV_SRR24833886,1362,H,OG1,L,AA
hRSV_SRR24833886,1363,F,OG1,L,AA
hRSV_SRR24833886,1364,D,OG1,L,AA
hRSV_SRR24833886,1365,T,OG1,L,AA
hRSV_SRR24833886,1366,S,OG1,L,AA
hRSV_SRR24833886,1367,P,OG1,L,AA
hRSV_SRR24833886,1368,I,OG1,L,AA
hRSV_SRR24833886,1369,N,OG1,L,AA
hRSV_SRR24833886,1370,H,OG1,L,AA
hRSV_SRR24833886,1371,V,OG1,L,AA
hRSV_SRR24833886,1372,L,OG1,L,AA
hRSV_SRR24833886,1373,T,OG1,L,AA
hRSV_SRR24833886,1374,E,OG1,L,AA
hRSV_SRR24833886,1375,K,OG1,L,AA
hRSV_SRR24833886,1376,Y,OG1,L,AA
hRSV_SRR24833886,1377,G,OG1,L,AA
hRSV_SRR24833886,1378,D,OG1,L,AA
hRSV_SRR24833886,1379,E,OG1,L,AA
hRSV_SRR24833886,1380,D,OG1,L,AA
hRSV_SRR24833886,1381,I,OG1,L,AA
hRSV_SRR24833886,1382,D,OG1,L,AA
hRSV_SRR24833886,1383,I,OG1,L,AA
hRSV_SRR24833886,1384,V,OG1,L,AA
hRSV_SRR24833886,1385,F,OG1,L,AA
hRSV_SRR24833886,1386,Q,OG1,L,AA
hRSV_SRR24833886,1387,N,OG1,L,AA
hRSV_SRR24833886,1388,C,OG1,L,AA
hRSV_SRR24833886,1389,I,OG1,L,AA
hRSV_SRR24833886,1390,S,OG1,L,AA
hRSV_SRR24833886,1391,F,OG1,L,AA
hRSV_SRR24833886,1392,G,OG1,L,AA
hRSV_SRR24833886,1393,L,OG1,L,AA
hRSV_SRR24833886,1394,S,OG1,L,AA
hRSV_SRR24833886,1395,L,OG1,L,AA
hRSV_SRR24833886,1396,M,OG1,L,AA
hRSV_SRR24833886,1397,S,OG1,L,AA
hRSV_SRR24833886,1398,V,OG1,L,AA
hRSV_SRR24833886,1399,V,OG1,L,AA
hRSV_SRR24833886,1400,E,OG1,L,AA
hRSV_SRR24833886,1401,Q,OG1,L,AA
hRSV_SRR24833886,1402,F,OG1,L,AA
hRSV_SRR24833886,1403,T,OG1,L,AA
hRSV_SRR24833886,1404,N,OG1,L,AA
hRSV_SRR24833886,1405,I,OG1,L,AA
hRSV_SRR24833886,1406,C,OG1,L,AA
hRSV_SRR24833886,1407,P,OG1,L,AA
hRSV_SRR24833886,1408,N,OG1,L,AA
hRSV_SRR24833886,1409,R,OG1,L,AA
hRSV_SRR24833886,1410,I,OG1,L,AA
hRSV_SRR24833886,1411,I,OG1,L,AA
hRSV_SRR24833886,1412,L,OG1,L,AA
hRSV_SRR24833886,1413,I,OG1,L,AA
hRSV_SRR24833886,1414,P,OG1,L,AA
hRSV_SRR24833886,1415,K,OG1,L,AA
hRSV_SRR24833886,1416,L,OG1,L,AA
hRSV_SRR24833886,1417,N,OG1,L,AA
hRSV_SRR24833886,1418,E,OG1,L,AA
hRSV_SRR24833886,1419,I,OG1,L,AA
hRSV_SRR24833886,1420,H,OG1,L,AA
hRSV_SRR24833886,1421,L,OG1,L,AA
hRSV_SRR24833886,1422,X,OG1,L,AA
hRSV_SRR24833886,1423,X,OG1,L,AA
hRSV_SRR24833886,1424,X,OG1,L,AA
hRSV_SRR24833886,1425,X,OG1,L,AA
hRSV_SRR24833886,1426,X,OG1,L,AA
hRSV_SRR24833886,1427,X,OG1,L,AA
hRSV_SRR24833886,1428,X,OG1,L,AA
hRSV_SRR24833886,1429,X,OG1,L,AA
hRSV_SRR24833886,1430,X,OG1,L,AA
hRSV_SRR24833886,1431,X,OG1,L,AA
hRSV_SRR24833886,1432,X,OG1,L,AA
hRSV_SRR24833886,1433,X,OG1,L,AA
hRSV_SRR24833886,1434,X,OG1,L,AA
hRSV_SRR24833886,1435,X,OG1,L,AA
hRSV_SRR24833886,1436,X,OG1,L,AA
hRSV_SRR24833886,1437,X,OG1,L,AA
hRSV_SRR24833886,1438,X,OG1,L,AA
hRSV_SRR24833886,1439,X,OG1,L,AA
hRSV_SRR24833886,1440,X,OG1,L,AA
hRSV_SRR24833886,1441,X,OG1,L,AA
hRSV_SRR24833886,1442,X,OG1,L,AA
hRSV_SRR24833886,1443,X,OG1,L,AA
hRSV_SRR24833886,1444,X,OG1,L,AA
hRSV_SRR24833886,1445,X,OG1,L,AA
hRSV_SRR24833886,1446,X,OG1,L,AA
hRSV_SRR24833886,1447,X,OG1,L,AA
hRSV_SRR24833886,1448,X,OG1,L,AA
hRSV_SRR24833886,1449,X,OG1,L,AA
hRSV_SRR24833886,1450,X,OG1,L,AA
hRSV_SRR24833886,1451,X,OG1,L,AA
hRSV_SRR24833886,1452,X,OG1,L,AA
hRSV_SRR24833886,1453,X,OG1,L,AA
hRSV_SRR24833886,1454,X,OG1,L,AA
hRSV_SRR24833886,1455,X,OG1,L,AA
hRSV_SRR24833886,1456,X,OG1,L,AA
hRSV_SRR24833886,1457,X,OG1,L,AA
hRSV_SRR24833886,1458,X,OG1,L,AA
hRSV_SRR24833886,1459,X,OG1,L,AA
hRSV_SRR24833886,1460,X,OG1,L,AA
hRSV_SRR24833886,1461,X,OG1,L,AA
hRSV_SRR24833886,1462,X,OG1,L,AA
hRSV_SRR24833886,1463,X,OG1,L,AA
hRSV_SRR24833886,1464,-,OG1,L,AA
hRSV_SRR24833886,1465,X,OG1,L,AA
hRSV_SRR24833886,1466,X,OG1,L,AA
hRSV_SRR24833886,1467,X,OG1,L,AA
hRSV_SRR24833886,1468,X,OG1,L,AA
hRSV_SRR24833886,1469,X,OG1,L,AA
hRSV_SRR24833886,1470,X,OG1,L,AA
hRSV_SRR24833886,1471,X,OG1,L,AA
hRSV_SRR24833886,1472,X,OG1,L,AA
hRSV_SRR24833886,1473,X,OG1,L,AA
hRSV_SRR24833886,1474,X,OG1,L,AA
hRSV_SRR24833886,1475,X,OG1,L,AA
hRSV_SRR24833886,1476,X,OG1,L,AA
hRSV_SRR24833886,1477,X,OG1,L,AA
hRSV_SRR24833886,1478,X,OG1,L,AA
hRSV_SRR24833886,1479,X,OG1,L,AA
hRSV_SRR24833886,1480,X,OG1,L,AA
hRSV_SRR24833886,1481,X,OG1,L,AA
hRSV_SRR24833886,1482,X,OG1,L,AA
hRSV_SRR24833886,1483,X,OG1,L,AA
hRSV_SRR24833886,1484,X,OG1,L,AA
hRSV_SRR24833886,1485,X,OG1,L,AA
hRSV_SRR24833886,1486,X,OG1,L,AA
hRSV_SRR24833886,1487,X,OG1,L,AA
hRSV_SRR24833886,1488,X,OG1,L,AA
hRSV_SRR24833886,1489,X,OG1,L,AA
hRSV_SRR24833886,1490,X,OG1,L,AA
hRSV_SRR24833886,1491,X,OG1,L,AA
hRSV_SRR24833886,1492,X,OG1,L,AA
hRSV_SRR24833886,1493,-,OG1,L,AA
hRSV_SRR24833886,1494,-,OG1,L,AA
hRSV_SRR24833886,1495,-,OG1,L,AA
hRSV_SRR24833886,1496,X,OG1,L,AA
hRSV_SRR24833886,1497,X,OG1,L,AA
hRSV_SRR24833886,1498,X,OG1,L,AA
hRSV_SRR24833886,1499,X,OG1,L,AA
hRSV_SRR24833886,1500,X,OG1,L,AA
hRSV_SRR24833886,1501,X,OG1,L,AA
hRSV_SRR24833886,1502,X,OG1,L,AA
hRSV_SRR24833886,1503,X,OG1,L,AA
hRSV_SRR24833886,1504,X,OG1,L,AA
hRSV_SRR24833886,1505,X,OG1,L,AA
hRSV_SRR24833886,1506,X,OG1,L,AA
hRSV_SRR24833886,1507,X,OG1,L,AA
hRSV_SRR24833886,1508,X,OG1,L,AA
hRSV_SRR24833886,1509,X,OG1,L,AA
hRSV_SRR24833886,1510,X,OG1,L,AA
hRSV_SRR24833886,1511,X,OG1,L,AA
hRSV_SRR24833886,1512,X,OG1,L,AA
hRSV_SRR24833886,1513,X,OG1,L,AA
hRSV_SRR24833886,1514,X,OG1,L,AA
hRSV_SRR24833886,1515,X,OG1,L,AA
hRSV_SRR24833886,1516,X,OG1,L,AA
hRSV_SRR24833886,1517,X,OG1,L,AA
hRSV_SRR24833886,1518,X,OG1,L,AA
hRSV_SRR24833886,1519,X,OG1,L,AA
hRSV_SRR24833886,1520,X,OG1,L,AA
hRSV_SRR24833886,1521,X,OG1,L,AA
hRSV_SRR24833886,1522,X,OG1,L,AA
hRSV_SRR24833886,1523,X,OG1,L,AA
hRSV_SRR24833886,1524,X,OG1,L,AA
hRSV_SRR24833886,1525,X,OG1,L,AA
hRSV_SRR24833886,1526,X,OG1,L,AA
hRSV_SRR24833886,1527,X,OG1,L,AA
hRSV_SRR24833886,1528,X,OG1,L,AA
hRSV_SRR24833886,1529,X,OG1,L,AA
hRSV_SRR24833886,1530,X,OG1,L,AA
hRSV_SRR24833886,1531,X,OG1,L,AA
hRSV_SRR24833886,1532,X,OG1,L,AA
hRSV_SRR24833886,1533,X,OG1,L,AA
hRSV_SRR24833886,1534,X,OG1,L,AA
hRSV_SRR24833886,1535,X,OG1,L,AA
hRSV_SRR24833886,1536,X,OG1,L,AA
hRSV_SRR24833886,1537,X,OG1,L,AA
hRSV_SRR24833886,1538,X,OG1,L,AA
hRSV_SRR24833886,1539,X,OG1,L,AA
hRSV_SRR24833886,1540,X,OG1,L,AA
hRSV_SRR24833886,1541,X,OG1,L,AA
hRSV_SRR24833886,1542,X,OG1,L,AA
hRSV_SRR24833886,1543,X,OG1,L,AA
hRSV_SRR24833886,1544,X,OG1,L,AA
hRSV_SRR24833886,1545,X,OG1,L,AA
hRSV_SRR24833886,1546,X,OG1,L,AA
hRSV_SRR24833886,1547,X,OG1,L,AA
hRSV_SRR24833886,1548,X,OG1,L,AA
hRSV_SRR24833886,1549,X,OG1,L,AA
hRSV_SRR24833886,1550,X,OG1,L,AA
hRSV_SRR24833886,1551,X,OG1,L,AA
hRSV_SRR24833886,1552,X,OG1,L,AA
hRSV_SRR24833886,1553,X,OG1,L,AA
hRSV_SRR24833886,1554,X,OG1,L,AA
hRSV_SRR24833886,1555,X,OG1,L,AA
hRSV_SRR24833886,1556,X,OG1,L,AA
hRSV_SRR24833886,1557,X,OG1,L,AA
hRSV_SRR24833886,1558,X,OG1,L,AA
hRSV_SRR24833886,1559,X,OG1,L,AA
hRSV_SRR24833886,1560,X,OG1,L,AA
hRSV_SRR24833886,1561,X,OG1,L,AA
hRSV_SRR24833886,1562,X,OG1,L,AA
hRSV_SRR24833886,1563,X,OG1,L,AA
hRSV_SRR24833886,1564,X,OG1,L,AA
hRSV_SRR24833886,1565,X,OG1,L,AA
hRSV_SRR24833886,1566,X,OG1,L,AA
hRSV_SRR24833886,1567,X,OG1,L,AA
hRSV_SRR24833886,1568,X,OG1,L,AA
hRSV_SRR24833886,1569,X,OG1,L,AA
hRSV_SRR24833886,1570,X,OG1,L,AA
hRSV_SRR24833886,1571,X,OG1,L,AA
hRSV_SRR24833886,1572,X,OG1,L,AA
hRSV_SRR24833886,1573,X,OG1,L,AA
hRSV_SRR24833886,1574,X,OG1,L,AA
hRSV_SRR24833886,1575,X,OG1,L,AA
hRSV_SRR24833886,1576,X,OG1,L,AA
hRSV_SRR24833886,1577,X,OG1,L,AA
hRSV_SRR24833886,1578,X,OG1,L,AA
hRSV_SRR24833886,1579,X,OG1,L,AA
hRSV_SRR24833886,1580,X,OG1,L,AA
hRSV_SRR24833886,1581,X,OG1,L,AA
hRSV_SRR24833886,1582,X,OG1,L,AA
hRSV_SRR24833886,1583,X,OG1,L,AA
hRSV_SRR24833886,1584,X,OG1,L,AA
hRSV_SRR24833886,1585,X,OG1,L,AA
hRSV_SRR24833886,1586,X,OG1,L,AA
hRSV_SRR24833886,1587,X,OG1,L,AA
hRSV_SRR24833886,1588,X,OG1,L,AA
hRSV_SRR24833886,1589,X,OG1,L,AA
hRSV_SRR24833886,1590,X,OG1,L,AA
hRSV_SRR24833886,1591,X,OG1,L,AA
hRSV_SRR24833886,1592,X,OG1,L,AA
hRSV_SRR24833886,1593,X,OG1,L,AA
hRSV_SRR24833886,1594,X,OG1,L,AA
hRSV_SRR24833886,1595,X,OG1,L,AA
hRSV_SRR24833886,1596,X,OG1,L,AA
hRSV_SRR24833886,1597,X,OG1,L,AA
hRSV_SRR24833886,1598,X,OG1,L,AA
hRSV_SRR24833886,1599,X,OG1,L,AA
hRSV_SRR24833886,1600,X,OG1,L,AA
hRSV_SRR24833886,1601,X,OG1,L,AA
hRSV_SRR24833886,1602,X,OG1,L,AA
hRSV_SRR24833886,1603,X,OG1,L,AA
hRSV_SRR24833886,1604,X,OG1,L,AA
hRSV_SRR24833886,1605,X,OG1,L,AA
hRSV_SRR24833886,1606,X,OG1,L,AA
hRSV_SRR24833886,1607,X,OG1,L,AA
hRSV_SRR24833886,1608,X,OG1,L,AA
hRSV_SRR24833886,1609,X,OG1,L,AA
hRSV_SRR24833886,1610,X,OG1,L,AA
hRSV_SRR24833886,1611,X,OG1,L,AA
hRSV_SRR24833886,1612,X,OG1,L,AA
hRSV_SRR24833886,1613,X,OG1,L,AA
hRSV_SRR24833886,1614,X,OG1,L,AA
hRSV_SRR24833886,1615,X,OG1,L,AA
hRSV_SRR24833886,1616,X,OG1,L,AA
hRSV_SRR24833886,1617,X,OG1,L,AA
hRSV_SRR24833886,1618,X,OG1,L,AA
hRSV_SRR24833886,1619,X,OG1,L,AA
hRSV_SRR24833886,1620,X,OG1,L,AA
hRSV_SRR24833886,1621,X,OG1,L,AA
hRSV_SRR24833886,1622,X,OG1,L,AA
hRSV_SRR24833886,1623,X,OG1,L,AA
hRSV_SRR24833886,1624,X,OG1,L,AA
hRSV_SRR24833886,1625,X,OG1,L,AA
hRSV_SRR24833886,1626,X,OG1,L,AA
hRSV_SRR24833886,1627,X,OG1,L,AA
hRSV_SRR24833886,1628,X,OG1,L,AA
hRSV_SRR24833886,1629,X,OG1,L,AA
hRSV_SRR24833886,1630,X,OG1,L,AA
hRSV_SRR24833886,1631,X,OG1,L,AA
hRSV_SRR24833886,1632,X,OG1,L,AA
hRSV_SRR24833886,1633,X,OG1,L,AA
hRSV_SRR24833886,1634,X,OG1,L,AA
hRSV_SRR24833886,1635,X,OG1,L,AA
hRSV_SRR24833886,1636,X,OG1,L,AA
hRSV_SRR24833886,1637,X,OG1,L,AA
hRSV_SRR24833886,1638,X,OG1,L,AA
hRSV_SRR24833886,1639,X,OG1,L,AA
hRSV_SRR24833886,1640,X,OG1,L,AA
hRSV_SRR24833886,1641,X,OG1,L,AA
hRSV_SRR24833886,1642,X,OG1,L,AA
hRSV_SRR24833886,1643,X,OG1,L,AA
hRSV_SRR24833886,1644,X,OG1,L,AA
hRSV_SRR24833886,1645,X,OG1,L,AA
hRSV_SRR24833886,1646,X,OG1,L,AA
hRSV_SRR24833886,1647,X,OG1,L,AA
hRSV_SRR24833886,1648,X,OG1,L,AA
hRSV_SRR24833886,1649,X,OG1,L,AA
hRSV_SRR24833886,1650,X,OG1,L,AA
hRSV_SRR24833886,1651,X,OG1,L,AA
hRSV_SRR24833886,1652,X,OG1,L,AA
hRSV_SRR24833886,1653,X,OG1,L,AA
hRSV_SRR24833886,1654,X,OG1,L,AA
hRSV_SRR24833886,1655,X,OG1,L,AA
hRSV_SRR24833886,1656,X,OG1,L,AA
hRSV_SRR24833886,1657,X,OG1,L,AA
hRSV_SRR24833886,1658,X,OG1,L,AA
hRSV_SRR24833886,1659,X,OG1,L,AA
hRSV_SRR24833886,1660,X,OG1,L,AA
hRSV_SRR24833886,1661,X,OG1,L,AA
hRSV_SRR24833886,1662,X,OG1,L,AA
hRSV_SRR24833886,1663,X,OG1,L,AA
hRSV_SRR24833886,1664,X,OG1,L,AA
hRSV_SRR24833886,1665,X,OG1,L,AA
hRSV_SRR24833886,1666,X,OG1,L,AA
hRSV_SRR24833886,1667,X,OG1,L,AA
hRSV_SRR24833886,1668,X,OG1,L,AA
hRSV_SRR24833886,1669,X,OG1,L,AA
hRSV_SRR24833886,1670,X,OG1,L,AA
hRSV_SRR24833886,1671,X,OG1,L,AA
hRSV_SRR24833886,1672,X,OG1,L,AA
hRSV_SRR24833886,1673,X,OG1,L,AA
hRSV_SRR24833886,1674,X,OG1,L,AA
hRSV_SRR24833886,1675,X,OG1,L,AA
hRSV_SRR24833886,1676,X,OG1,L,AA
hRSV_SRR24833886,1677,X,OG1,L,AA
hRSV_SRR24833886,1678,X,OG1,L,AA
hRSV_SRR24833886,1679,X,OG1,L,AA
hRSV_SRR24833886,1680,X,OG1,L,AA
hRSV_SRR24833886,1681,X,OG1,L,AA
hRSV_SRR24833886,1682,X,OG1,L,AA
hRSV_SRR24833886,1683,X,OG1,L,AA
hRSV_SRR24833886,1684,X,OG1,L,AA
hRSV_SRR24833886,1685,X,OG1,L,AA
hRSV_SRR24833886,1686,X,OG1,L,AA
hRSV_SRR24833886,1687,X,OG1,L,AA
hRSV_SRR24833886,1688,X,OG1,L,AA
hRSV_SRR24833886,1689,X,OG1,L,AA
hRSV_SRR24833886,1690,X,OG1,L,AA
hRSV_SRR24833886,1691,X,OG1,L,AA
hRSV_SRR24833886,1692,X,OG1,L,AA
hRSV_SRR24833886,1693,X,OG1,L,AA
hRSV_SRR24833886,1694,X,OG1,L,AA
hRSV_SRR24833886,1695,X,OG1,L,AA
hRSV_SRR24833886,1696,X,OG1,L,AA
hRSV_SRR24833886,1697,X,OG1,L,AA
hRSV_SRR24833886,1698,X,OG1,L,AA
hRSV_SRR24833886,1699,X,OG1,L,AA
hRSV_SRR24833886,1700,X,OG1,L,AA
hRSV_SRR24833886,1701,X,OG1,L,AA
hRSV_SRR24833886,1702,X,OG1,L,AA
hRSV_SRR24833886,1703,X,OG1,L,AA
hRSV_SRR24833886,1704,X,OG1,L,AA
hRSV_SRR24833886,1705,X,OG1,L,AA
hRSV_SRR24833886,1706,X,OG1,L,AA
hRSV_SRR24833886,1707,X,OG1,L,AA
hRSV_SRR24833886,1708,X,OG1,L,AA
hRSV_SRR24833886,1709,X,OG1,L,AA
hRSV_SRR24833886,1710,X,OG1,L,AA
hRSV_SRR24833886,1711,X,OG1,L,AA
hRSV_SRR24833886,1712,X,OG1,L,AA
hRSV_SRR24833886,1713,X,OG1,L,AA
hRSV_SRR24833886,1714,X,OG1,L,AA
hRSV_SRR24833886,1715,X,OG1,L,AA
hRSV_SRR24833886,1716,X,OG1,L,AA
hRSV_SRR24833886,1717,X,OG1,L,AA
hRSV_SRR24833886,1718,X,OG1,L,AA
hRSV_SRR24833886,1719,X,OG1,L,AA
hRSV_SRR24833886,1720,X,OG1,L,AA
hRSV_SRR24833886,1721,X,OG1,L,AA
hRSV_SRR24833886,1722,X,OG1,L,AA
hRSV_SRR24833886,1723,X,OG1,L,AA
hRSV_SRR24833886,1724,X,OG1,L,AA
hRSV_SRR24833886,1725,X,OG1,L,AA
hRSV_SRR24833886,1726,X,OG1,L,AA
hRSV_SRR24833886,1727,X,OG1,L,AA
hRSV_SRR24833886,1728,X,OG1,L,AA
hRSV_SRR24833886,1729,X,OG1,L,AA
hRSV_SRR24833886,1730,X,OG1,L,AA
hRSV_SRR24833886,1731,X,OG1,L,AA
hRSV_SRR24833886,1732,X,OG1,L,AA
hRSV_SRR24833886,1733,X,OG1,L,AA
hRSV_SRR24833886,1734,X,OG1,L,AA
hRSV_SRR24833886,1735,X,OG1,L,AA
hRSV_SRR24833886,1736,X,OG1,L,AA
hRSV_SRR24833886,1737,X,OG1,L,AA
hRSV_SRR24833886,1738,X,OG1,L,AA
hRSV_SRR24833886,1739,X,OG1,L,AA
hRSV_SRR24833886,1740,X,OG1,L,AA
hRSV_SRR24833886,1741,X,OG1,L,AA
hRSV_SRR24833886,1742,X,OG1,L,AA
hRSV_SRR24833886,1743,X,OG1,L,AA
hRSV_SRR24833886,1744,X,OG1,L,AA
hRSV_SRR24833886,1745,X,OG1,L,AA
hRSV_SRR24833886,1746,X,OG1,L,AA
hRSV_SRR24833886,1747,X,OG1,L,AA
hRSV_SRR24833886,1748,X,OG1,L,AA
hRSV_SRR24833886,1749,X,OG1,L,AA
hRSV_SRR24833886,1750,X,OG1,L,AA
hRSV_SRR24833886,1751,X,OG1,L,AA
hRSV_SRR24833886,1752,X,OG1,L,AA
hRSV_SRR24833886,1753,X,OG1,L,AA
hRSV_SRR24833886,1754,X,OG1,L,AA
hRSV_SRR24833886,1755,X,OG1,L,AA
hRSV_SRR24833886,1756,X,OG1,L,AA
hRSV_SRR24833886,1757,X,OG1,L,AA
hRSV_SRR24833886,1758,X,OG1,L,AA
hRSV_SRR24833886,1759,X,OG1,L,AA
hRSV_SRR24833886,1760,X,OG1,L,AA
hRSV_SRR24833886,1761,X,OG1,L,AA
hRSV_SRR24833886,1762,-,OG1,L,AA
hRSV_SRR24833886,1763,X,OG1,L,AA
hRSV_SRR24833886,1764,X,OG1,L,AA
hRSV_SRR24833886,1765,X,OG1,L,AA
hRSV_SRR24833886,1766,X,OG1,L,AA
hRSV_SRR24833886,1767,X,OG1,L,AA
hRSV_SRR24833886,1768,X,OG1,L,AA
hRSV_SRR24833886,1769,X,OG1,L,AA
hRSV_SRR24833886,1770,X,OG1,L,AA
hRSV_SRR24833886,1771,X,OG1,L,AA
hRSV_SRR24833886,1772,X,OG1,L,AA
hRSV_SRR24833886,1773,X,OG1,L,AA
hRSV_SRR24833886,1774,X,OG1,L,AA
hRSV_SRR24833886,1775,X,OG1,L,AA
hRSV_SRR24833886,1776,X,OG1,L,AA
hRSV_SRR24833886,1777,X,OG1,L,AA
hRSV_SRR24833886,1778,X,OG1,L,AA
hRSV_SRR24833886,1779,X,OG1,L,AA
hRSV_SRR24833886,1780,X,OG1,L,AA
hRSV_SRR24833886,1781,X,OG1,L,AA
hRSV_SRR24833886,1782,X,OG1,L,AA
hRSV_SRR24833886,1783,X,OG1,L,AA
hRSV_SRR24833886,1784,X,OG1,L,AA
hRSV_SRR24833886,1785,-,OG1,L,AA
hRSV_SRR24833886,1786,-,OG1,L,AA
hRSV_SRR24833886,1787,X,OG1,L,AA
hRSV_SRR24833886,1788,X,OG1,L,AA
hRSV_SRR24833886,1789,X,OG1,L,AA
hRSV_SRR24833886,1790,X,OG1,L,AA
hRSV_SRR24833886,1791,G,OG1,L,AA
hRSV_SRR24833886,1792,N,OG1,L,AA
hRSV_SRR24833886,1793,T,OG1,L,AA
hRSV_SRR24833886,1794,A,OG1,L,AA
hRSV_SRR24833886,1795,X,OG1,L,AA
hRSV_SRR24833886,1796,X,OG1,L,AA
hRSV_SRR24833886,1797,N,OG1,L,AA
hRSV_SRR24833886,1798,Q,OG1,L,AA
hRSV_SRR24833886,1799,L,OG1,L,AA
hRSV_SRR24833886,1800,X,OG1,L,AA
hRSV_SRR24833886,1801,T,OG1,L,AA
hRSV_SRR24833886,1802,T,OG1,L,AA
hRSV_SRR24833886,1803,T,OG1,L,AA
hRSV_SRR24833886,1804,S,OG1,L,AA
hRSV_SRR24833886,1805,H,OG1,L,AA
hRSV_SRR24833886,1806,Q,OG1,L,AA
hRSV_SRR24833886,1807,I,OG1,L,AA
hRSV_SRR24833886,1808,S,OG1,L,AA
hRSV_SRR24833886,1809,L,OG1,L,AA
hRSV_SRR24833886,1810,V,OG1,L,AA
hRSV_SRR24833886,1811,H,OG1,L,AA
hRSV_SRR24833886,1812,N,OG1,L,AA
hRSV_SRR24833886,1813,S,OG1,L,AA
hRSV_SRR24833886,1814,T,OG1,L,AA
hRSV_SRR24833886,1815,S,OG1,L,AA
hRSV_SRR24833886,1816,L,OG1,L,AA
hRSV_SRR24833886,1817,Y,OG1,L,AA
hRSV_SRR24833886,1818,C,OG1,L,AA
hRSV_SRR24833886,1819,M,OG1,L,AA
hRSV_SRR24833886,1820,L,OG1,L,AA
hRSV_SRR24833886,1821,P,OG1,L,AA
hRSV_SRR24833886,1822,W,OG1,L,AA
hRSV_SRR24833886,1823,H,OG1,L,AA
hRSV_SRR24833886,1824,H,OG1,L,AA
hRSV_SRR24833886,1825,I,OG1,L,AA
hRSV_SRR24833886,1826,N,OG1,L,AA
hRSV_SRR24833886,1827,R,OG1,L,AA
hRSV_SRR24833886,1828,F,OG1,L,AA
hRSV_SRR24833886,1829,N,OG1,L,AA
hRSV_SRR24833886,1830,F,OG1,L,AA
hRSV_SRR24833886,1831,V,OG1,L,AA
hRSV_SRR24833886,1832,X,OG1,L,AA
hRSV_SRR24833886,1833,X,OG1,L,AA
hRSV_SRR24833886,1834,X,OG1,L,AA
hRSV_SRR24833886,1835,X,OG1,L,AA
hRSV_SRR24833886,1836,X,OG1,L,AA
hRSV_SRR24833886,1837,X,OG1,L,AA
hRSV_SRR24833886,1838,X,OG1,L,AA
hRSV_SRR24833886,1839,X,OG1,L,AA
hRSV_SRR24833886,1840,X,OG1,L,AA
hRSV_SRR24833886,1841,X,OG1,L,AA
hRSV_SRR24833886,1842,X,OG1,L,AA
hRSV_SRR24833886,1843,X,OG1,L,AA
hRSV_SRR24833886,1844,-,OG1,L,AA
hRSV_SRR24833886,1845,X,OG1,L,AA
hRSV_SRR24833886,1846,X,OG1,L,AA
hRSV_SRR24833886,1847,X,OG1,L,AA
hRSV_SRR24833886,1848,X,OG1,L,AA
hRSV_SRR24833886,1849,X,OG1,L,AA
hRSV_SRR24833886,1850,X,OG1,L,AA
hRSV_SRR24833886,1851,X,OG1,L,AA
hRSV_SRR24833886,1852,X,OG1,L,AA
hRSV_SRR24833886,1853,X,OG1,L,AA
hRSV_SRR24833886,1854,X,OG1,L,AA
hRSV_SRR24833886,1855,X,OG1,L,AA
hRSV_SRR24833886,1856,X,OG1,L,AA
hRSV_SRR24833886,1857,X,OG1,L,AA
hRSV_SRR24833886,1858,X,OG1,L,AA
hRSV_SRR24833886,1859,X,OG1,L,AA
hRSV_SRR24833886,1860,X,OG1,L,AA
hRSV_SRR24833886,1861,X,OG1,L,AA
hRSV_SRR24833886,1862,X,OG1,L,AA
hRSV_SRR24833886,1863,X,OG1,L,AA
hRSV_SRR24833886,1864,X,OG1,L,AA
hRSV_SRR24833886,1865,X,OG1,L,AA
hRSV_SRR24833886,1866,X,OG1,L,AA
hRSV_SRR24833886,1867,X,OG1,L,AA
hRSV_SRR24833886,1868,X,OG1,L,AA
hRSV_SRR24833886,1869,X,OG1,L,AA
hRSV_SRR24833886,1870,X,OG1,L,AA
hRSV_SRR24833886,1871,X,OG1,L,AA
hRSV_SRR24833886,1872,X,OG1,L,AA
hRSV_SRR24833886,1873,X,OG1,L,AA
hRSV_SRR24833886,1874,X,OG1,L,AA
hRSV_SRR24833886,1875,X,OG1,L,AA
hRSV_SRR24833886,1876,X,OG1,L,AA
hRSV_SRR24833886,1877,X,OG1,L,AA
hRSV_SRR24833886,1878,X,OG1,L,AA
hRSV_SRR24833886,1879,X,OG1,L,AA
hRSV_SRR24833886,1880,X,OG1,L,AA
hRSV_SRR24833886,1881,X,OG1,L,AA
hRSV_SRR24833886,1882,X,OG1,L,AA
hRSV_SRR24833886,1883,X,OG1,L,AA
hRSV_SRR24833886,1884,X,OG1,L,AA
hRSV_SRR24833886,1885,X,OG1,L,AA
hRSV_SRR24833886,1886,X,OG1,L,AA
hRSV_SRR24833886,1887,X,OG1,L,AA
hRSV_SRR24833886,1888,X,OG1,L,AA
hRSV_SRR24833886,1889,X,OG1,L,AA
hRSV_SRR24833886,1890,X,OG1,L,AA
hRSV_SRR24833886,1891,X,OG1,L,AA
hRSV_SRR24833886,1892,X,OG1,L,AA
hRSV_SRR24833886,1893,X,OG1,L,AA
hRSV_SRR24833886,1894,X,OG1,L,AA
hRSV_SRR24833886,1895,X,OG1,L,AA
hRSV_SRR24833886,1896,X,OG1,L,AA
hRSV_SRR24833886,1897,X,OG1,L,AA
hRSV_SRR24833886,1898,X,OG1,L,AA
hRSV_SRR24833886,1899,X,OG1,L,AA
hRSV_SRR24833886,1900,X,OG1,L,AA
hRSV_SRR24833886,1901,X,OG1,L,AA
hRSV_SRR24833886,1902,X,OG1,L,AA
hRSV_SRR24833886,1903,X,OG1,L,AA
hRSV_SRR24833886,1904,X,OG1,L,AA
hRSV_SRR24833886,1905,X,OG1,L,AA
hRSV_SRR24833886,1906,X,OG1,L,AA
hRSV_SRR24833886,1907,X,OG1,L,AA
hRSV_SRR24833886,1908,-,OG1,L,AA
hRSV_SRR24833886,1909,-,OG1,L,AA
hRSV_SRR24833886,1910,X,OG1,L,AA
hRSV_SRR24833886,1911,X,OG1,L,AA
hRSV_SRR24833886,1912,X,OG1,L,AA
hRSV_SRR24833886,1913,X,OG1,L,AA
hRSV_SRR24833886,1914,X,OG1,L,AA
hRSV_SRR24833886,1915,X,OG1,L,AA
hRSV_SRR24833886,1916,X,OG1,L,AA
hRSV_SRR24833886,1917,X,OG1,L,AA
hRSV_SRR24833886,1918,X,OG1,L,AA
hRSV_SRR24833886,1919,X,OG1,L,AA
hRSV_SRR24833886,1920,X,OG1,L,AA
hRSV_SRR24833886,1921,X,OG1,L,AA
hRSV_SRR24833886,1922,X,OG1,L,AA
hRSV_SRR24833886,1923,X,OG1,L,AA
hRSV_SRR24833886,1924,X,OG1,L,AA
hRSV_SRR24833886,1925,X,OG1,L,AA
hRSV_SRR24833886,1926,X,OG1,L,AA
hRSV_SRR24833886,1927,X,OG1,L,AA
hRSV_SRR24833886,1928,X,OG1,L,AA
hRSV_SRR24833886,1929,X,OG1,L,AA
hRSV_SRR24833886,1930,X,OG1,L,AA
hRSV_SRR24833886,1931,X,OG1,L,AA
hRSV_SRR24833886,1932,X,OG1,L,AA
hRSV_SRR24833886,1933,X,OG1,L,AA
hRSV_SRR24833886,1934,X,OG1,L,AA
hRSV_SRR24833886,1935,X,OG1,L,AA
hRSV_SRR24833886,1936,X,OG1,L,AA
hRSV_SRR24833886,1937,X,OG1,L,AA
hRSV_SRR24833886,1938,X,OG1,L,AA
hRSV_SRR24833886,1939,X,OG1,L,AA
hRSV_SRR24833886,1940,X,OG1,L,AA
hRSV_SRR24833886,1941,X,OG1,L,AA
hRSV_SRR24833886,1942,X,OG1,L,AA
hRSV_SRR24833886,1943,X,OG1,L,AA
hRSV_SRR24833886,1944,X,OG1,L,AA
hRSV_SRR24833886,1945,X,OG1,L,AA
hRSV_SRR24833886,1946,X,OG1,L,AA
hRSV_SRR24833886,1947,X,OG1,L,AA
hRSV_SRR24833886,1948,X,OG1,L,AA
hRSV_SRR24833886,1949,X,OG1,L,AA
hRSV_SRR24833886,1950,X,OG1,L,AA
hRSV_SRR24833886,1951,X,OG1,L,AA
hRSV_SRR24833886,1952,X,OG1,L,AA
hRSV_SRR24833886,1953,X,OG1,L,AA
hRSV_SRR24833886,1954,X,OG1,L,AA
hRSV_SRR24833886,1955,X,OG1,L,AA
hRSV_SRR24833886,1956,X,OG1,L,AA
hRSV_SRR24833886,1957,X,OG1,L,AA
hRSV_SRR24833886,1958,X,OG1,L,AA
hRSV_SRR24833886,1959,X,OG1,L,AA
hRSV_SRR24833886,1960,X,OG1,L,AA
hRSV_SRR24833886,1961,X,OG1,L,AA
hRSV_SRR24833886,1962,X,OG1,L,AA
hRSV_SRR24833886,1963,X,OG1,L,AA
hRSV_SRR24833886,1964,X,OG1,L,AA
hRSV_SRR24833886,1965,X,OG1,L,AA
hRSV_SRR24833886,1966,X,OG1,L,AA
hRSV_SRR24833886,1967,X,OG1,L,AA
hRSV_SRR24833886,1968,X,OG1,L,AA
hRSV_SRR24833886,1969,X,OG1,L,AA
hRSV_SRR24833886,1970,X,OG1,L,AA
hRSV_SRR24833886,1971,X,OG1,L,AA
hRSV_SRR24833886,1972,X,OG1,L,AA
hRSV_SRR24833886,1973,X,OG1,L,AA
hRSV_SRR24833886,1974,X,OG1,L,AA
hRSV_SRR24833886,1975,X,OG1,L,AA
hRSV_SRR24833886,1976,X,OG1,L,AA
hRSV_SRR24833886,1977,X,OG1,L,AA
hRSV_SRR24833886,1978,X,OG1,L,AA
hRSV_SRR24833886,1979,X,OG1,L,AA
hRSV_SRR24833886,1980,-,OG1,L,AA
hRSV_SRR24833886,1981,X,OG1,L,AA
hRSV_SRR24833886,1982,X,OG1,L,AA
hRSV_SRR24833886,1983,X,OG1,L,AA
hRSV_SRR24833886,1984,X,OG1,L,AA
hRSV_SRR24833886,1985,X,OG1,L,AA
hRSV_SRR24833886,1986,X,OG1,L,AA
hRSV_SRR24833886,1987,X,OG1,L,AA
hRSV_SRR24833886,1988,X,OG1,L,AA
hRSV_SRR24833886,1989,X,OG1,L,AA
hRSV_SRR24833886,1990,X,OG1,L,AA
hRSV_SRR24833886,1991,X,OG1,L,AA
hRSV_SRR24833886,1992,X,OG1,L,AA
hRSV_SRR24833886,1993,X,OG1,L,AA
hRSV_SRR24833886,1994,X,OG1,L,AA
hRSV_SRR24833886,1995,X,OG1,L,AA
hRSV_SRR24833886,1996,X,OG1,L,AA
hRSV_SRR24833886,1997,-,OG1,L,AA
hRSV_SRR24833886,1998,X,OG1,L,AA
hRSV_SRR24833886,1999,X,OG1,L,AA
hRSV_SRR24833886,2000,X,OG1,L,AA
hRSV_SRR24833886,2001,X,OG1,L,AA
hRSV_SRR24833886,2002,X,OG1,L,AA
hRSV_SRR24833886,2003,X,OG1,L,AA
hRSV_SRR24833886,2004,X,OG1,L,AA
hRSV_SRR24833886,2005,X,OG1,L,AA
hRSV_SRR24833886,2006,X,OG1,L,AA
hRSV_SRR24833886,2007,X,OG1,L,AA
hRSV_SRR24833886,2008,X,OG1,L,AA
hRSV_SRR24833886,2009,X,OG1,L,AA
hRSV_SRR24833886,2010,X,OG1,L,AA
hRSV_SRR24833886,2011,X,OG1,L,AA
hRSV_SRR24833886,2012,X,OG1,L,AA
hRSV_SRR24833886,2013,X,OG1,L,AA
hRSV_SRR24833886,2014,X,OG1,L,AA
hRSV_SRR24833886,2015,X,OG1,L,AA
hRSV_SRR24833886,2016,X,OG1,L,AA
hRSV_SRR24833886,2017,X,OG1,L,AA
hRSV_SRR24833886,2018,X,OG1,L,AA
hRSV_SRR24833886,2019,X,OG1,L,AA
hRSV_SRR24833886,2020,X,OG1,L,AA
hRSV_SRR24833886,2021,X,OG1,L,AA
hRSV_SRR24833886,2022,X,OG1,L,AA
hRSV_SRR24833886,2023,X,OG1,L,AA
hRSV_SRR24833886,2024,X,OG1,L,AA
hRSV_SRR24833886,2025,X,OG1,L,AA
hRSV_SRR24833886,2026,X,OG1,L,AA
hRSV_SRR24833886,2027,X,OG1,L,AA
hRSV_SRR24833886,2028,X,OG1,L,AA
hRSV_SRR24833886,2029,X,OG1,L,AA
hRSV_SRR24833886,2030,X,OG1,L,AA
hRSV_SRR24833886,2031,X,OG1,L,AA
hRSV_SRR24833886,2032,X,OG1,L,AA
hRSV_SRR24833886,2033,X,OG1,L,AA
hRSV_SRR24833886,2034,X,OG1,L,AA
hRSV_SRR24833886,2035,X,OG1,L,AA
hRSV_SRR24833886,2036,X,OG1,L,AA
hRSV_SRR24833886,2037,X,OG1,L,AA
hRSV_SRR24833886,2038,X,OG1,L,AA
hRSV_SRR24833886,2039,X,OG1,L,AA
hRSV_SRR24833886,2040,X,OG1,L,AA
hRSV_SRR24833886,2041,X,OG1,L,AA
hRSV_SRR24833886,2042,X,OG1,L,AA
hRSV_SRR24833886,2043,X,OG1,L,AA
hRSV_SRR24833886,2044,X,OG1,L,AA
hRSV_SRR24833886,2045,X,OG1,L,AA
hRSV_SRR24833886,2046,X,OG1,L,AA
hRSV_SRR24833886,2047,X,OG1,L,AA
hRSV_SRR24833886,2048,X,OG1,L,AA
hRSV_SRR24833886,2049,X,OG1,L,AA
hRSV_SRR24833886,2050,X,OG1,L,AA
hRSV_SRR24833886,2051,X,OG1,L,AA
hRSV_SRR24833886,2052,X,OG1,L,AA
hRSV_SRR24833886,2053,X,OG1,L,AA
hRSV_SRR24833886,2054,X,OG1,L,AA
hRSV_SRR24833886,2055,X,OG1,L,AA
hRSV_SRR24833886,2056,X,OG1,L,AA
hRSV_SRR24833886,2057,X,OG1,L,AA
hRSV_SRR24833886,2058,X,OG1,L,AA
hRSV_SRR24833886,2059,X,OG1,L,AA
hRSV_SRR24833886,2060,X,OG1,L,AA
hRSV_SRR24833886,2061,X,OG1,L,AA
hRSV_SRR24833886,2062,X,OG1,L,AA
hRSV_SRR24833886,2063,X,OG1,L,AA
hRSV_SRR24833886,2064,X,OG1,L,AA
hRSV_SRR24833886,2065,X,OG1,L,AA
hRSV_SRR24833886,2066,X,OG1,L,AA
hRSV_SRR24833886,2067,X,OG1,L,AA
hRSV_SRR24833886,2068,X,OG1,L,AA
hRSV_SRR24833886,2069,X,OG1,L,AA
hRSV_SRR24833886,2070,X,OG1,L,AA
hRSV_SRR24833886,2071,X,OG1,L,AA
hRSV_SRR24833886,2072,X,OG1,L,AA
hRSV_SRR24833886,2073,X,OG1,L,AA
hRSV_SRR24833886,2074,X,OG1,L,AA
hRSV_SRR24833886,2075,X,OG1,L,AA
hRSV_SRR24833886,2076,X,OG1,L,AA
hRSV_SRR24833886,2077,X,OG1,L,AA
hRSV_SRR24833886,2078,X,OG1,L,AA
hRSV_SRR24833886,2079,X,OG1,L,AA
hRSV_SRR24833886,2080,X,OG1,L,AA
hRSV_SRR24833886,2081,X,OG1,L,AA
hRSV_SRR24833886,2082,X,OG1,L,AA
hRSV_SRR24833886,2083,X,OG1,L,AA
hRSV_SRR24833886,2084,X,OG1,L,AA
hRSV_SRR24833886,2085,X,OG1,L,AA
hRSV_SRR24833886,2086,X,OG1,L,AA
hRSV_SRR24833886,2087,X,OG1,L,AA
hRSV_SRR24833886,2088,X,OG1,L,AA
hRSV_SRR24833886,2089,X,OG1,L,AA
hRSV_SRR24833886,2090,X,OG1,L,AA
hRSV_SRR24833886,2091,X,OG1,L,AA
hRSV_SRR24833886,2092,X,OG1,L,AA
hRSV_SRR24833886,2093,X,OG1,L,AA
hRSV_SRR24833886,2094,X,OG1,L,AA
hRSV_SRR24833886,2095,X,OG1,L,AA
hRSV_SRR24833886,2096,X,OG1,L,AA
hRSV_SRR24833886,2097,X,OG1,L,AA
hRSV_SRR24833886,2098,X,OG1,L,AA
hRSV_SRR24833886,2099,X,OG1,L,AA
hRSV_SRR24833886,2100,X,OG1,L,AA
hRSV_SRR24833886,2101,X,OG1,L,AA
hRSV_SRR24833886,2102,X,OG1,L,AA
hRSV_SRR24833886,2103,X,OG1,L,AA
hRSV_SRR24833886,2104,X,OG1,L,AA
hRSV_SRR24833886,2105,X,OG1,L,AA
hRSV_SRR24833886,2106,X,OG1,L,AA
hRSV_SRR24833886,2107,X,OG1,L,AA
hRSV_SRR24833886,2108,X,OG1,L,AA
hRSV_SRR24833886,2109,X,OG1,L,AA
hRSV_SRR24833886,2110,X,OG1,L,AA
hRSV_SRR24833886,2111,X,OG1,L,AA
hRSV_SRR24833886,2112,X,OG1,L,AA
hRSV_SRR24833886,2113,X,OG1,L,AA
hRSV_SRR24833886,2114,X,OG1,L,AA
hRSV_SRR24833886,2115,X,OG1,L,AA
hRSV_SRR24833886,2116,X,OG1,L,AA
hRSV_SRR24833886,2117,X,OG1,L,AA
hRSV_SRR24833886,2118,X,OG1,L,AA
hRSV_SRR24833886,2119,X,OG1,L,AA
hRSV_SRR24833886,2120,X,OG1,L,AA
hRSV_SRR24833886,2121,X,OG1,L,AA
hRSV_SRR24833886,2122,X,OG1,L,AA
hRSV_SRR24833886,2123,X,OG1,L,AA
hRSV_SRR24833886,2124,X,OG1,L,AA
hRSV_SRR24833886,2125,X,OG1,L,AA
hRSV_SRR24833886,2126,X,OG1,L,AA
hRSV_SRR24833886,2127,X,OG1,L,AA
hRSV_SRR24833886,2128,X,OG1,L,AA
hRSV_SRR24833886,2129,X,OG1,L,AA
hRSV_SRR24833886,2130,X,OG1,L,AA
hRSV_SRR24833886,2131,X,OG1,L,AA
hRSV_SRR24833886,2132,X,OG1,L,AA
hRSV_SRR24833886,2133,X,OG1,L,AA
hRSV_SRR24833886,2134,X,OG1,L,AA
hRSV_SRR24833886,2135,X,OG1,L,AA
hRSV_SRR24833886,2136,X,OG1,L,AA
hRSV_SRR24833886,2137,X,OG1,L,AA
hRSV_SRR24833886,2138,X,OG1,L,AA
hRSV_SRR24833886,2139,X,OG1,L,AA
hRSV_SRR24833886,2140,X,OG1,L,AA
hRSV_SRR24833886,2141,X,OG1,L,AA
hRSV_SRR24833886,2142,X,OG1,L,AA
hRSV_SRR24833886,2143,X,OG1,L,AA
hRSV_SRR24833886,2144,X,OG1,L,AA
hRSV_SRR24833886,2145,X,OG1,L,AA
hRSV_SRR24833886,2146,X,OG1,L,AA
hRSV_SRR24833886,2147,X,OG1,L,AA
hRSV_SRR24833886,2148,X,OG1,L,AA
hRSV_SRR24833886,2149,X,OG1,L,AA
hRSV_SRR24833886,2150,X,OG1,L,AA
hRSV_SRR24833886,2151,X,OG1,L,AA
hRSV_SRR24833886,2152,X,OG1,L,AA
hRSV_SRR24833886,2153,X,OG1,L,AA
hRSV_SRR24833886,2154,X,OG1,L,AA
hRSV_SRR24833886,2155,X,OG1,L,AA
hRSV_SRR24833886,2156,X,OG1,L,AA
hRSV_SRR24833886,2157,X,OG1,L,AA
hRSV_SRR24833886,2158,X,OG1,L,AA
hRSV_SRR24833886,2159,X,OG1,L,AA
hRSV_SRR24833886,2160,X,OG1,L,AA
hRSV_SRR24833886,2161,X,OG1,L,AA
hRSV_SRR24833886,2162,X,OG1,L,AA
hRSV_SRR24833886,2163,X,OG1,L,AA
hRSV_SRR24833886,2164,X,OG1,L,AA
hRSV_SRR24833886,2165,X,OG1,L,AA
hRSV_SRR24833886,2166,X,OG1,L,AA
hRSV_SRR24833886,2167,X,OG1,L,AA
hRSV_SRR24833886,2168,X,OG1,L,AA
hRSV_SRR24833886,2169,X,OG1,L,AA
hRSV_SRR24833886,2170,X,OG1,L,AA
hRSV_SRR24833886,2171,X,OG1,L,AA
hRSV_SRR24833886,2172,X,OG1,L,AA
hRSV_SRR24833886,2173,X,OG1,L,AA
hRSV_SRR24833886,2174,X,OG1,L,AA
hRSV_SRR24833886,2175,X,OG1,L,AA
hRSV_SRR24833886,2176,X,OG1,L,AA
hRSV_SRR24833886,2177,X,OG1,L,AA
hRSV_SRR24833886,2178,-,OG1,L,AA
hRSV_SRR24833888,1,M,OG1,L,AA
hRSV_SRR24833888,2,D,OG1,L,AA
hRSV_SRR24833888,3,P,OG1,L,AA
hRSV_SRR24833888,4,I,OG1,L,AA
hRSV_SRR24833888,5,I,OG1,L,AA
hRSV_SRR24833888,6,S,OG1,L,AA
hRSV_SRR24833888,7,G,OG1,L,AA
hRSV_SRR24833888,8,N,OG1,L,AA
hRSV_SRR24833888,9,S,OG1,L,AA
hRSV_SRR24833888,10,A,OG1,L,AA
hRSV_SRR24833888,11,N,OG1,L,AA
hRSV_SRR24833888,12,V,OG1,L,AA
hRSV_SRR24833888,13,Y,OG1,L,AA
hRSV_SRR24833888,14,L,OG1,L,AA
hRSV_SRR24833888,15,T,OG1,L,AA
hRSV_SRR24833888,16,D,OG1,L,AA
hRSV_SRR24833888,17,S,OG1,L,AA
hRSV_SRR24833888,18,Y,OG1,L,AA
hRSV_SRR24833888,19,L,OG1,L,AA
hRSV_SRR24833888,20,K,OG1,L,AA
hRSV_SRR24833888,21,G,OG1,L,AA
hRSV_SRR24833888,22,V,OG1,L,AA
hRSV_SRR24833888,23,I,OG1,L,AA
hRSV_SRR24833888,24,S,OG1,L,AA
hRSV_SRR24833888,25,F,OG1,L,AA
hRSV_SRR24833888,26,S,OG1,L,AA
hRSV_SRR24833888,27,E,OG1,L,AA
hRSV_SRR24833888,28,C,OG1,L,AA
hRSV_SRR24833888,29,N,OG1,L,AA
hRSV_SRR24833888,30,A,OG1,L,AA
hRSV_SRR24833888,31,L,OG1,L,AA
hRSV_SRR24833888,32,G,OG1,L,AA
hRSV_SRR24833888,33,S,OG1,L,AA
hRSV_SRR24833888,34,Y,OG1,L,AA
hRSV_SRR24833888,35,I,OG1,L,AA
hRSV_SRR24833888,36,F,OG1,L,AA
hRSV_SRR24833888,37,N,OG1,L,AA
hRSV_SRR24833888,38,G,OG1,L,AA
hRSV_SRR24833888,39,P,OG1,L,AA
hRSV_SRR24833888,40,Y,OG1,L,AA
hRSV_SRR24833888,41,L,OG1,L,AA
hRSV_SRR24833888,42,K,OG1,L,AA
hRSV_SRR24833888,43,N,OG1,L,AA
hRSV_SRR24833888,44,D,OG1,L,AA
hRSV_SRR24833888,45,Y,OG1,L,AA
hRSV_SRR24833888,46,T,OG1,L,AA
hRSV_SRR24833888,47,N,OG1,L,AA
hRSV_SRR24833888,48,L,OG1,L,AA
hRSV_SRR24833888,49,I,OG1,L,AA
hRSV_SRR24833888,50,S,OG1,L,AA
hRSV_SRR24833888,51,R,OG1,L,AA
hRSV_SRR24833888,52,Q,OG1,L,AA
hRSV_SRR24833888,53,N,OG1,L,AA
hRSV_SRR24833888,54,P,OG1,L,AA
hRSV_SRR24833888,55,L,OG1,L,AA
hRSV_SRR24833888,56,I,OG1,L,AA
hRSV_SRR24833888,57,E,OG1,L,AA
hRSV_SRR24833888,58,H,OG1,L,AA
hRSV_SRR24833888,59,I,OG1,L,AA
hRSV_SRR24833888,60,N,OG1,L,AA
hRSV_SRR24833888,61,L,OG1,L,AA
hRSV_SRR24833888,62,K,OG1,L,AA
hRSV_SRR24833888,63,K,OG1,L,AA
hRSV_SRR24833888,64,L,OG1,L,AA
hRSV_SRR24833888,65,N,OG1,L,AA
hRSV_SRR24833888,66,I,OG1,L,AA
hRSV_SRR24833888,67,T,OG1,L,AA
hRSV_SRR24833888,68,Q,OG1,L,AA
hRSV_SRR24833888,69,S,OG1,L,AA
hRSV_SRR24833888,70,L,OG1,L,AA
hRSV_SRR24833888,71,I,OG1,L,AA
hRSV_SRR24833888,72,S,OG1,L,AA
hRSV_SRR24833888,73,K,OG1,L,AA
hRSV_SRR24833888,74,Y,OG1,L,AA
hRSV_SRR24833888,75,H,OG1,L,AA
hRSV_SRR24833888,76,K,OG1,L,AA
hRSV_SRR24833888,77,G,OG1,L,AA
hRSV_SRR24833888,78,E,OG1,L,AA
hRSV_SRR24833888,79,I,OG1,L,AA
hRSV_SRR24833888,80,K,OG1,L,AA
hRSV_SRR24833888,81,I,OG1,L,AA
hRSV_SRR24833888,82,E,OG1,L,AA
hRSV_SRR24833888,83,E,OG1,L,AA
hRSV_SRR24833888,84,P,OG1,L,AA
hRSV_SRR24833888,85,T,OG1,L,AA
hRSV_SRR24833888,86,Y,OG1,L,AA
hRSV_SRR24833888,87,F,OG1,L,AA
hRSV_SRR24833888,88,Q,OG1,L,AA
hRSV_SRR24833888,89,S,OG1,L,AA
hRSV_SRR24833888,90,L,OG1,L,AA
hRSV_SRR24833888,91,L,OG1,L,AA
hRSV_SRR24833888,92,M,OG1,L,AA
hRSV_SRR24833888,93,T,OG1,L,AA
hRSV_SRR24833888,94,Y,OG1,L,AA
hRSV_SRR24833888,95,K,OG1,L,AA
hRSV_SRR24833888,96,S,OG1,L,AA
hRSV_SRR24833888,97,M,OG1,L,AA
hRSV_SRR24833888,98,T,OG1,L,AA
hRSV_SRR24833888,99,S,OG1,L,AA
hRSV_SRR24833888,100,S,OG1,L,AA
hRSV_SRR24833888,101,E,OG1,L,AA
hRSV_SRR24833888,102,Q,OG1,L,AA
hRSV_SRR24833888,103,T,OG1,L,AA
hRSV_SRR24833888,104,T,OG1,L,AA
hRSV_SRR24833888,105,T,OG1,L,AA
hRSV_SRR24833888,106,T,OG1,L,AA
hRSV_SRR24833888,107,N,OG1,L,AA
hRSV_SRR24833888,108,L,OG1,L,AA
hRSV_SRR24833888,109,X,OG1,L,AA
hRSV_SRR24833888,110,X,OG1,L,AA
hRSV_SRR24833888,111,X,OG1,L,AA
hRSV_SRR24833888,112,X,OG1,L,AA
hRSV_SRR24833888,113,X,OG1,L,AA
hRSV_SRR24833888,114,X,OG1,L,AA
hRSV_SRR24833888,115,X,OG1,L,AA
hRSV_SRR24833888,116,X,OG1,L,AA
hRSV_SRR24833888,117,X,OG1,L,AA
hRSV_SRR24833888,118,X,OG1,L,AA
hRSV_SRR24833888,119,X,OG1,L,AA
hRSV_SRR24833888,120,X,OG1,L,AA
hRSV_SRR24833888,121,X,OG1,L,AA
hRSV_SRR24833888,122,X,OG1,L,AA
hRSV_SRR24833888,123,X,OG1,L,AA
hRSV_SRR24833888,124,X,OG1,L,AA
hRSV_SRR24833888,125,X,OG1,L,AA
hRSV_SRR24833888,126,X,OG1,L,AA
hRSV_SRR24833888,127,X,OG1,L,AA
hRSV_SRR24833888,128,X,OG1,L,AA
hRSV_SRR24833888,129,X,OG1,L,AA
hRSV_SRR24833888,130,X,OG1,L,AA
hRSV_SRR24833888,131,X,OG1,L,AA
hRSV_SRR24833888,132,X,OG1,L,AA
hRSV_SRR24833888,133,X,OG1,L,AA
hRSV_SRR24833888,134,X,OG1,L,AA
hRSV_SRR24833888,135,X,OG1,L,AA
hRSV_SRR24833888,136,X,OG1,L,AA
hRSV_SRR24833888,137,X,OG1,L,AA
hRSV_SRR24833888,138,X,OG1,L,AA
hRSV_SRR24833888,139,X,OG1,L,AA
hRSV_SRR24833888,140,X,OG1,L,AA
hRSV_SRR24833888,141,X,OG1,L,AA
hRSV_SRR24833888,142,X,OG1,L,AA
hRSV_SRR24833888,143,X,OG1,L,AA
hRSV_SRR24833888,144,X,OG1,L,AA
hRSV_SRR24833888,145,X,OG1,L,AA
hRSV_SRR24833888,146,X,OG1,L,AA
hRSV_SRR24833888,147,X,OG1,L,AA
hRSV_SRR24833888,148,X,OG1,L,AA
hRSV_SRR24833888,149,X,OG1,L,AA
hRSV_SRR24833888,150,X,OG1,L,AA
hRSV_SRR24833888,151,X,OG1,L,AA
hRSV_SRR24833888,152,X,OG1,L,AA
hRSV_SRR24833888,153,X,OG1,L,AA
hRSV_SRR24833888,154,X,OG1,L,AA
hRSV_SRR24833888,155,X,OG1,L,AA
hRSV_SRR24833888,156,X,OG1,L,AA
hRSV_SRR24833888,157,X,OG1,L,AA
hRSV_SRR24833888,158,X,OG1,L,AA
hRSV_SRR24833888,159,X,OG1,L,AA
hRSV_SRR24833888,160,X,OG1,L,AA
hRSV_SRR24833888,161,X,OG1,L,AA
hRSV_SRR24833888,162,X,OG1,L,AA
hRSV_SRR24833888,163,X,OG1,L,AA
hRSV_SRR24833888,164,X,OG1,L,AA
hRSV_SRR24833888,165,X,OG1,L,AA
hRSV_SRR24833888,166,X,OG1,L,AA
hRSV_SRR24833888,167,X,OG1,L,AA
hRSV_SRR24833888,168,X,OG1,L,AA
hRSV_SRR24833888,169,X,OG1,L,AA
hRSV_SRR24833888,170,X,OG1,L,AA
hRSV_SRR24833888,171,X,OG1,L,AA
hRSV_SRR24833888,172,X,OG1,L,AA
hRSV_SRR24833888,173,X,OG1,L,AA
hRSV_SRR24833888,174,X,OG1,L,AA
hRSV_SRR24833888,175,X,OG1,L,AA
hRSV_SRR24833888,176,X,OG1,L,AA
hRSV_SRR24833888,177,Q,OG1,L,AA
hRSV_SRR24833888,178,S,OG1,L,AA
hRSV_SRR24833888,179,T,OG1,L,AA
hRSV_SRR24833888,180,K,OG1,L,AA
hRSV_SRR24833888,181,Q,OG1,L,AA
hRSV_SRR24833888,182,K,OG1,L,AA
hRSV_SRR24833888,183,D,OG1,L,AA
hRSV_SRR24833888,184,T,OG1,L,AA
hRSV_SRR24833888,185,I,OG1,L,AA
hRSV_SRR24833888,186,K,OG1,L,AA
hRSV_SRR24833888,187,T,OG1,L,AA
hRSV_SRR24833888,188,T,OG1,L,AA
hRSV_SRR24833888,189,L,OG1,L,AA
hRSV_SRR24833888,190,L,OG1,L,AA
hRSV_SRR24833888,191,K,OG1,L,AA
hRSV_SRR24833888,192,K,OG1,L,AA
hRSV_SRR24833888,193,L,OG1,L,AA
hRSV_SRR24833888,194,M,OG1,L,AA
hRSV_SRR24833888,195,C,OG1,L,AA
hRSV_SRR24833888,196,S,OG1,L,AA
hRSV_SRR24833888,197,M,OG1,L,AA
hRSV_SRR24833888,198,Q,OG1,L,AA
hRSV_SRR24833888,199,H,OG1,L,AA
hRSV_SRR24833888,200,P,OG1,L,AA
hRSV_SRR24833888,201,P,OG1,L,AA
hRSV_SRR24833888,202,S,OG1,L,AA
hRSV_SRR24833888,203,W,OG1,L,AA
hRSV_SRR24833888,204,L,OG1,L,AA
hRSV_SRR24833888,205,I,OG1,L,AA
hRSV_SRR24833888,206,H,OG1,L,AA
hRSV_SRR24833888,207,W,OG1,L,AA
hRSV_SRR24833888,208,F,OG1,L,AA
hRSV_SRR24833888,209,N,OG1,L,AA
hRSV_SRR24833888,210,L,OG1,L,AA
hRSV_SRR24833888,211,Y,OG1,L,AA
hRSV_SRR24833888,212,T,OG1,L,AA
hRSV_SRR24833888,213,K,OG1,L,AA
hRSV_SRR24833888,214,L,OG1,L,AA
hRSV_SRR24833888,215,N,OG1,L,AA
hRSV_SRR24833888,216,S,OG1,L,AA
hRSV_SRR24833888,217,I,OG1,L,AA
hRSV_SRR24833888,218,L,OG1,L,AA
hRSV_SRR24833888,219,T,OG1,L,AA
hRSV_SRR24833888,220,Q,OG1,L,AA
hRSV_SRR24833888,221,Y,OG1,L,AA
hRSV_SRR24833888,222,R,OG1,L,AA
hRSV_SRR24833888,223,S,OG1,L,AA
hRSV_SRR24833888,224,S,OG1,L,AA
hRSV_SRR24833888,225,E,OG1,L,AA
hRSV_SRR24833888,226,V,OG1,L,AA
hRSV_SRR24833888,227,K,OG1,L,AA
hRSV_SRR24833888,228,N,OG1,L,AA
hRSV_SRR24833888,229,H,OG1,L,AA
hRSV_SRR24833888,230,G,OG1,L,AA
hRSV_SRR24833888,231,F,OG1,L,AA
hRSV_SRR24833888,232,I,OG1,L,AA
hRSV_SRR24833888,233,L,OG1,L,AA
hRSV_SRR24833888,234,I,OG1,L,AA
hRSV_SRR24833888,235,D,OG1,L,AA
hRSV_SRR24833888,236,N,OG1,L,AA
hRSV_SRR24833888,237,H,OG1,L,AA
hRSV_SRR24833888,238,T,OG1,L,AA
hRSV_SRR24833888,239,L,OG1,L,AA
hRSV_SRR24833888,240,S,OG1,L,AA
hRSV_SRR24833888,241,G,OG1,L,AA
hRSV_SRR24833888,242,F,OG1,L,AA
hRSV_SRR24833888,243,Q,OG1,L,AA
hRSV_SRR24833888,244,F,OG1,L,AA
hRSV_SRR24833888,245,I,OG1,L,AA
hRSV_SRR24833888,246,L,OG1,L,AA
hRSV_SRR24833888,247,N,OG1,L,AA
hRSV_SRR24833888,248,Q,OG1,L,AA
hRSV_SRR24833888,249,Y,OG1,L,AA
hRSV_SRR24833888,250,G,OG1,L,AA
hRSV_SRR24833888,251,C,OG1,L,AA
hRSV_SRR24833888,252,I,OG1,L,AA
hRSV_SRR24833888,253,V,OG1,L,AA
hRSV_SRR24833888,254,Y,OG1,L,AA
hRSV_SRR24833888,255,H,OG1,L,AA
hRSV_SRR24833888,256,K,OG1,L,AA
hRSV_SRR24833888,257,E,OG1,L,AA
hRSV_SRR24833888,258,L,OG1,L,AA
hRSV_SRR24833888,259,K,OG1,L,AA
hRSV_SRR24833888,260,R,OG1,L,AA
hRSV_SRR24833888,261,I,OG1,L,AA
hRSV_SRR24833888,262,T,OG1,L,AA
hRSV_SRR24833888,263,V,OG1,L,AA
hRSV_SRR24833888,264,T,OG1,L,AA
hRSV_SRR24833888,265,T,OG1,L,AA
hRSV_SRR24833888,266,Y,OG1,L,AA
hRSV_SRR24833888,267,N,OG1,L,AA
hRSV_SRR24833888,268,Q,OG1,L,AA
hRSV_SRR24833888,269,F,OG1,L,AA
hRSV_SRR24833888,270,L,OG1,L,AA
hRSV_SRR24833888,271,T,OG1,L,AA
hRSV_SRR24833888,272,W,OG1,L,AA
hRSV_SRR24833888,273,K,OG1,L,AA
hRSV_SRR24833888,274,D,OG1,L,AA
hRSV_SRR24833888,275,I,OG1,L,AA
hRSV_SRR24833888,276,S,OG1,L,AA
hRSV_SRR24833888,277,L,OG1,L,AA
hRSV_SRR24833888,278,S,OG1,L,AA
hRSV_SRR24833888,279,R,OG1,L,AA
hRSV_SRR24833888,280,L,OG1,L,AA
hRSV_SRR24833888,281,N,OG1,L,AA
hRSV_SRR24833888,282,V,OG1,L,AA
hRSV_SRR24833888,283,C,OG1,L,AA
hRSV_SRR24833888,284,L,OG1,L,AA
hRSV_SRR24833888,285,I,OG1,L,AA
hRSV_SRR24833888,286,T,OG1,L,AA
hRSV_SRR24833888,287,W,OG1,L,AA
hRSV_SRR24833888,288,I,OG1,L,AA
hRSV_SRR24833888,289,S,OG1,L,AA
hRSV_SRR24833888,290,N,OG1,L,AA
hRSV_SRR24833888,291,C,OG1,L,AA
hRSV_SRR24833888,292,L,OG1,L,AA
hRSV_SRR24833888,293,N,OG1,L,AA
hRSV_SRR24833888,294,T,OG1,L,AA
hRSV_SRR24833888,295,L,OG1,L,AA
hRSV_SRR24833888,296,N,OG1,L,AA
hRSV_SRR24833888,297,K,OG1,L,AA
hRSV_SRR24833888,298,S,OG1,L,AA
hRSV_SRR24833888,299,L,OG1,L,AA
hRSV_SRR24833888,300,G,OG1,L,AA
hRSV_SRR24833888,301,L,OG1,L,AA
hRSV_SRR24833888,302,R,OG1,L,AA
hRSV_SRR24833888,303,C,OG1,L,AA
hRSV_SRR24833888,304,G,OG1,L,AA
hRSV_SRR24833888,305,F,OG1,L,AA
hRSV_SRR24833888,306,N,OG1,L,AA
hRSV_SRR24833888,307,N,OG1,L,AA
hRSV_SRR24833888,308,V,OG1,L,AA
hRSV_SRR24833888,309,I,OG1,L,AA
hRSV_SRR24833888,310,L,OG1,L,AA
hRSV_SRR24833888,311,T,OG1,L,AA
hRSV_SRR24833888,312,Q,OG1,L,AA
hRSV_SRR24833888,313,L,OG1,L,AA
hRSV_SRR24833888,314,F,OG1,L,AA
hRSV_SRR24833888,315,L,OG1,L,AA
hRSV_SRR24833888,316,Y,OG1,L,AA
hRSV_SRR24833888,317,G,OG1,L,AA
hRSV_SRR24833888,318,D,OG1,L,AA
hRSV_SRR24833888,319,C,OG1,L,AA
hRSV_SRR24833888,320,I,OG1,L,AA
hRSV_SRR24833888,321,L,OG1,L,AA
hRSV_SRR24833888,322,K,OG1,L,AA
hRSV_SRR24833888,323,L,OG1,L,AA
hRSV_SRR24833888,324,F,OG1,L,AA
hRSV_SRR24833888,325,H,OG1,L,AA
hRSV_SRR24833888,326,N,OG1,L,AA
hRSV_SRR24833888,327,E,OG1,L,AA
hRSV_SRR24833888,328,G,OG1,L,AA
hRSV_SRR24833888,329,F,OG1,L,AA
hRSV_SRR24833888,330,Y,OG1,L,AA
hRSV_SRR24833888,331,I,OG1,L,AA
hRSV_SRR24833888,332,I,OG1,L,AA
hRSV_SRR24833888,333,K,OG1,L,AA
hRSV_SRR24833888,334,E,OG1,L,AA
hRSV_SRR24833888,335,V,OG1,L,AA
hRSV_SRR24833888,336,E,OG1,L,AA
hRSV_SRR24833888,337,G,OG1,L,AA
hRSV_SRR24833888,338,F,OG1,L,AA
hRSV_SRR24833888,339,I,OG1,L,AA
hRSV_SRR24833888,340,M,OG1,L,AA
hRSV_SRR24833888,341,S,OG1,L,AA
hRSV_SRR24833888,342,L,OG1,L,AA
hRSV_SRR24833888,343,I,OG1,L,AA
hRSV_SRR24833888,344,L,OG1,L,AA
hRSV_SRR24833888,345,N,OG1,L,AA
hRSV_SRR24833888,346,I,OG1,L,AA
hRSV_SRR24833888,347,T,OG1,L,AA
hRSV_SRR24833888,348,E,OG1,L,AA
hRSV_SRR24833888,349,E,OG1,L,AA
hRSV_SRR24833888,350,D,OG1,L,AA
hRSV_SRR24833888,351,Q,OG1,L,AA
hRSV_SRR24833888,352,F,OG1,L,AA
hRSV_SRR24833888,353,R,OG1,L,AA
hRSV_SRR24833888,354,K,OG1,L,AA
hRSV_SRR24833888,355,R,OG1,L,AA
hRSV_SRR24833888,356,F,OG1,L,AA
hRSV_SRR24833888,357,Y,OG1,L,AA
hRSV_SRR24833888,358,N,OG1,L,AA
hRSV_SRR24833888,359,S,OG1,L,AA
hRSV_SRR24833888,360,M,OG1,L,AA
hRSV_SRR24833888,361,L,OG1,L,AA
hRSV_SRR24833888,362,N,OG1,L,AA
hRSV_SRR24833888,363,N,OG1,L,AA
hRSV_SRR24833888,364,I,OG1,L,AA
hRSV_SRR24833888,365,T,OG1,L,AA
hRSV_SRR24833888,366,D,OG1,L,AA
hRSV_SRR24833888,367,A,OG1,L,AA
hRSV_SRR24833888,368,A,OG1,L,AA
hRSV_SRR24833888,369,N,OG1,L,AA
hRSV_SRR24833888,370,K,OG1,L,AA
hRSV_SRR24833888,371,A,OG1,L,AA
hRSV_SRR24833888,372,Q,OG1,L,AA
hRSV_SRR24833888,373,K,OG1,L,AA
hRSV_SRR24833888,374,N,OG1,L,AA
hRSV_SRR24833888,375,L,OG1,L,AA
hRSV_SRR24833888,376,L,OG1,L,AA
hRSV_SRR24833888,377,S,OG1,L,AA
hRSV_SRR24833888,378,R,OG1,L,AA
hRSV_SRR24833888,379,V,OG1,L,AA
hRSV_SRR24833888,380,C,OG1,L,AA
hRSV_SRR24833888,381,H,OG1,L,AA
hRSV_SRR24833888,382,T,OG1,L,AA
hRSV_SRR24833888,383,L,OG1,L,AA
hRSV_SRR24833888,384,L,OG1,L,AA
hRSV_SRR24833888,385,D,OG1,L,AA
hRSV_SRR24833888,386,K,OG1,L,AA
hRSV_SRR24833888,387,T,OG1,L,AA
hRSV_SRR24833888,388,I,OG1,L,AA
hRSV_SRR24833888,389,S,OG1,L,AA
hRSV_SRR24833888,390,D,OG1,L,AA
hRSV_SRR24833888,391,N,OG1,L,AA
hRSV_SRR24833888,392,I,OG1,L,AA
hRSV_SRR24833888,393,I,OG1,L,AA
hRSV_SRR24833888,394,N,OG1,L,AA
hRSV_SRR24833888,395,G,OG1,L,AA
hRSV_SRR24833888,396,R,OG1,L,AA
hRSV_SRR24833888,397,W,OG1,L,AA
hRSV_SRR24833888,398,I,OG1,L,AA
hRSV_SRR24833888,399,I,OG1,L,AA
hRSV_SRR24833888,400,L,OG1,L,AA
hRSV_SRR24833888,401,L,OG1,L,AA
hRSV_SRR24833888,402,X,OG1,L,AA
hRSV_SRR24833888,403,X,OG1,L,AA
hRSV_SRR24833888,404,X,OG1,L,AA
hRSV_SRR24833888,405,X,OG1,L,AA
hRSV_SRR24833888,406,X,OG1,L,AA
hRSV_SRR24833888,407,X,OG1,L,AA
hRSV_SRR24833888,408,X,OG1,L,AA
hRSV_SRR24833888,409,X,OG1,L,AA
hRSV_SRR24833888,410,X,OG1,L,AA
hRSV_SRR24833888,411,X,OG1,L,AA
hRSV_SRR24833888,412,X,OG1,L,AA
hRSV_SRR24833888,413,X,OG1,L,AA
hRSV_SRR24833888,414,X,OG1,L,AA
hRSV_SRR24833888,415,X,OG1,L,AA
hRSV_SRR24833888,416,X,OG1,L,AA
hRSV_SRR24833888,417,X,OG1,L,AA
hRSV_SRR24833888,418,X,OG1,L,AA
hRSV_SRR24833888,419,X,OG1,L,AA
hRSV_SRR24833888,420,X,OG1,L,AA
hRSV_SRR24833888,421,X,OG1,L,AA
hRSV_SRR24833888,422,X,OG1,L,AA
hRSV_SRR24833888,423,X,OG1,L,AA
hRSV_SRR24833888,424,X,OG1,L,AA
hRSV_SRR24833888,425,X,OG1,L,AA
hRSV_SRR24833888,426,X,OG1,L,AA
hRSV_SRR24833888,427,X,OG1,L,AA
hRSV_SRR24833888,428,X,OG1,L,AA
hRSV_SRR24833888,429,X,OG1,L,AA
hRSV_SRR24833888,430,X,OG1,L,AA
hRSV_SRR24833888,431,X,OG1,L,AA
hRSV_SRR24833888,432,X,OG1,L,AA
hRSV_SRR24833888,433,X,OG1,L,AA
hRSV_SRR24833888,434,X,OG1,L,AA
hRSV_SRR24833888,435,X,OG1,L,AA
hRSV_SRR24833888,436,X,OG1,L,AA
hRSV_SRR24833888,437,X,OG1,L,AA
hRSV_SRR24833888,438,X,OG1,L,AA
hRSV_SRR24833888,439,X,OG1,L,AA
hRSV_SRR24833888,440,X,OG1,L,AA
hRSV_SRR24833888,441,X,OG1,L,AA
hRSV_SRR24833888,442,X,OG1,L,AA
hRSV_SRR24833888,443,X,OG1,L,AA
hRSV_SRR24833888,444,X,OG1,L,AA
hRSV_SRR24833888,445,X,OG1,L,AA
hRSV_SRR24833888,446,X,OG1,L,AA
hRSV_SRR24833888,447,X,OG1,L,AA
hRSV_SRR24833888,448,X,OG1,L,AA
hRSV_SRR24833888,449,X,OG1,L,AA
hRSV_SRR24833888,450,X,OG1,L,AA
hRSV_SRR24833888,451,X,OG1,L,AA
hRSV_SRR24833888,452,X,OG1,L,AA
hRSV_SRR24833888,453,X,OG1,L,AA
hRSV_SRR24833888,454,X,OG1,L,AA
hRSV_SRR24833888,455,X,OG1,L,AA
hRSV_SRR24833888,456,X,OG1,L,AA
hRSV_SRR24833888,457,X,OG1,L,AA
hRSV_SRR24833888,458,X,OG1,L,AA
hRSV_SRR24833888,459,X,OG1,L,AA
hRSV_SRR24833888,460,X,OG1,L,AA
hRSV_SRR24833888,461,X,OG1,L,AA
hRSV_SRR24833888,462,X,OG1,L,AA
hRSV_SRR24833888,463,X,OG1,L,AA
hRSV_SRR24833888,464,X,OG1,L,AA
hRSV_SRR24833888,465,X,OG1,L,AA
hRSV_SRR24833888,466,X,OG1,L,AA
hRSV_SRR24833888,467,X,OG1,L,AA
hRSV_SRR24833888,468,X,OG1,L,AA
hRSV_SRR24833888,469,X,OG1,L,AA
hRSV_SRR24833888,470,X,OG1,L,AA
hRSV_SRR24833888,471,X,OG1,L,AA
hRSV_SRR24833888,472,X,OG1,L,AA
hRSV_SRR24833888,473,X,OG1,L,AA
hRSV_SRR24833888,474,X,OG1,L,AA
hRSV_SRR24833888,475,X,OG1,L,AA
hRSV_SRR24833888,476,X,OG1,L,AA
hRSV_SRR24833888,477,X,OG1,L,AA
hRSV_SRR24833888,478,X,OG1,L,AA
hRSV_SRR24833888,479,X,OG1,L,AA
hRSV_SRR24833888,480,X,OG1,L,AA
hRSV_SRR24833888,481,X,OG1,L,AA
hRSV_SRR24833888,482,T,OG1,L,AA
hRSV_SRR24833888,483,L,OG1,L,AA
hRSV_SRR24833888,484,R,OG1,L,AA
hRSV_SRR24833888,485,N,OG1,L,AA
hRSV_SRR24833888,486,A,OG1,L,AA
hRSV_SRR24833888,487,I,OG1,L,AA
hRSV_SRR24833888,488,V,OG1,L,AA
hRSV_SRR24833888,489,L,OG1,L,AA
hRSV_SRR24833888,490,P,OG1,L,AA
hRSV_SRR24833888,491,L,OG1,L,AA
hRSV_SRR24833888,492,R,OG1,L,AA
hRSV_SRR24833888,493,W,OG1,L,AA
hRSV_SRR24833888,494,L,OG1,L,AA
hRSV_SRR24833888,495,T,OG1,L,AA
hRSV_SRR24833888,496,Y,OG1,L,AA
hRSV_SRR24833888,497,Y,OG1,L,AA
hRSV_SRR24833888,498,K,OG1,L,AA
hRSV_SRR24833888,499,L,OG1,L,AA
hRSV_SRR24833888,500,N,OG1,L,AA
hRSV_SRR24833888,501,T,OG1,L,AA
hRSV_SRR24833888,502,Y,OG1,L,AA
hRSV_SRR24833888,503,P,OG1,L,AA
hRSV_SRR24833888,504,S,OG1,L,AA
hRSV_SRR24833888,505,L,OG1,L,AA
hRSV_SRR24833888,506,L,OG1,L,AA
hRSV_SRR24833888,507,E,OG1,L,AA
hRSV_SRR24833888,508,L,OG1,L,AA
hRSV_SRR24833888,509,T,OG1,L,AA
hRSV_SRR24833888,510,E,OG1,L,AA
hRSV_SRR24833888,511,R,OG1,L,AA
hRSV_SRR24833888,512,D,OG1,L,AA
hRSV_SRR24833888,513,L,OG1,L,AA
hRSV_SRR24833888,514,I,OG1,L,AA
hRSV_SRR24833888,515,V,OG1,L,AA
hRSV_SRR24833888,516,L,OG1,L,AA
hRSV_SRR24833888,517,S,OG1,L,AA
hRSV_SRR24833888,518,G,OG1,L,AA
hRSV_SRR24833888,519,L,OG1,L,AA
hRSV_SRR24833888,520,R,OG1,L,AA
hRSV_SRR24833888,521,F,OG1,L,AA
hRSV_SRR24833888,522,Y,OG1,L,AA
hRSV_SRR24833888,523,R,OG1,L,AA
hRSV_SRR24833888,524,E,OG1,L,AA
hRSV_SRR24833888,525,F,OG1,L,AA
hRSV_SRR24833888,526,R,OG1,L,AA
hRSV_SRR24833888,527,L,OG1,L,AA
hRSV_SRR24833888,528,P,OG1,L,AA
hRSV_SRR24833888,529,K,OG1,L,AA
hRSV_SRR24833888,530,K,OG1,L,AA
hRSV_SRR24833888,531,V,OG1,L,AA
hRSV_SRR24833888,532,D,OG1,L,AA
hRSV_SRR24833888,533,L,OG1,L,AA
hRSV_SRR24833888,534,E,OG1,L,AA
hRSV_SRR24833888,535,M,OG1,L,AA
hRSV_SRR24833888,536,I,OG1,L,AA
hRSV_SRR24833888,537,I,OG1,L,AA
hRSV_SRR24833888,538,N,OG1,L,AA
hRSV_SRR24833888,539,D,OG1,L,AA
hRSV_SRR24833888,540,K,OG1,L,AA
hRSV_SRR24833888,541,A,OG1,L,AA
hRSV_SRR24833888,542,I,OG1,L,AA
hRSV_SRR24833888,543,S,OG1,L,AA
hRSV_SRR24833888,544,P,OG1,L,AA
hRSV_SRR24833888,545,P,OG1,L,AA
hRSV_SRR24833888,546,K,OG1,L,AA
hRSV_SRR24833888,547,N,OG1,L,AA
hRSV_SRR24833888,548,L,OG1,L,AA
hRSV_SRR24833888,549,I,OG1,L,AA
hRSV_SRR24833888,550,W,OG1,L,AA
hRSV_SRR24833888,551,T,OG1,L,AA
hRSV_SRR24833888,552,S,OG1,L,AA
hRSV_SRR24833888,553,F,OG1,L,AA
hRSV_SRR24833888,554,P,OG1,L,AA
hRSV_SRR24833888,555,R,OG1,L,AA
hRSV_SRR24833888,556,N,OG1,L,AA
hRSV_SRR24833888,557,Y,OG1,L,AA
hRSV_SRR24833888,558,M,OG1,L,AA
hRSV_SRR24833888,559,P,OG1,L,AA
hRSV_SRR24833888,560,S,OG1,L,AA
hRSV_SRR24833888,561,H,OG1,L,AA
hRSV_SRR24833888,562,I,OG1,L,AA
hRSV_SRR24833888,563,Q,OG1,L,AA
hRSV_SRR24833888,564,N,OG1,L,AA
hRSV_SRR24833888,565,Y,OG1,L,AA
hRSV_SRR24833888,566,I,OG1,L,AA
hRSV_SRR24833888,567,E,OG1,L,AA
hRSV_SRR24833888,568,H,OG1,L,AA
hRSV_SRR24833888,569,E,OG1,L,AA
hRSV_SRR24833888,570,K,OG1,L,AA
hRSV_SRR24833888,571,L,OG1,L,AA
hRSV_SRR24833888,572,K,OG1,L,AA
hRSV_SRR24833888,573,F,OG1,L,AA
hRSV_SRR24833888,574,S,OG1,L,AA
hRSV_SRR24833888,575,D,OG1,L,AA
hRSV_SRR24833888,576,S,OG1,L,AA
hRSV_SRR24833888,577,D,OG1,L,AA
hRSV_SRR24833888,578,K,OG1,L,AA
hRSV_SRR24833888,579,S,OG1,L,AA
hRSV_SRR24833888,580,R,OG1,L,AA
hRSV_SRR24833888,581,R,OG1,L,AA
hRSV_SRR24833888,582,V,OG1,L,AA
hRSV_SRR24833888,583,L,OG1,L,AA
hRSV_SRR24833888,584,E,OG1,L,AA
hRSV_SRR24833888,585,Y,OG1,L,AA
hRSV_SRR24833888,586,Y,OG1,L,AA
hRSV_SRR24833888,587,L,OG1,L,AA
hRSV_SRR24833888,588,R,OG1,L,AA
hRSV_SRR24833888,589,D,OG1,L,AA
hRSV_SRR24833888,590,N,OG1,L,AA
hRSV_SRR24833888,591,K,OG1,L,AA
hRSV_SRR24833888,592,F,OG1,L,AA
hRSV_SRR24833888,593,N,OG1,L,AA
hRSV_SRR24833888,594,E,OG1,L,AA
hRSV_SRR24833888,595,C,OG1,L,AA
hRSV_SRR24833888,596,D,OG1,L,AA
hRSV_SRR24833888,597,L,OG1,L,AA
hRSV_SRR24833888,598,H,OG1,L,AA
hRSV_SRR24833888,599,N,OG1,L,AA
hRSV_SRR24833888,600,C,OG1,L,AA
hRSV_SRR24833888,601,V,OG1,L,AA
hRSV_SRR24833888,602,V,OG1,L,AA
hRSV_SRR24833888,603,N,OG1,L,AA
hRSV_SRR24833888,604,Q,OG1,L,AA
hRSV_SRR24833888,605,S,OG1,L,AA
hRSV_SRR24833888,606,Y,OG1,L,AA
hRSV_SRR24833888,607,L,OG1,L,AA
hRSV_SRR24833888,608,N,OG1,L,AA
hRSV_SRR24833888,609,N,OG1,L,AA
hRSV_SRR24833888,610,P,OG1,L,AA
hRSV_SRR24833888,611,N,OG1,L,AA
hRSV_SRR24833888,612,H,OG1,L,AA
hRSV_SRR24833888,613,V,OG1,L,AA
hRSV_SRR24833888,614,V,OG1,L,AA
hRSV_SRR24833888,615,S,OG1,L,AA
hRSV_SRR24833888,616,L,OG1,L,AA
hRSV_SRR24833888,617,T,OG1,L,AA
hRSV_SRR24833888,618,G,OG1,L,AA
hRSV_SRR24833888,619,K,OG1,L,AA
hRSV_SRR24833888,620,E,OG1,L,AA
hRSV_SRR24833888,621,R,OG1,L,AA
hRSV_SRR24833888,622,E,OG1,L,AA
hRSV_SRR24833888,623,L,OG1,L,AA
hRSV_SRR24833888,624,S,OG1,L,AA
hRSV_SRR24833888,625,V,OG1,L,AA
hRSV_SRR24833888,626,G,OG1,L,AA
hRSV_SRR24833888,627,R,OG1,L,AA
hRSV_SRR24833888,628,M,OG1,L,AA
hRSV_SRR24833888,629,F,OG1,L,AA
hRSV_SRR24833888,630,A,OG1,L,AA
hRSV_SRR24833888,631,M,OG1,L,AA
hRSV_SRR24833888,632,Q,OG1,L,AA
hRSV_SRR24833888,633,P,OG1,L,AA
hRSV_SRR24833888,634,G,OG1,L,AA
hRSV_SRR24833888,635,M,OG1,L,AA
hRSV_SRR24833888,636,F,OG1,L,AA
hRSV_SRR24833888,637,R,OG1,L,AA
hRSV_SRR24833888,638,Q,OG1,L,AA
hRSV_SRR24833888,639,V,OG1,L,AA
hRSV_SRR24833888,640,Q,OG1,L,AA
hRSV_SRR24833888,641,I,OG1,L,AA
hRSV_SRR24833888,642,L,OG1,L,AA
hRSV_SRR24833888,643,A,OG1,L,AA
hRSV_SRR24833888,644,E,OG1,L,AA
hRSV_SRR24833888,645,K,OG1,L,AA
hRSV_SRR24833888,646,M,OG1,L,AA
hRSV_SRR24833888,647,I,OG1,L,AA
hRSV_SRR24833888,648,A,OG1,L,AA
hRSV_SRR24833888,649,E,OG1,L,AA
hRSV_SRR24833888,650,N,OG1,L,AA
hRSV_SRR24833888,651,I,OG1,L,AA
hRSV_SRR24833888,652,L,OG1,L,AA
hRSV_SRR24833888,653,Q,OG1,L,AA
hRSV_SRR24833888,654,F,OG1,L,AA
hRSV_SRR24833888,655,F,OG1,L,AA
hRSV_SRR24833888,656,P,OG1,L,AA
hRSV_SRR24833888,657,E,OG1,L,AA
hRSV_SRR24833888,658,S,OG1,L,AA
hRSV_SRR24833888,659,L,OG1,L,AA
hRSV_SRR24833888,660,T,OG1,L,AA
hRSV_SRR24833888,661,R,OG1,L,AA
hRSV_SRR24833888,662,Y,OG1,L,AA
hRSV_SRR24833888,663,G,OG1,L,AA
hRSV_SRR24833888,664,D,OG1,L,AA
hRSV_SRR24833888,665,L,OG1,L,AA
hRSV_SRR24833888,666,E,OG1,L,AA
hRSV_SRR24833888,667,L,OG1,L,AA
hRSV_SRR24833888,668,Q,OG1,L,AA
hRSV_SRR24833888,669,K,OG1,L,AA
hRSV_SRR24833888,670,I,OG1,L,AA
hRSV_SRR24833888,671,L,OG1,L,AA
hRSV_SRR24833888,672,E,OG1,L,AA
hRSV_SRR24833888,673,L,OG1,L,AA
hRSV_SRR24833888,674,K,OG1,L,AA
hRSV_SRR24833888,675,A,OG1,L,AA
hRSV_SRR24833888,676,G,OG1,L,AA
hRSV_SRR24833888,677,I,OG1,L,AA
hRSV_SRR24833888,678,S,OG1,L,AA
hRSV_SRR24833888,679,N,OG1,L,AA
hRSV_SRR24833888,680,K,OG1,L,AA
hRSV_SRR24833888,681,S,OG1,L,AA
hRSV_SRR24833888,682,N,OG1,L,AA
hRSV_SRR24833888,683,R,OG1,L,AA
hRSV_SRR24833888,684,Y,OG1,L,AA
hRSV_SRR24833888,685,N,OG1,L,AA
hRSV_SRR24833888,686,D,OG1,L,AA
hRSV_SRR24833888,687,N,OG1,L,AA
hRSV_SRR24833888,688,Y,OG1,L,AA
hRSV_SRR24833888,689,N,OG1,L,AA
hRSV_SRR24833888,690,N,OG1,L,AA
hRSV_SRR24833888,691,Y,OG1,L,AA
hRSV_SRR24833888,692,I,OG1,L,AA
hRSV_SRR24833888,693,S,OG1,L,AA
hRSV_SRR24833888,694,K,OG1,L,AA
hRSV_SRR24833888,695,C,OG1,L,AA
hRSV_SRR24833888,696,S,OG1,L,AA
hRSV_SRR24833888,697,I,OG1,L,AA
hRSV_SRR24833888,698,I,OG1,L,AA
hRSV_SRR24833888,699,T,OG1,L,AA
hRSV_SRR24833888,700,D,OG1,L,AA
hRSV_SRR24833888,701,L,OG1,L,AA
hRSV_SRR24833888,702,S,OG1,L,AA
hRSV_SRR24833888,703,K,OG1,L,AA
hRSV_SRR24833888,704,F,OG1,L,AA
hRSV_SRR24833888,705,N,OG1,L,AA
hRSV_SRR24833888,706,Q,OG1,L,AA
hRSV_SRR24833888,707,A,OG1,L,AA
hRSV_SRR24833888,708,F,OG1,L,AA
hRSV_SRR24833888,709,R,OG1,L,AA
hRSV_SRR24833888,710,Y,OG1,L,AA
hRSV_SRR24833888,711,E,OG1,L,AA
hRSV_SRR24833888,712,T,OG1,L,AA
hRSV_SRR24833888,713,S,OG1,L,AA
hRSV_SRR24833888,714,C,OG1,L,AA
hRSV_SRR24833888,715,I,OG1,L,AA
hRSV_SRR24833888,716,C,OG1,L,AA
hRSV_SRR24833888,717,S,OG1,L,AA
hRSV_SRR24833888,718,D,OG1,L,AA
hRSV_SRR24833888,719,V,OG1,L,AA
hRSV_SRR24833888,720,L,OG1,L,AA
hRSV_SRR24833888,721,D,OG1,L,AA
hRSV_SRR24833888,722,E,OG1,L,AA
hRSV_SRR24833888,723,L,OG1,L,AA
hRSV_SRR24833888,724,H,OG1,L,AA
hRSV_SRR24833888,725,G,OG1,L,AA
hRSV_SRR24833888,726,V,OG1,L,AA
hRSV_SRR24833888,727,Q,OG1,L,AA
hRSV_SRR24833888,728,S,OG1,L,AA
hRSV_SRR24833888,729,L,OG1,L,AA
hRSV_SRR24833888,730,F,OG1,L,AA
hRSV_SRR24833888,731,S,OG1,L,AA
hRSV_SRR24833888,732,W,OG1,L,AA
hRSV_SRR24833888,733,L,OG1,L,AA
hRSV_SRR24833888,734,H,OG1,L,AA
hRSV_SRR24833888,735,L,OG1,L,AA
hRSV_SRR24833888,736,T,OG1,L,AA
hRSV_SRR24833888,737,I,OG1,L,AA
hRSV_SRR24833888,738,P,OG1,L,AA
hRSV_SRR24833888,739,H,OG1,L,AA
hRSV_SRR24833888,740,V,OG1,L,AA
hRSV_SRR24833888,741,T,OG1,L,AA
hRSV_SRR24833888,742,I,OG1,L,AA
hRSV_SRR24833888,743,I,OG1,L,AA
hRSV_SRR24833888,744,C,OG1,L,AA
hRSV_SRR24833888,745,T,OG1,L,AA
hRSV_SRR24833888,746,Y,OG1,L,AA
hRSV_SRR24833888,747,R,OG1,L,AA
hRSV_SRR24833888,748,H,OG1,L,AA
hRSV_SRR24833888,749,A,OG1,L,AA
hRSV_SRR24833888,750,P,OG1,L,AA
hRSV_SRR24833888,751,P,OG1,L,AA
hRSV_SRR24833888,752,Y,OG1,L,AA
hRSV_SRR24833888,753,I,OG1,L,AA
hRSV_SRR24833888,754,K,OG1,L,AA
hRSV_SRR24833888,755,D,OG1,L,AA
hRSV_SRR24833888,756,H,OG1,L,AA
hRSV_SRR24833888,757,I,OG1,L,AA
hRSV_SRR24833888,758,V,OG1,L,AA
hRSV_SRR24833888,759,D,OG1,L,AA
hRSV_SRR24833888,760,L,OG1,L,AA
hRSV_SRR24833888,761,N,OG1,L,AA
hRSV_SRR24833888,762,N,OG1,L,AA
hRSV_SRR24833888,763,V,OG1,L,AA
hRSV_SRR24833888,764,D,OG1,L,AA
hRSV_SRR24833888,765,E,OG1,L,AA
hRSV_SRR24833888,766,Q,OG1,L,AA
hRSV_SRR24833888,767,S,OG1,L,AA
hRSV_SRR24833888,768,G,OG1,L,AA
hRSV_SRR24833888,769,L,OG1,L,AA
hRSV_SRR24833888,770,Y,OG1,L,AA
hRSV_SRR24833888,771,R,OG1,L,AA
hRSV_SRR24833888,772,Y,OG1,L,AA
hRSV_SRR24833888,773,H,OG1,L,AA
hRSV_SRR24833888,774,M,OG1,L,AA
hRSV_SRR24833888,775,G,OG1,L,AA
hRSV_SRR24833888,776,G,OG1,L,AA
hRSV_SRR24833888,777,I,OG1,L,AA
hRSV_SRR24833888,778,E,OG1,L,AA
hRSV_SRR24833888,779,G,OG1,L,AA
hRSV_SRR24833888,780,W,OG1,L,AA
hRSV_SRR24833888,781,C,OG1,L,AA
hRSV_SRR24833888,782,Q,OG1,L,AA
hRSV_SRR24833888,783,K,OG1,L,AA
hRSV_SRR24833888,784,L,OG1,L,AA
hRSV_SRR24833888,785,W,OG1,L,AA
hRSV_SRR24833888,786,T,OG1,L,AA
hRSV_SRR24833888,787,I,OG1,L,AA
hRSV_SRR24833888,788,E,OG1,L,AA
hRSV_SRR24833888,789,A,OG1,L,AA
hRSV_SRR24833888,790,I,OG1,L,AA
hRSV_SRR24833888,791,S,OG1,L,AA
hRSV_SRR24833888,792,L,OG1,L,AA
hRSV_SRR24833888,793,L,OG1,L,AA
hRSV_SRR24833888,794,D,OG1,L,AA
hRSV_SRR24833888,795,L,OG1,L,AA
hRSV_SRR24833888,796,I,OG1,L,AA
hRSV_SRR24833888,797,S,OG1,L,AA
hRSV_SRR24833888,798,L,OG1,L,AA
hRSV_SRR24833888,799,K,OG1,L,AA
hRSV_SRR24833888,800,G,OG1,L,AA
hRSV_SRR24833888,801,K,OG1,L,AA
hRSV_SRR24833888,802,F,OG1,L,AA
hRSV_SRR24833888,803,S,OG1,L,AA
hRSV_SRR24833888,804,I,OG1,L,AA
hRSV_SRR24833888,805,T,OG1,L,AA
hRSV_SRR24833888,806,A,OG1,L,AA
hRSV_SRR24833888,807,L,OG1,L,AA
hRSV_SRR24833888,808,I,OG1,L,AA
hRSV_SRR24833888,809,N,OG1,L,AA
hRSV_SRR24833888,810,G,OG1,L,AA
hRSV_SRR24833888,811,D,OG1,L,AA
hRSV_SRR24833888,812,N,OG1,L,AA
hRSV_SRR24833888,813,Q,OG1,L,AA
hRSV_SRR24833888,814,S,OG1,L,AA
hRSV_SRR24833888,815,I,OG1,L,AA
hRSV_SRR24833888,816,D,OG1,L,AA
hRSV_SRR24833888,817,I,OG1,L,AA
hRSV_SRR24833888,818,S,OG1,L,AA
hRSV_SRR24833888,819,K,OG1,L,AA
hRSV_SRR24833888,820,P,OG1,L,AA
hRSV_SRR24833888,821,V,OG1,L,AA
hRSV_SRR24833888,822,R,OG1,L,AA
hRSV_SRR24833888,823,L,OG1,L,AA
hRSV_SRR24833888,824,V,OG1,L,AA
hRSV_SRR24833888,825,E,OG1,L,AA
hRSV_SRR24833888,826,G,OG1,L,AA
hRSV_SRR24833888,827,Q,OG1,L,AA
hRSV_SRR24833888,828,T,OG1,L,AA
hRSV_SRR24833888,829,H,OG1,L,AA
hRSV_SRR24833888,830,A,OG1,L,AA
hRSV_SRR24833888,831,Q,OG1,L,AA
hRSV_SRR24833888,832,A,OG1,L,AA
hRSV_SRR24833888,833,D,OG1,L,AA
hRSV_SRR24833888,834,Y,OG1,L,AA
hRSV_SRR24833888,835,L,OG1,L,AA
hRSV_SRR24833888,836,L,OG1,L,AA
hRSV_SRR24833888,837,A,OG1,L,AA
hRSV_SRR24833888,838,L,OG1,L,AA
hRSV_SRR24833888,839,N,OG1,L,AA
hRSV_SRR24833888,840,S,OG1,L,AA
hRSV_SRR24833888,841,L,OG1,L,AA
hRSV_SRR24833888,842,K,OG1,L,AA
hRSV_SRR24833888,843,L,OG1,L,AA
hRSV_SRR24833888,844,L,OG1,L,AA
hRSV_SRR24833888,845,Y,OG1,L,AA
hRSV_SRR24833888,846,K,OG1,L,AA
hRSV_SRR24833888,847,E,OG1,L,AA
hRSV_SRR24833888,848,Y,OG1,L,AA
hRSV_SRR24833888,849,A,OG1,L,AA
hRSV_SRR24833888,850,G,OG1,L,AA
hRSV_SRR24833888,851,I,OG1,L,AA
hRSV_SRR24833888,852,G,OG1,L,AA
hRSV_SRR24833888,853,H,OG1,L,AA
hRSV_SRR24833888,854,K,OG1,L,AA
hRSV_SRR24833888,855,L,OG1,L,AA
hRSV_SRR24833888,856,K,OG1,L,AA
hRSV_SRR24833888,857,G,OG1,L,AA
hRSV_SRR24833888,858,T,OG1,L,AA
hRSV_SRR24833888,859,E,OG1,L,AA
hRSV_SRR24833888,860,T,OG1,L,AA
hRSV_SRR24833888,861,Y,OG1,L,AA
hRSV_SRR24833888,862,I,OG1,L,AA
hRSV_SRR24833888,863,S,OG1,L,AA
hRSV_SRR24833888,864,R,OG1,L,AA
hRSV_SRR24833888,865,D,OG1,L,AA
hRSV_SRR24833888,866,M,OG1,L,AA
hRSV_SRR24833888,867,Q,OG1,L,AA
hRSV_SRR24833888,868,F,OG1,L,AA
hRSV_SRR24833888,869,M,OG1,L,AA
hRSV_SRR24833888,870,S,OG1,L,AA
hRSV_SRR24833888,871,K,OG1,L,AA
hRSV_SRR24833888,872,T,OG1,L,AA
hRSV_SRR24833888,873,I,OG1,L,AA
hRSV_SRR24833888,874,Q,OG1,L,AA
hRSV_SRR24833888,875,H,OG1,L,AA
hRSV_SRR24833888,876,N,OG1,L,AA
hRSV_SRR24833888,877,G,OG1,L,AA
hRSV_SRR24833888,878,V,OG1,L,AA
hRSV_SRR24833888,879,Y,OG1,L,AA
hRSV_SRR24833888,880,Y,OG1,L,AA
hRSV_SRR24833888,881,P,OG1,L,AA
hRSV_SRR24833888,882,A,OG1,L,AA
hRSV_SRR24833888,883,S,OG1,L,AA
hRSV_SRR24833888,884,I,OG1,L,AA
hRSV_SRR24833888,885,K,OG1,L,AA
hRSV_SRR24833888,886,K,OG1,L,AA
hRSV_SRR24833888,887,V,OG1,L,AA
hRSV_SRR24833888,888,L,OG1,L,AA
hRSV_SRR24833888,889,R,OG1,L,AA
hRSV_SRR24833888,890,V,OG1,L,AA
hRSV_SRR24833888,891,G,OG1,L,AA
hRSV_SRR24833888,892,P,OG1,L,AA
hRSV_SRR24833888,893,W,OG1,L,AA
hRSV_SRR24833888,894,I,OG1,L,AA
hRSV_SRR24833888,895,N,OG1,L,AA
hRSV_SRR24833888,896,T,OG1,L,AA
hRSV_SRR24833888,897,I,OG1,L,AA
hRSV_SRR24833888,898,L,OG1,L,AA
hRSV_SRR24833888,899,D,OG1,L,AA
hRSV_SRR24833888,900,D,OG1,L,AA
hRSV_SRR24833888,901,F,OG1,L,AA
hRSV_SRR24833888,902,K,OG1,L,AA
hRSV_SRR24833888,903,V,OG1,L,AA
hRSV_SRR24833888,904,S,OG1,L,AA
hRSV_SRR24833888,905,L,OG1,L,AA
hRSV_SRR24833888,906,E,OG1,L,AA
hRSV_SRR24833888,907,S,OG1,L,AA
hRSV_SRR24833888,908,I,OG1,L,AA
hRSV_SRR24833888,909,G,OG1,L,AA
hRSV_SRR24833888,910,S,OG1,L,AA
hRSV_SRR24833888,911,L,OG1,L,AA
hRSV_SRR24833888,912,T,OG1,L,AA
hRSV_SRR24833888,913,Q,OG1,L,AA
hRSV_SRR24833888,914,E,OG1,L,AA
hRSV_SRR24833888,915,L,OG1,L,AA
hRSV_SRR24833888,916,E,OG1,L,AA
hRSV_SRR24833888,917,Y,OG1,L,AA
hRSV_SRR24833888,918,R,OG1,L,AA
hRSV_SRR24833888,919,G,OG1,L,AA
hRSV_SRR24833888,920,E,OG1,L,AA
hRSV_SRR24833888,921,S,OG1,L,AA
hRSV_SRR24833888,922,L,OG1,L,AA
hRSV_SRR24833888,923,L,OG1,L,AA
hRSV_SRR24833888,924,C,OG1,L,AA
hRSV_SRR24833888,925,S,OG1,L,AA
hRSV_SRR24833888,926,L,OG1,L,AA
hRSV_SRR24833888,927,I,OG1,L,AA
hRSV_SRR24833888,928,F,OG1,L,AA
hRSV_SRR24833888,929,R,OG1,L,AA
hRSV_SRR24833888,930,N,OG1,L,AA
hRSV_SRR24833888,931,V,OG1,L,AA
hRSV_SRR24833888,932,W,OG1,L,AA
hRSV_SRR24833888,933,L,OG1,L,AA
hRSV_SRR24833888,934,Y,OG1,L,AA
hRSV_SRR24833888,935,N,OG1,L,AA
hRSV_SRR24833888,936,Q,OG1,L,AA
hRSV_SRR24833888,937,I,OG1,L,AA
hRSV_SRR24833888,938,A,OG1,L,AA
hRSV_SRR24833888,939,L,OG1,L,AA
hRSV_SRR24833888,940,Q,OG1,L,AA
hRSV_SRR24833888,941,L,OG1,L,AA
hRSV_SRR24833888,942,K,OG1,L,AA
hRSV_SRR24833888,943,N,OG1,L,AA
hRSV_SRR24833888,944,H,OG1,L,AA
hRSV_SRR24833888,945,A,OG1,L,AA
hRSV_SRR24833888,946,L,OG1,L,AA
hRSV_SRR24833888,947,C,OG1,L,AA
hRSV_SRR24833888,948,N,OG1,L,AA
hRSV_SRR24833888,949,N,OG1,L,AA
hRSV_SRR24833888,950,K,OG1,L,AA
hRSV_SRR24833888,951,L,OG1,L,AA
hRSV_SRR24833888,952,Y,OG1,L,AA
hRSV_SRR24833888,953,L,OG1,L,AA
hRSV_SRR24833888,954,D,OG1,L,AA
hRSV_SRR24833888,955,I,OG1,L,AA
hRSV_SRR24833888,956,L,OG1,L,AA
hRSV_SRR24833888,957,K,OG1,L,AA
hRSV_SRR24833888,958,V,OG1,L,AA
hRSV_SRR24833888,959,L,OG1,L,AA
hRSV_SRR24833888,960,K,OG1,L,AA
hRSV_SRR24833888,961,H,OG1,L,AA
hRSV_SRR24833888,962,L,OG1,L,AA
hRSV_SRR24833888,963,K,OG1,L,AA
hRSV_SRR24833888,964,T,OG1,L,AA
hRSV_SRR24833888,965,F,OG1,L,AA
hRSV_SRR24833888,966,F,OG1,L,AA
hRSV_SRR24833888,967,N,OG1,L,AA
hRSV_SRR24833888,968,L,OG1,L,AA
hRSV_SRR24833888,969,D,OG1,L,AA
hRSV_SRR24833888,970,N,OG1,L,AA
hRSV_SRR24833888,971,I,OG1,L,AA
hRSV_SRR24833888,972,D,OG1,L,AA
hRSV_SRR24833888,973,T,OG1,L,AA
hRSV_SRR24833888,974,A,OG1,L,AA
hRSV_SRR24833888,975,L,OG1,L,AA
hRSV_SRR24833888,976,T,OG1,L,AA
hRSV_SRR24833888,977,L,OG1,L,AA
hRSV_SRR24833888,978,Y,OG1,L,AA
hRSV_SRR24833888,979,M,OG1,L,AA
hRSV_SRR24833888,980,N,OG1,L,AA
hRSV_SRR24833888,981,L,OG1,L,AA
hRSV_SRR24833888,982,P,OG1,L,AA
hRSV_SRR24833888,983,M,OG1,L,AA
hRSV_SRR24833888,984,L,OG1,L,AA
hRSV_SRR24833888,985,F,OG1,L,AA
hRSV_SRR24833888,986,G,OG1,L,AA
hRSV_SRR24833888,987,G,OG1,L,AA
hRSV_SRR24833888,988,G,OG1,L,AA
hRSV_SRR24833888,989,D,OG1,L,AA
hRSV_SRR24833888,990,P,OG1,L,AA
hRSV_SRR24833888,991,N,OG1,L,AA
hRSV_SRR24833888,992,L,OG1,L,AA
hRSV_SRR24833888,993,L,OG1,L,AA
hRSV_SRR24833888,994,Y,OG1,L,AA
hRSV_SRR24833888,995,R,OG1,L,AA
hRSV_SRR24833888,996,S,OG1,L,AA
hRSV_SRR24833888,997,F,OG1,L,AA
hRSV_SRR24833888,998,Y,OG1,L,AA
hRSV_SRR24833888,999,R,OG1,L,AA
hRSV_SRR24833888,1000,R,OG1,L,AA
hRSV_SRR24833888,1001,T,OG1,L,AA
hRSV_SRR24833888,1002,P,OG1,L,AA
hRSV_SRR24833888,1003,D,OG1,L,AA
hRSV_SRR24833888,1004,F,OG1,L,AA
hRSV_SRR24833888,1005,L,OG1,L,AA
hRSV_SRR24833888,1006,T,OG1,L,AA
hRSV_SRR24833888,1007,E,OG1,L,AA
hRSV_SRR24833888,1008,A,OG1,L,AA
hRSV_SRR24833888,1009,I,OG1,L,AA
hRSV_SRR24833888,1010,V,OG1,L,AA
hRSV_SRR24833888,1011,H,OG1,L,AA
hRSV_SRR24833888,1012,S,OG1,L,AA
hRSV_SRR24833888,1013,V,OG1,L,AA
hRSV_SRR24833888,1014,F,OG1,L,AA
hRSV_SRR24833888,1015,I,OG1,L,AA
hRSV_SRR24833888,1016,L,OG1,L,AA
hRSV_SRR24833888,1017,S,OG1,L,AA
hRSV_SRR24833888,1018,Y,OG1,L,AA
hRSV_SRR24833888,1019,Y,OG1,L,AA
hRSV_SRR24833888,1020,T,OG1,L,AA
hRSV_SRR24833888,1021,N,OG1,L,AA
hRSV_SRR24833888,1022,H,OG1,L,AA
hRSV_SRR24833888,1023,D,OG1,L,AA
hRSV_SRR24833888,1024,L,OG1,L,AA
hRSV_SRR24833888,1025,K,OG1,L,AA
hRSV_SRR24833888,1026,D,OG1,L,AA
hRSV_SRR24833888,1027,K,OG1,L,AA
hRSV_SRR24833888,1028,L,OG1,L,AA
hRSV_SRR24833888,1029,Q,OG1,L,AA
hRSV_SRR24833888,1030,D,OG1,L,AA
hRSV_SRR24833888,1031,L,OG1,L,AA
hRSV_SRR24833888,1032,S,OG1,L,AA
hRSV_SRR24833888,1033,D,OG1,L,AA
hRSV_SRR24833888,1034,D,OG1,L,AA
hRSV_SRR24833888,1035,R,OG1,L,AA
hRSV_SRR24833888,1036,L,OG1,L,AA
hRSV_SRR24833888,1037,N,OG1,L,AA
hRSV_SRR24833888,1038,K,OG1,L,AA
hRSV_SRR24833888,1039,F,OG1,L,AA
hRSV_SRR24833888,1040,L,OG1,L,AA
hRSV_SRR24833888,1041,T,OG1,L,AA
hRSV_SRR24833888,1042,C,OG1,L,AA
hRSV_SRR24833888,1043,I,OG1,L,AA
hRSV_SRR24833888,1044,I,OG1,L,AA
hRSV_SRR24833888,1045,T,OG1,L,AA
hRSV_SRR24833888,1046,F,OG1,L,AA
hRSV_SRR24833888,1047,D,OG1,L,AA
hRSV_SRR24833888,1048,K,OG1,L,AA
hRSV_SRR24833888,1049,N,OG1,L,AA
hRSV_SRR24833888,1050,P,OG1,L,AA
hRSV_SRR24833888,1051,N,OG1,L,AA
hRSV_SRR24833888,1052,A,OG1,L,AA
hRSV_SRR24833888,1053,E,OG1,L,AA
hRSV_SRR24833888,1054,F,OG1,L,AA
hRSV_SRR24833888,1055,V,OG1,L,AA
hRSV_SRR24833888,1056,T,OG1,L,AA
hRSV_SRR24833888,1057,L,OG1,L,AA
hRSV_SRR24833888,1058,M,OG1,L,AA
hRSV_SRR24833888,1059,R,OG1,L,AA
hRSV_SRR24833888,1060,D,OG1,L,AA
hRSV_SRR24833888,1061,P,OG1,L,AA
hRSV_SRR24833888,1062,Q,OG1,L,AA
hRSV_SRR24833888,1063,A,OG1,L,AA
hRSV_SRR24833888,1064,L,OG1,L,AA
hRSV_SRR24833888,1065,G,OG1,L,AA
hRSV_SRR24833888,1066,S,OG1,L,AA
hRSV_SRR24833888,1067,E,OG1,L,AA
hRSV_SRR24833888,1068,R,OG1,L,AA
hRSV_SRR24833888,1069,Q,OG1,L,AA
hRSV_SRR24833888,1070,A,OG1,L,AA
hRSV_SRR24833888,1071,K,OG1,L,AA
hRSV_SRR24833888,1072,I,OG1,L,AA
hRSV_SRR24833888,1073,T,OG1,L,AA
hRSV_SRR24833888,1074,S,OG1,L,AA
hRSV_SRR24833888,1075,E,OG1,L,AA
hRSV_SRR24833888,1076,I,OG1,L,AA
hRSV_SRR24833888,1077,N,OG1,L,AA
hRSV_SRR24833888,1078,R,OG1,L,AA
hRSV_SRR24833888,1079,L,OG1,L,AA
hRSV_SRR24833888,1080,A,OG1,L,AA
hRSV_SRR24833888,1081,V,OG1,L,AA
hRSV_SRR24833888,1082,T,OG1,L,AA
hRSV_SRR24833888,1083,E,OG1,L,AA
hRSV_SRR24833888,1084,V,OG1,L,AA
hRSV_SRR24833888,1085,L,OG1,L,AA
hRSV_SRR24833888,1086,S,OG1,L,AA
hRSV_SRR24833888,1087,T,OG1,L,AA
hRSV_SRR24833888,1088,A,OG1,L,AA
hRSV_SRR24833888,1089,P,OG1,L,AA
hRSV_SRR24833888,1090,N,OG1,L,AA
hRSV_SRR24833888,1091,K,OG1,L,AA
hRSV_SRR24833888,1092,I,OG1,L,AA
hRSV_SRR24833888,1093,F,OG1,L,AA
hRSV_SRR24833888,1094,S,OG1,L,AA
hRSV_SRR24833888,1095,K,OG1,L,AA
hRSV_SRR24833888,1096,S,OG1,L,AA
hRSV_SRR24833888,1097,A,OG1,L,AA
hRSV_SRR24833888,1098,Q,OG1,L,AA
hRSV_SRR24833888,1099,H,OG1,L,AA
hRSV_SRR24833888,1100,Y,OG1,L,AA
hRSV_SRR24833888,1101,T,OG1,L,AA
hRSV_SRR24833888,1102,T,OG1,L,AA
hRSV_SRR24833888,1103,T,OG1,L,AA
hRSV_SRR24833888,1104,E,OG1,L,AA
hRSV_SRR24833888,1105,I,OG1,L,AA
hRSV_SRR24833888,1106,D,OG1,L,AA
hRSV_SRR24833888,1107,L,OG1,L,AA
hRSV_SRR24833888,1108,N,OG1,L,AA
hRSV_SRR24833888,1109,D,OG1,L,AA
hRSV_SRR24833888,1110,I,OG1,L,AA
hRSV_SRR24833888,1111,M,OG1,L,AA
hRSV_SRR24833888,1112,Q,OG1,L,AA
hRSV_SRR24833888,1113,N,OG1,L,AA
hRSV_SRR24833888,1114,I,OG1,L,AA
hRSV_SRR24833888,1115,E,OG1,L,AA
hRSV_SRR24833888,1116,P,OG1,L,AA
hRSV_SRR24833888,1117,T,OG1,L,AA
hRSV_SRR24833888,1118,Y,OG1,L,AA
hRSV_SRR24833888,1119,P,OG1,L,AA
hRSV_SRR24833888,1120,H,OG1,L,AA
hRSV_SRR24833888,1121,G,OG1,L,AA
hRSV_SRR24833888,1122,L,OG1,L,AA
hRSV_SRR24833888,1123,R,OG1,L,AA
hRSV_SRR24833888,1124,V,OG1,L,AA
hRSV_SRR24833888,1125,V,OG1,L,AA
hRSV_SRR24833888,1126,Y,OG1,L,AA
hRSV_SRR24833888,1127,E,OG1,L,AA
hRSV_SRR24833888,1128,S,OG1,L,AA
hRSV_SRR24833888,1129,L,OG1,L,AA
hRSV_SRR24833888,1130,P,OG1,L,AA
hRSV_SRR24833888,1131,F,OG1,L,AA
hRSV_SRR24833888,1132,Y,OG1,L,AA
hRSV_SRR24833888,1133,K,OG1,L,AA
hRSV_SRR24833888,1134,A,OG1,L,AA
hRSV_SRR24833888,1135,E,OG1,L,AA
hRSV_SRR24833888,1136,K,OG1,L,AA
hRSV_SRR24833888,1137,I,OG1,L,AA
hRSV_SRR24833888,1138,V,OG1,L,AA
hRSV_SRR24833888,1139,N,OG1,L,AA
hRSV_SRR24833888,1140,L,OG1,L,AA
hRSV_SRR24833888,1141,I,OG1,L,AA
hRSV_SRR24833888,1142,S,OG1,L,AA
hRSV_SRR24833888,1143,G,OG1,L,AA
hRSV_SRR24833888,1144,T,OG1,L,AA
hRSV_SRR24833888,1145,K,OG1,L,AA
hRSV_SRR24833888,1146,S,OG1,L,AA
hRSV_SRR24833888,1147,I,OG1,L,AA
hRSV_SRR24833888,1148,T,OG1,L,AA
hRSV_SRR24833888,1149,N,OG1,L,AA
hRSV_SRR24833888,1150,I,OG1,L,AA
hRSV_SRR24833888,1151,L,OG1,L,AA
hRSV_SRR24833888,1152,E,OG1,L,AA
hRSV_SRR24833888,1153,K,OG1,L,AA
hRSV_SRR24833888,1154,T,OG1,L,AA
hRSV_SRR24833888,1155,S,OG1,L,AA
hRSV_SRR24833888,1156,A,OG1,L,AA
hRSV_SRR24833888,1157,I,OG1,L,AA
hRSV_SRR24833888,1158,D,OG1,L,AA
hRSV_SRR24833888,1159,L,OG1,L,AA
hRSV_SRR24833888,1160,T,OG1,L,AA
hRSV_SRR24833888,1161,D,OG1,L,AA
hRSV_SRR24833888,1162,I,OG1,L,AA
hRSV_SRR24833888,1163,D,OG1,L,AA
hRSV_SRR24833888,1164,R,OG1,L,AA
hRSV_SRR24833888,1165,A,OG1,L,AA
hRSV_SRR24833888,1166,T,OG1,L,AA
hRSV_SRR24833888,1167,E,OG1,L,AA
hRSV_SRR24833888,1168,M,OG1,L,AA
hRSV_SRR24833888,1169,M,OG1,L,AA
hRSV_SRR24833888,1170,R,OG1,L,AA
hRSV_SRR24833888,1171,K,OG1,L,AA
hRSV_SRR24833888,1172,N,OG1,L,AA
hRSV_SRR24833888,1173,I,OG1,L,AA
hRSV_SRR24833888,1174,T,OG1,L,AA
hRSV_SRR24833888,1175,L,OG1,L,AA
hRSV_SRR24833888,1176,L,OG1,L,AA
hRSV_SRR24833888,1177,I,OG1,L,AA
hRSV_SRR24833888,1178,R,OG1,L,AA
hRSV_SRR24833888,1179,I,OG1,L,AA
hRSV_SRR24833888,1180,L,OG1,L,AA
hRSV_SRR24833888,1181,P,OG1,L,AA
hRSV_SRR24833888,1182,L,OG1,L,AA
hRSV_SRR24833888,1183,D,OG1,L,AA
hRSV_SRR24833888,1184,C,OG1,L,AA
hRSV_SRR24833888,1185,N,OG1,L,AA
hRSV_SRR24833888,1186,R,OG1,L,AA
hRSV_SRR24833888,1187,D,OG1,L,AA
hRSV_SRR24833888,1188,K,OG1,L,AA
hRSV_SRR24833888,1189,R,OG1,L,AA
hRSV_SRR24833888,1190,E,OG1,L,AA
hRSV_SRR24833888,1191,I,OG1,L,AA
hRSV_SRR24833888,1192,L,OG1,L,AA
hRSV_SRR24833888,1193,S,OG1,L,AA
hRSV_SRR24833888,1194,M,OG1,L,AA
hRSV_SRR24833888,1195,E,OG1,L,AA
hRSV_SRR24833888,1196,N,OG1,L,AA
hRSV_SRR24833888,1197,L,OG1,L,AA
hRSV_SRR24833888,1198,S,OG1,L,AA
hRSV_SRR24833888,1199,I,OG1,L,AA
hRSV_SRR24833888,1200,T,OG1,L,AA
hRSV_SRR24833888,1201,E,OG1,L,AA
hRSV_SRR24833888,1202,L,OG1,L,AA
hRSV_SRR24833888,1203,S,OG1,L,AA
hRSV_SRR24833888,1204,K,OG1,L,AA
hRSV_SRR24833888,1205,Y,OG1,L,AA
hRSV_SRR24833888,1206,V,OG1,L,AA
hRSV_SRR24833888,1207,R,OG1,L,AA
hRSV_SRR24833888,1208,E,OG1,L,AA
hRSV_SRR24833888,1209,R,OG1,L,AA
hRSV_SRR24833888,1210,S,OG1,L,AA
hRSV_SRR24833888,1211,W,OG1,L,AA
hRSV_SRR24833888,1212,S,OG1,L,AA
hRSV_SRR24833888,1213,L,OG1,L,AA
hRSV_SRR24833888,1214,S,OG1,L,AA
hRSV_SRR24833888,1215,N,OG1,L,AA
hRSV_SRR24833888,1216,I,OG1,L,AA
hRSV_SRR24833888,1217,V,OG1,L,AA
hRSV_SRR24833888,1218,G,OG1,L,AA
hRSV_SRR24833888,1219,V,OG1,L,AA
hRSV_SRR24833888,1220,T,OG1,L,AA
hRSV_SRR24833888,1221,S,OG1,L,AA
hRSV_SRR24833888,1222,P,OG1,L,AA
hRSV_SRR24833888,1223,S,OG1,L,AA
hRSV_SRR24833888,1224,I,OG1,L,AA
hRSV_SRR24833888,1225,M,OG1,L,AA
hRSV_SRR24833888,1226,Y,OG1,L,AA
hRSV_SRR24833888,1227,T,OG1,L,AA
hRSV_SRR24833888,1228,M,OG1,L,AA
hRSV_SRR24833888,1229,D,OG1,L,AA
hRSV_SRR24833888,1230,I,OG1,L,AA
hRSV_SRR24833888,1231,K,OG1,L,AA
hRSV_SRR24833888,1232,Y,OG1,L,AA
hRSV_SRR24833888,1233,T,OG1,L,AA
hRSV_SRR24833888,1234,T,OG1,L,AA
hRSV_SRR24833888,1235,S,OG1,L,AA
hRSV_SRR24833888,1236,T,OG1,L,AA
hRSV_SRR24833888,1237,I,OG1,L,AA
hRSV_SRR24833888,1238,A,OG1,L,AA
hRSV_SRR24833888,1239,S,OG1,L,AA
hRSV_SRR24833888,1240,G,OG1,L,AA
hRSV_SRR24833888,1241,I,OG1,L,AA
hRSV_SRR24833888,1242,I,OG1,L,AA
hRSV_SRR24833888,1243,I,OG1,L,AA
hRSV_SRR24833888,1244,E,OG1,L,AA
hRSV_SRR24833888,1245,K,OG1,L,AA
hRSV_SRR24833888,1246,Y,OG1,L,AA
hRSV_SRR24833888,1247,N,OG1,L,AA
hRSV_SRR24833888,1248,V,OG1,L,AA
hRSV_SRR24833888,1249,N,OG1,L,AA
hRSV_SRR24833888,1250,S,OG1,L,AA
hRSV_SRR24833888,1251,L,OG1,L,AA
hRSV_SRR24833888,1252,T,OG1,L,AA
hRSV_SRR24833888,1253,R,OG1,L,AA
hRSV_SRR24833888,1254,G,OG1,L,AA
hRSV_SRR24833888,1255,E,OG1,L,AA
hRSV_SRR24833888,1256,R,OG1,L,AA
hRSV_SRR24833888,1257,G,OG1,L,AA
hRSV_SRR24833888,1258,P,OG1,L,AA
hRSV_SRR24833888,1259,T,OG1,L,AA
hRSV_SRR24833888,1260,K,OG1,L,AA
hRSV_SRR24833888,1261,P,OG1,L,AA
hRSV_SRR24833888,1262,W,OG1,L,AA
hRSV_SRR24833888,1263,V,OG1,L,AA
hRSV_SRR24833888,1264,G,OG1,L,AA
hRSV_SRR24833888,1265,S,OG1,L,AA
hRSV_SRR24833888,1266,S,OG1,L,AA
hRSV_SRR24833888,1267,T,OG1,L,AA
hRSV_SRR24833888,1268,Q,OG1,L,AA
hRSV_SRR24833888,1269,E,OG1,L,AA
hRSV_SRR24833888,1270,K,OG1,L,AA
hRSV_SRR24833888,1271,K,OG1,L,AA
hRSV_SRR24833888,1272,T,OG1,L,AA
hRSV_SRR24833888,1273,M,OG1,L,AA
hRSV_SRR24833888,1274,P,OG1,L,AA
hRSV_SRR24833888,1275,V,OG1,L,AA
hRSV_SRR24833888,1276,Y,OG1,L,AA
hRSV_SRR24833888,1277,N,OG1,L,AA
hRSV_SRR24833888,1278,R,OG1,L,AA
hRSV_SRR24833888,1279,Q,OG1,L,AA
hRSV_SRR24833888,1280,V,OG1,L,AA
hRSV_SRR24833888,1281,L,OG1,L,AA
hRSV_SRR24833888,1282,T,OG1,L,AA
hRSV_SRR24833888,1283,K,OG1,L,AA
hRSV_SRR24833888,1284,K,OG1,L,AA
hRSV_SRR24833888,1285,Q,OG1,L,AA
hRSV_SRR24833888,1286,R,OG1,L,AA
hRSV_SRR24833888,1287,D,OG1,L,AA
hRSV_SRR24833888,1288,Q,OG1,L,AA
hRSV_SRR24833888,1289,I,OG1,L,AA
hRSV_SRR24833888,1290,D,OG1,L,AA
hRSV_SRR24833888,1291,L,OG1,L,AA
hRSV_SRR24833888,1292,L,OG1,L,AA
hRSV_SRR24833888,1293,A,OG1,L,AA
hRSV_SRR24833888,1294,K,OG1,L,AA
hRSV_SRR24833888,1295,L,OG1,L,AA
hRSV_SRR24833888,1296,D,OG1,L,AA
hRSV_SRR24833888,1297,W,OG1,L,AA
hRSV_SRR24833888,1298,V,OG1,L,AA
hRSV_SRR24833888,1299,Y,OG1,L,AA
hRSV_SRR24833888,1300,A,OG1,L,AA
hRSV_SRR24833888,1301,S,OG1,L,AA
hRSV_SRR24833888,1302,I,OG1,L,AA
hRSV_SRR24833888,1303,D,OG1,L,AA
hRSV_SRR24833888,1304,N,OG1,L,AA
hRSV_SRR24833888,1305,K,OG1,L,AA
hRSV_SRR24833888,1306,D,OG1,L,AA
hRSV_SRR24833888,1307,E,OG1,L,AA
hRSV_SRR24833888,1308,F,OG1,L,AA
hRSV_SRR24833888,1309,M,OG1,L,AA
hRSV_SRR24833888,1310,E,OG1,L,AA
hRSV_SRR24833888,1311,E,OG1,L,AA
hRSV_SRR24833888,1312,L,OG1,L,AA
hRSV_SRR24833888,1313,S,OG1,L,AA
hRSV_SRR24833888,1314,I,OG1,L,AA
hRSV_SRR24833888,1315,G,OG1,L,AA
hRSV_SRR24833888,1316,T,OG1,L,AA
hRSV_SRR24833888,1317,L,OG1,L,AA
hRSV_SRR24833888,1318,G,OG1,L,AA
hRSV_SRR24833888,1319,L,OG1,L,AA
hRSV_SRR24833888,1320,T,OG1,L,AA
hRSV_SRR24833888,1321,Y,OG1,L,AA
hRSV_SRR24833888,1322,E,OG1,L,AA
hRSV_SRR24833888,1323,K,OG1,L,AA
hRSV_SRR24833888,1324,A,OG1,L,AA
hRSV_SRR24833888,1325,K,OG1,L,AA
hRSV_SRR24833888,1326,K,OG1,L,AA
hRSV_SRR24833888,1327,L,OG1,L,AA
hRSV_SRR24833888,1328,F,OG1,L,AA
hRSV_SRR24833888,1329,P,OG1,L,AA
hRSV_SRR24833888,1330,Q,OG1,L,AA
hRSV_SRR24833888,1331,Y,OG1,L,AA
hRSV_SRR24833888,1332,L,OG1,L,AA
hRSV_SRR24833888,1333,S,OG1,L,AA
hRSV_SRR24833888,1334,V,OG1,L,AA
hRSV_SRR24833888,1335,N,OG1,L,AA
hRSV_SRR24833888,1336,Y,OG1,L,AA
hRSV_SRR24833888,1337,L,OG1,L,AA
hRSV_SRR24833888,1338,H,OG1,L,AA
hRSV_SRR24833888,1339,R,OG1,L,AA
hRSV_SRR24833888,1340,L,OG1,L,AA
hRSV_SRR24833888,1341,T,OG1,L,AA
hRSV_SRR24833888,1342,V,OG1,L,AA
hRSV_SRR24833888,1343,S,OG1,L,AA
hRSV_SRR24833888,1344,S,OG1,L,AA
hRSV_SRR24833888,1345,R,OG1,L,AA
hRSV_SRR24833888,1346,P,OG1,L,AA
hRSV_SRR24833888,1347,C,OG1,L,AA
hRSV_SRR24833888,1348,E,OG1,L,AA
hRSV_SRR24833888,1349,F,OG1,L,AA
hRSV_SRR24833888,1350,P,OG1,L,AA
hRSV_SRR24833888,1351,A,OG1,L,AA
hRSV_SRR24833888,1352,S,OG1,L,AA
hRSV_SRR24833888,1353,I,OG1,L,AA
hRSV_SRR24833888,1354,P,OG1,L,AA
hRSV_SRR24833888,1355,A,OG1,L,AA
hRSV_SRR24833888,1356,Y,OG1,L,AA
hRSV_SRR24833888,1357,R,OG1,L,AA
hRSV_SRR24833888,1358,T,OG1,L,AA
hRSV_SRR24833888,1359,T,OG1,L,AA
hRSV_SRR24833888,1360,N,OG1,L,AA
hRSV_SRR24833888,1361,Y,OG1,L,AA
hRSV_SRR24833888,1362,H,OG1,L,AA
hRSV_SRR24833888,1363,F,OG1,L,AA
hRSV_SRR24833888,1364,D,OG1,L,AA
hRSV_SRR24833888,1365,T,OG1,L,AA
hRSV_SRR24833888,1366,S,OG1,L,AA
hRSV_SRR24833888,1367,P,OG1,L,AA
hRSV_SRR24833888,1368,I,OG1,L,AA
hRSV_SRR24833888,1369,N,OG1,L,AA
hRSV_SRR24833888,1370,R,OG1,L,AA
hRSV_SRR24833888,1371,I,OG1,L,AA
hRSV_SRR24833888,1372,L,OG1,L,AA
hRSV_SRR24833888,1373,T,OG1,L,AA
hRSV_SRR24833888,1374,E,OG1,L,AA
hRSV_SRR24833888,1375,K,OG1,L,AA
hRSV_SRR24833888,1376,Y,OG1,L,AA
hRSV_SRR24833888,1377,G,OG1,L,AA
hRSV_SRR24833888,1378,D,OG1,L,AA
hRSV_SRR24833888,1379,E,OG1,L,AA
hRSV_SRR24833888,1380,D,OG1,L,AA
hRSV_SRR24833888,1381,I,OG1,L,AA
hRSV_SRR24833888,1382,D,OG1,L,AA
hRSV_SRR24833888,1383,I,OG1,L,AA
hRSV_SRR24833888,1384,V,OG1,L,AA
hRSV_SRR24833888,1385,F,OG1,L,AA
hRSV_SRR24833888,1386,Q,OG1,L,AA
hRSV_SRR24833888,1387,N,OG1,L,AA
hRSV_SRR24833888,1388,C,OG1,L,AA
hRSV_SRR24833888,1389,I,OG1,L,AA
hRSV_SRR24833888,1390,S,OG1,L,AA
hRSV_SRR24833888,1391,F,OG1,L,AA
hRSV_SRR24833888,1392,G,OG1,L,AA
hRSV_SRR24833888,1393,L,OG1,L,AA
hRSV_SRR24833888,1394,S,OG1,L,AA
hRSV_SRR24833888,1395,L,OG1,L,AA
hRSV_SRR24833888,1396,M,OG1,L,AA
hRSV_SRR24833888,1397,S,OG1,L,AA
hRSV_SRR24833888,1398,V,OG1,L,AA
hRSV_SRR24833888,1399,V,OG1,L,AA
hRSV_SRR24833888,1400,E,OG1,L,AA
hRSV_SRR24833888,1401,Q,OG1,L,AA
hRSV_SRR24833888,1402,F,OG1,L,AA
hRSV_SRR24833888,1403,T,OG1,L,AA
hRSV_SRR24833888,1404,N,OG1,L,AA
hRSV_SRR24833888,1405,V,OG1,L,AA
hRSV_SRR24833888,1406,C,OG1,L,AA
hRSV_SRR24833888,1407,P,OG1,L,AA
hRSV_SRR24833888,1408,N,OG1,L,AA
hRSV_SRR24833888,1409,R,OG1,L,AA
hRSV_SRR24833888,1410,I,OG1,L,AA
hRSV_SRR24833888,1411,I,OG1,L,AA
hRSV_SRR24833888,1412,L,OG1,L,AA
hRSV_SRR24833888,1413,I,OG1,L,AA
hRSV_SRR24833888,1414,P,OG1,L,AA
hRSV_SRR24833888,1415,K,OG1,L,AA
hRSV_SRR24833888,1416,L,OG1,L,AA
hRSV_SRR24833888,1417,N,OG1,L,AA
hRSV_SRR24833888,1418,E,OG1,L,AA
hRSV_SRR24833888,1419,I,OG1,L,AA
hRSV_SRR24833888,1420,H,OG1,L,AA
hRSV_SRR24833888,1421,L,OG1,L,AA
hRSV_SRR24833888,1422,M,OG1,L,AA
hRSV_SRR24833888,1423,K,OG1,L,AA
hRSV_SRR24833888,1424,P,OG1,L,AA
hRSV_SRR24833888,1425,P,OG1,L,AA
hRSV_SRR24833888,1426,I,OG1,L,AA
hRSV_SRR24833888,1427,F,OG1,L,AA
hRSV_SRR24833888,1428,T,OG1,L,AA
hRSV_SRR24833888,1429,G,OG1,L,AA
hRSV_SRR24833888,1430,D,OG1,L,AA
hRSV_SRR24833888,1431,V,OG1,L,AA
hRSV_SRR24833888,1432,D,OG1,L,AA
hRSV_SRR24833888,1433,I,OG1,L,AA
hRSV_SRR24833888,1434,H,OG1,L,AA
hRSV_SRR24833888,1435,K,OG1,L,AA
hRSV_SRR24833888,1436,L,OG1,L,AA
hRSV_SRR24833888,1437,K,OG1,L,AA
hRSV_SRR24833888,1438,Q,OG1,L,AA
hRSV_SRR24833888,1439,V,OG1,L,AA
hRSV_SRR24833888,1440,I,OG1,L,AA
hRSV_SRR24833888,1441,Q,OG1,L,AA
hRSV_SRR24833888,1442,K,OG1,L,AA
hRSV_SRR24833888,1443,Q,OG1,L,AA
hRSV_SRR24833888,1444,H,OG1,L,AA
hRSV_SRR24833888,1445,M,OG1,L,AA
hRSV_SRR24833888,1446,F,OG1,L,AA
hRSV_SRR24833888,1447,L,OG1,L,AA
hRSV_SRR24833888,1448,P,OG1,L,AA
hRSV_SRR24833888,1449,D,OG1,L,AA
hRSV_SRR24833888,1450,K,OG1,L,AA
hRSV_SRR24833888,1451,I,OG1,L,AA
hRSV_SRR24833888,1452,S,OG1,L,AA
hRSV_SRR24833888,1453,L,OG1,L,AA
hRSV_SRR24833888,1454,T,OG1,L,AA
hRSV_SRR24833888,1455,Q,OG1,L,AA
hRSV_SRR24833888,1456,Y,OG1,L,AA
hRSV_SRR24833888,1457,V,OG1,L,AA
hRSV_SRR24833888,1458,E,OG1,L,AA
hRSV_SRR24833888,1459,L,OG1,L,AA
hRSV_SRR24833888,1460,F,OG1,L,AA
hRSV_SRR24833888,1461,L,OG1,L,AA
hRSV_SRR24833888,1462,S,OG1,L,AA
hRSV_SRR24833888,1463,N,OG1,L,AA
hRSV_SRR24833888,1464,-,OG1,L,AA
hRSV_SRR24833888,1465,K,OG1,L,AA
hRSV_SRR24833888,1466,T,OG1,L,AA
hRSV_SRR24833888,1467,L,OG1,L,AA
hRSV_SRR24833888,1468,K,OG1,L,AA
hRSV_SRR24833888,1469,S,OG1,L,AA
hRSV_SRR24833888,1470,G,OG1,L,AA
hRSV_SRR24833888,1471,S,OG1,L,AA
hRSV_SRR24833888,1472,N,OG1,L,AA
hRSV_SRR24833888,1473,V,OG1,L,AA
hRSV_SRR24833888,1474,N,OG1,L,AA
hRSV_SRR24833888,1475,S,OG1,L,AA
hRSV_SRR24833888,1476,N,OG1,L,AA
hRSV_SRR24833888,1477,L,OG1,L,AA
hRSV_SRR24833888,1478,I,OG1,L,AA
hRSV_SRR24833888,1479,L,OG1,L,AA
hRSV_SRR24833888,1480,A,OG1,L,AA
hRSV_SRR24833888,1481,H,OG1,L,AA
hRSV_SRR24833888,1482,K,OG1,L,AA
hRSV_SRR24833888,1483,I,OG1,L,AA
hRSV_SRR24833888,1484,S,OG1,L,AA
hRSV_SRR24833888,1485,D,OG1,L,AA
hRSV_SRR24833888,1486,Y,OG1,L,AA
hRSV_SRR24833888,1487,F,OG1,L,AA
hRSV_SRR24833888,1488,N,OG1,L,AA
hRSV_SRR24833888,1489,N,OG1,L,AA
hRSV_SRR24833888,1490,T,OG1,L,AA
hRSV_SRR24833888,1491,Y,OG1,L,AA
hRSV_SRR24833888,1492,I,OG1,L,AA
hRSV_SRR24833888,1493,-,OG1,L,AA
hRSV_SRR24833888,1494,-,OG1,L,AA
hRSV_SRR24833888,1495,-,OG1,L,AA
hRSV_SRR24833888,1496,L,OG1,L,AA
hRSV_SRR24833888,1497,S,OG1,L,AA
hRSV_SRR24833888,1498,T,OG1,L,AA
hRSV_SRR24833888,1499,N,OG1,L,AA
hRSV_SRR24833888,1500,L,OG1,L,AA
hRSV_SRR24833888,1501,A,OG1,L,AA
hRSV_SRR24833888,1502,G,OG1,L,AA
hRSV_SRR24833888,1503,H,OG1,L,AA
hRSV_SRR24833888,1504,W,OG1,L,AA
hRSV_SRR24833888,1505,I,OG1,L,AA
hRSV_SRR24833888,1506,L,OG1,L,AA
hRSV_SRR24833888,1507,I,OG1,L,AA
hRSV_SRR24833888,1508,I,OG1,L,AA
hRSV_SRR24833888,1509,Q,OG1,L,AA
hRSV_SRR24833888,1510,L,OG1,L,AA
hRSV_SRR24833888,1511,M,OG1,L,AA
hRSV_SRR24833888,1512,K,OG1,L,AA
hRSV_SRR24833888,1513,D,OG1,L,AA
hRSV_SRR24833888,1514,S,OG1,L,AA
hRSV_SRR24833888,1515,K,OG1,L,AA
hRSV_SRR24833888,1516,G,OG1,L,AA
hRSV_SRR24833888,1517,I,OG1,L,AA
hRSV_SRR24833888,1518,F,OG1,L,AA
hRSV_SRR24833888,1519,E,OG1,L,AA
hRSV_SRR24833888,1520,K,OG1,L,AA
hRSV_SRR24833888,1521,D,OG1,L,AA
hRSV_SRR24833888,1522,W,OG1,L,AA
hRSV_SRR24833888,1523,G,OG1,L,AA
hRSV_SRR24833888,1524,E,OG1,L,AA
hRSV_SRR24833888,1525,G,OG1,L,AA
hRSV_SRR24833888,1526,Y,OG1,L,AA
hRSV_SRR24833888,1527,I,OG1,L,AA
hRSV_SRR24833888,1528,T,OG1,L,AA
hRSV_SRR24833888,1529,D,OG1,L,AA
hRSV_SRR24833888,1530,H,OG1,L,AA
hRSV_SRR24833888,1531,M,OG1,L,AA
hRSV_SRR24833888,1532,F,OG1,L,AA
hRSV_SRR24833888,1533,I,OG1,L,AA
hRSV_SRR24833888,1534,N,OG1,L,AA
hRSV_SRR24833888,1535,L,OG1,L,AA
hRSV_SRR24833888,1536,K,OG1,L,AA
hRSV_SRR24833888,1537,V,OG1,L,AA
hRSV_SRR24833888,1538,F,OG1,L,AA
hRSV_SRR24833888,1539,F,OG1,L,AA
hRSV_SRR24833888,1540,N,OG1,L,AA
hRSV_SRR24833888,1541,A,OG1,L,AA
hRSV_SRR24833888,1542,Y,OG1,L,AA
hRSV_SRR24833888,1543,K,OG1,L,AA
hRSV_SRR24833888,1544,T,OG1,L,AA
hRSV_SRR24833888,1545,Y,OG1,L,AA
hRSV_SRR24833888,1546,L,OG1,L,AA
hRSV_SRR24833888,1547,L,OG1,L,AA
hRSV_SRR24833888,1548,C,OG1,L,AA
hRSV_SRR24833888,1549,F,OG1,L,AA
hRSV_SRR24833888,1550,H,OG1,L,AA
hRSV_SRR24833888,1551,K,OG1,L,AA
hRSV_SRR24833888,1552,G,OG1,L,AA
hRSV_SRR24833888,1553,Y,OG1,L,AA
hRSV_SRR24833888,1554,G,OG1,L,AA
hRSV_SRR24833888,1555,R,OG1,L,AA
hRSV_SRR24833888,1556,A,OG1,L,AA
hRSV_SRR24833888,1557,K,OG1,L,AA
hRSV_SRR24833888,1558,L,OG1,L,AA
hRSV_SRR24833888,1559,E,OG1,L,AA
hRSV_SRR24833888,1560,C,OG1,L,AA
hRSV_SRR24833888,1561,D,OG1,L,AA
hRSV_SRR24833888,1562,M,OG1,L,AA
hRSV_SRR24833888,1563,N,OG1,L,AA
hRSV_SRR24833888,1564,T,OG1,L,AA
hRSV_SRR24833888,1565,S,OG1,L,AA
hRSV_SRR24833888,1566,D,OG1,L,AA
hRSV_SRR24833888,1567,L,OG1,L,AA
hRSV_SRR24833888,1568,L,OG1,L,AA
hRSV_SRR24833888,1569,C,OG1,L,AA
hRSV_SRR24833888,1570,V,OG1,L,AA
hRSV_SRR24833888,1571,L,OG1,L,AA
hRSV_SRR24833888,1572,E,OG1,L,AA
hRSV_SRR24833888,1573,L,OG1,L,AA
hRSV_SRR24833888,1574,I,OG1,L,AA
hRSV_SRR24833888,1575,D,OG1,L,AA
hRSV_SRR24833888,1576,S,OG1,L,AA
hRSV_SRR24833888,1577,S,OG1,L,AA
hRSV_SRR24833888,1578,Y,OG1,L,AA
hRSV_SRR24833888,1579,W,OG1,L,AA
hRSV_SRR24833888,1580,K,OG1,L,AA
hRSV_SRR24833888,1581,S,OG1,L,AA
hRSV_SRR24833888,1582,M,OG1,L,AA
hRSV_SRR24833888,1583,S,OG1,L,AA
hRSV_SRR24833888,1584,K,OG1,L,AA
hRSV_SRR24833888,1585,V,OG1,L,AA
hRSV_SRR24833888,1586,F,OG1,L,AA
hRSV_SRR24833888,1587,L,OG1,L,AA
hRSV_SRR24833888,1588,E,OG1,L,AA
hRSV_SRR24833888,1589,Q,OG1,L,AA
hRSV_SRR24833888,1590,K,OG1,L,AA
hRSV_SRR24833888,1591,V,OG1,L,AA
hRSV_SRR24833888,1592,I,OG1,L,AA
hRSV_SRR24833888,1593,K,OG1,L,AA
hRSV_SRR24833888,1594,Y,OG1,L,AA
hRSV_SRR24833888,1595,I,OG1,L,AA
hRSV_SRR24833888,1596,L,OG1,L,AA
hRSV_SRR24833888,1597,S,OG1,L,AA
hRSV_SRR24833888,1598,Q,OG1,L,AA
hRSV_SRR24833888,1599,D,OG1,L,AA
hRSV_SRR24833888,1600,A,OG1,L,AA
hRSV_SRR24833888,1601,S,OG1,L,AA
hRSV_SRR24833888,1602,L,OG1,L,AA
hRSV_SRR24833888,1603,H,OG1,L,AA
hRSV_SRR24833888,1604,R,OG1,L,AA
hRSV_SRR24833888,1605,V,OG1,L,AA
hRSV_SRR24833888,1606,K,OG1,L,AA
hRSV_SRR24833888,1607,G,OG1,L,AA
hRSV_SRR24833888,1608,C,OG1,L,AA
hRSV_SRR24833888,1609,H,OG1,L,AA
hRSV_SRR24833888,1610,S,OG1,L,AA
hRSV_SRR24833888,1611,F,OG1,L,AA
hRSV_SRR24833888,1612,K,OG1,L,AA
hRSV_SRR24833888,1613,L,OG1,L,AA
hRSV_SRR24833888,1614,W,OG1,L,AA
hRSV_SRR24833888,1615,F,OG1,L,AA
hRSV_SRR24833888,1616,L,OG1,L,AA
hRSV_SRR24833888,1617,K,OG1,L,AA
hRSV_SRR24833888,1618,R,OG1,L,AA
hRSV_SRR24833888,1619,L,OG1,L,AA
hRSV_SRR24833888,1620,N,OG1,L,AA
hRSV_SRR24833888,1621,V,OG1,L,AA
hRSV_SRR24833888,1622,A,OG1,L,AA
hRSV_SRR24833888,1623,E,OG1,L,AA
hRSV_SRR24833888,1624,F,OG1,L,AA
hRSV_SRR24833888,1625,T,OG1,L,AA
hRSV_SRR24833888,1626,V,OG1,L,AA
hRSV_SRR24833888,1627,C,OG1,L,AA
hRSV_SRR24833888,1628,P,OG1,L,AA
hRSV_SRR24833888,1629,X,OG1,L,AA
hRSV_SRR24833888,1630,X,OG1,L,AA
hRSV_SRR24833888,1631,X,OG1,L,AA
hRSV_SRR24833888,1632,X,OG1,L,AA
hRSV_SRR24833888,1633,X,OG1,L,AA
hRSV_SRR24833888,1634,X,OG1,L,AA
hRSV_SRR24833888,1635,X,OG1,L,AA
hRSV_SRR24833888,1636,X,OG1,L,AA
hRSV_SRR24833888,1637,X,OG1,L,AA
hRSV_SRR24833888,1638,X,OG1,L,AA
hRSV_SRR24833888,1639,X,OG1,L,AA
hRSV_SRR24833888,1640,X,OG1,L,AA
hRSV_SRR24833888,1641,X,OG1,L,AA
hRSV_SRR24833888,1642,X,OG1,L,AA
hRSV_SRR24833888,1643,X,OG1,L,AA
hRSV_SRR24833888,1644,X,OG1,L,AA
hRSV_SRR24833888,1645,X,OG1,L,AA
hRSV_SRR24833888,1646,X,OG1,L,AA
hRSV_SRR24833888,1647,X,OG1,L,AA
hRSV_SRR24833888,1648,X,OG1,L,AA
hRSV_SRR24833888,1649,X,OG1,L,AA
hRSV_SRR24833888,1650,X,OG1,L,AA
hRSV_SRR24833888,1651,X,OG1,L,AA
hRSV_SRR24833888,1652,X,OG1,L,AA
hRSV_SRR24833888,1653,X,OG1,L,AA
hRSV_SRR24833888,1654,X,OG1,L,AA
hRSV_SRR24833888,1655,X,OG1,L,AA
hRSV_SRR24833888,1656,X,OG1,L,AA
hRSV_SRR24833888,1657,X,OG1,L,AA
hRSV_SRR24833888,1658,X,OG1,L,AA
hRSV_SRR24833888,1659,X,OG1,L,AA
hRSV_SRR24833888,1660,X,OG1,L,AA
hRSV_SRR24833888,1661,X,OG1,L,AA
hRSV_SRR24833888,1662,X,OG1,L,AA
hRSV_SRR24833888,1663,X,OG1,L,AA
hRSV_SRR24833888,1664,X,OG1,L,AA
hRSV_SRR24833888,1665,X,OG1,L,AA
hRSV_SRR24833888,1666,X,OG1,L,AA
hRSV_SRR24833888,1667,X,OG1,L,AA
hRSV_SRR24833888,1668,X,OG1,L,AA
hRSV_SRR24833888,1669,X,OG1,L,AA
hRSV_SRR24833888,1670,X,OG1,L,AA
hRSV_SRR24833888,1671,X,OG1,L,AA
hRSV_SRR24833888,1672,X,OG1,L,AA
hRSV_SRR24833888,1673,X,OG1,L,AA
hRSV_SRR24833888,1674,X,OG1,L,AA
hRSV_SRR24833888,1675,X,OG1,L,AA
hRSV_SRR24833888,1676,X,OG1,L,AA
hRSV_SRR24833888,1677,X,OG1,L,AA
hRSV_SRR24833888,1678,X,OG1,L,AA
hRSV_SRR24833888,1679,X,OG1,L,AA
hRSV_SRR24833888,1680,X,OG1,L,AA
hRSV_SRR24833888,1681,X,OG1,L,AA
hRSV_SRR24833888,1682,X,OG1,L,AA
hRSV_SRR24833888,1683,X,OG1,L,AA
hRSV_SRR24833888,1684,X,OG1,L,AA
hRSV_SRR24833888,1685,X,OG1,L,AA
hRSV_SRR24833888,1686,X,OG1,L,AA
hRSV_SRR24833888,1687,X,OG1,L,AA
hRSV_SRR24833888,1688,X,OG1,L,AA
hRSV_SRR24833888,1689,X,OG1,L,AA
hRSV_SRR24833888,1690,X,OG1,L,AA
hRSV_SRR24833888,1691,X,OG1,L,AA
hRSV_SRR24833888,1692,X,OG1,L,AA
hRSV_SRR24833888,1693,X,OG1,L,AA
hRSV_SRR24833888,1694,X,OG1,L,AA
hRSV_SRR24833888,1695,X,OG1,L,AA
hRSV_SRR24833888,1696,X,OG1,L,AA
hRSV_SRR24833888,1697,X,OG1,L,AA
hRSV_SRR24833888,1698,X,OG1,L,AA
hRSV_SRR24833888,1699,X,OG1,L,AA
hRSV_SRR24833888,1700,X,OG1,L,AA
hRSV_SRR24833888,1701,X,OG1,L,AA
hRSV_SRR24833888,1702,X,OG1,L,AA
hRSV_SRR24833888,1703,X,OG1,L,AA
hRSV_SRR24833888,1704,X,OG1,L,AA
hRSV_SRR24833888,1705,X,OG1,L,AA
hRSV_SRR24833888,1706,X,OG1,L,AA
hRSV_SRR24833888,1707,X,OG1,L,AA
hRSV_SRR24833888,1708,X,OG1,L,AA
hRSV_SRR24833888,1709,X,OG1,L,AA
hRSV_SRR24833888,1710,X,OG1,L,AA
hRSV_SRR24833888,1711,X,OG1,L,AA
hRSV_SRR24833888,1712,X,OG1,L,AA
hRSV_SRR24833888,1713,X,OG1,L,AA
hRSV_SRR24833888,1714,X,OG1,L,AA
hRSV_SRR24833888,1715,X,OG1,L,AA
hRSV_SRR24833888,1716,X,OG1,L,AA
hRSV_SRR24833888,1717,X,OG1,L,AA
hRSV_SRR24833888,1718,X,OG1,L,AA
hRSV_SRR24833888,1719,X,OG1,L,AA
hRSV_SRR24833888,1720,X,OG1,L,AA
hRSV_SRR24833888,1721,X,OG1,L,AA
hRSV_SRR24833888,1722,X,OG1,L,AA
hRSV_SRR24833888,1723,X,OG1,L,AA
hRSV_SRR24833888,1724,X,OG1,L,AA
hRSV_SRR24833888,1725,X,OG1,L,AA
hRSV_SRR24833888,1726,X,OG1,L,AA
hRSV_SRR24833888,1727,X,OG1,L,AA
hRSV_SRR24833888,1728,X,OG1,L,AA
hRSV_SRR24833888,1729,X,OG1,L,AA
hRSV_SRR24833888,1730,X,OG1,L,AA
hRSV_SRR24833888,1731,X,OG1,L,AA
hRSV_SRR24833888,1732,X,OG1,L,AA
hRSV_SRR24833888,1733,X,OG1,L,AA
hRSV_SRR24833888,1734,X,OG1,L,AA
hRSV_SRR24833888,1735,X,OG1,L,AA
hRSV_SRR24833888,1736,X,OG1,L,AA
hRSV_SRR24833888,1737,X,OG1,L,AA
hRSV_SRR24833888,1738,X,OG1,L,AA
hRSV_SRR24833888,1739,X,OG1,L,AA
hRSV_SRR24833888,1740,X,OG1,L,AA
hRSV_SRR24833888,1741,X,OG1,L,AA
hRSV_SRR24833888,1742,X,OG1,L,AA
hRSV_SRR24833888,1743,X,OG1,L,AA
hRSV_SRR24833888,1744,X,OG1,L,AA
hRSV_SRR24833888,1745,X,OG1,L,AA
hRSV_SRR24833888,1746,X,OG1,L,AA
hRSV_SRR24833888,1747,X,OG1,L,AA
hRSV_SRR24833888,1748,X,OG1,L,AA
hRSV_SRR24833888,1749,X,OG1,L,AA
hRSV_SRR24833888,1750,X,OG1,L,AA
hRSV_SRR24833888,1751,X,OG1,L,AA
hRSV_SRR24833888,1752,X,OG1,L,AA
hRSV_SRR24833888,1753,X,OG1,L,AA
hRSV_SRR24833888,1754,X,OG1,L,AA
hRSV_SRR24833888,1755,X,OG1,L,AA
hRSV_SRR24833888,1756,X,OG1,L,AA
hRSV_SRR24833888,1757,X,OG1,L,AA
hRSV_SRR24833888,1758,X,OG1,L,AA
hRSV_SRR24833888,1759,X,OG1,L,AA
hRSV_SRR24833888,1760,X,OG1,L,AA
hRSV_SRR24833888,1761,X,OG1,L,AA
hRSV_SRR24833888,1762,-,OG1,L,AA
hRSV_SRR24833888,1763,X,OG1,L,AA
hRSV_SRR24833888,1764,X,OG1,L,AA
hRSV_SRR24833888,1765,X,OG1,L,AA
hRSV_SRR24833888,1766,X,OG1,L,AA
hRSV_SRR24833888,1767,X,OG1,L,AA
hRSV_SRR24833888,1768,X,OG1,L,AA
hRSV_SRR24833888,1769,X,OG1,L,AA
hRSV_SRR24833888,1770,X,OG1,L,AA
hRSV_SRR24833888,1771,X,OG1,L,AA
hRSV_SRR24833888,1772,X,OG1,L,AA
hRSV_SRR24833888,1773,X,OG1,L,AA
hRSV_SRR24833888,1774,X,OG1,L,AA
hRSV_SRR24833888,1775,X,OG1,L,AA
hRSV_SRR24833888,1776,X,OG1,L,AA
hRSV_SRR24833888,1777,X,OG1,L,AA
hRSV_SRR24833888,1778,X,OG1,L,AA
hRSV_SRR24833888,1779,X,OG1,L,AA
hRSV_SRR24833888,1780,X,OG1,L,AA
hRSV_SRR24833888,1781,X,OG1,L,AA
hRSV_SRR24833888,1782,X,OG1,L,AA
hRSV_SRR24833888,1783,X,OG1,L,AA
hRSV_SRR24833888,1784,X,OG1,L,AA
hRSV_SRR24833888,1785,-,OG1,L,AA
hRSV_SRR24833888,1786,-,OG1,L,AA
hRSV_SRR24833888,1787,X,OG1,L,AA
hRSV_SRR24833888,1788,X,OG1,L,AA
hRSV_SRR24833888,1789,X,OG1,L,AA
hRSV_SRR24833888,1790,X,OG1,L,AA
hRSV_SRR24833888,1791,X,OG1,L,AA
hRSV_SRR24833888,1792,X,OG1,L,AA
hRSV_SRR24833888,1793,X,OG1,L,AA
hRSV_SRR24833888,1794,X,OG1,L,AA
hRSV_SRR24833888,1795,X,OG1,L,AA
hRSV_SRR24833888,1796,X,OG1,L,AA
hRSV_SRR24833888,1797,X,OG1,L,AA
hRSV_SRR24833888,1798,X,OG1,L,AA
hRSV_SRR24833888,1799,X,OG1,L,AA
hRSV_SRR24833888,1800,X,OG1,L,AA
hRSV_SRR24833888,1801,X,OG1,L,AA
hRSV_SRR24833888,1802,X,OG1,L,AA
hRSV_SRR24833888,1803,X,OG1,L,AA
hRSV_SRR24833888,1804,X,OG1,L,AA
hRSV_SRR24833888,1805,X,OG1,L,AA
hRSV_SRR24833888,1806,X,OG1,L,AA
hRSV_SRR24833888,1807,X,OG1,L,AA
hRSV_SRR24833888,1808,S,OG1,L,AA
hRSV_SRR24833888,1809,L,OG1,L,AA
hRSV_SRR24833888,1810,V,OG1,L,AA
hRSV_SRR24833888,1811,H,OG1,L,AA
hRSV_SRR24833888,1812,N,OG1,L,AA
hRSV_SRR24833888,1813,S,OG1,L,AA
hRSV_SRR24833888,1814,T,OG1,L,AA
hRSV_SRR24833888,1815,S,OG1,L,AA
hRSV_SRR24833888,1816,L,OG1,L,AA
hRSV_SRR24833888,1817,Y,OG1,L,AA
hRSV_SRR24833888,1818,C,OG1,L,AA
hRSV_SRR24833888,1819,M,OG1,L,AA
hRSV_SRR24833888,1820,L,OG1,L,AA
hRSV_SRR24833888,1821,P,OG1,L,AA
hRSV_SRR24833888,1822,W,OG1,L,AA
hRSV_SRR24833888,1823,H,OG1,L,AA
hRSV_SRR24833888,1824,H,OG1,L,AA
hRSV_SRR24833888,1825,I,OG1,L,AA
hRSV_SRR24833888,1826,N,OG1,L,AA
hRSV_SRR24833888,1827,R,OG1,L,AA
hRSV_SRR24833888,1828,F,OG1,L,AA
hRSV_SRR24833888,1829,N,OG1,L,AA
hRSV_SRR24833888,1830,F,OG1,L,AA
hRSV_SRR24833888,1831,V,OG1,L,AA
hRSV_SRR24833888,1832,F,OG1,L,AA
hRSV_SRR24833888,1833,S,OG1,L,AA
hRSV_SRR24833888,1834,S,OG1,L,AA
hRSV_SRR24833888,1835,T,OG1,L,AA
hRSV_SRR24833888,1836,G,OG1,L,AA
hRSV_SRR24833888,1837,C,OG1,L,AA
hRSV_SRR24833888,1838,K,OG1,L,AA
hRSV_SRR24833888,1839,I,OG1,L,AA
hRSV_SRR24833888,1840,S,OG1,L,AA
hRSV_SRR24833888,1841,I,OG1,L,AA
hRSV_SRR24833888,1842,E,OG1,L,AA
hRSV_SRR24833888,1843,Y,OG1,L,AA
hRSV_SRR24833888,1844,-,OG1,L,AA
hRSV_SRR24833888,1845,I,OG1,L,AA
hRSV_SRR24833888,1846,L,OG1,L,AA
hRSV_SRR24833888,1847,K,OG1,L,AA
hRSV_SRR24833888,1848,D,OG1,L,AA
hRSV_SRR24833888,1849,L,OG1,L,AA
hRSV_SRR24833888,1850,K,OG1,L,AA
hRSV_SRR24833888,1851,I,OG1,L,AA
hRSV_SRR24833888,1852,K,OG1,L,AA
hRSV_SRR24833888,1853,D,OG1,L,AA
hRSV_SRR24833888,1854,P,OG1,L,AA
hRSV_SRR24833888,1855,N,OG1,L,AA
hRSV_SRR24833888,1856,C,OG1,L,AA
hRSV_SRR24833888,1857,I,OG1,L,AA
hRSV_SRR24833888,1858,A,OG1,L,AA
hRSV_SRR24833888,1859,F,OG1,L,AA
hRSV_SRR24833888,1860,I,OG1,L,AA
hRSV_SRR24833888,1861,G,OG1,L,AA
hRSV_SRR24833888,1862,E,OG1,L,AA
hRSV_SRR24833888,1863,G,OG1,L,AA
hRSV_SRR24833888,1864,A,OG1,L,AA
hRSV_SRR24833888,1865,G,OG1,L,AA
hRSV_SRR24833888,1866,N,OG1,L,AA
hRSV_SRR24833888,1867,L,OG1,L,AA
hRSV_SRR24833888,1868,L,OG1,L,AA
hRSV_SRR24833888,1869,L,OG1,L,AA
hRSV_SRR24833888,1870,R,OG1,L,AA
hRSV_SRR24833888,1871,T,OG1,L,AA
hRSV_SRR24833888,1872,V,OG1,L,AA
hRSV_SRR24833888,1873,V,OG1,L,AA
hRSV_SRR24833888,1874,E,OG1,L,AA
hRSV_SRR24833888,1875,L,OG1,L,AA
hRSV_SRR24833888,1876,H,OG1,L,AA
hRSV_SRR24833888,1877,P,OG1,L,AA
hRSV_SRR24833888,1878,D,OG1,L,AA
hRSV_SRR24833888,1879,I,OG1,L,AA
hRSV_SRR24833888,1880,R,OG1,L,AA
hRSV_SRR24833888,1881,Y,OG1,L,AA
hRSV_SRR24833888,1882,I,OG1,L,AA
hRSV_SRR24833888,1883,Y,OG1,L,AA
hRSV_SRR24833888,1884,R,OG1,L,AA
hRSV_SRR24833888,1885,S,OG1,L,AA
hRSV_SRR24833888,1886,L,OG1,L,AA
hRSV_SRR24833888,1887,K,OG1,L,AA
hRSV_SRR24833888,1888,D,OG1,L,AA
hRSV_SRR24833888,1889,C,OG1,L,AA
hRSV_SRR24833888,1890,N,OG1,L,AA
hRSV_SRR24833888,1891,D,OG1,L,AA
hRSV_SRR24833888,1892,H,OG1,L,AA
hRSV_SRR24833888,1893,S,OG1,L,AA
hRSV_SRR24833888,1894,L,OG1,L,AA
hRSV_SRR24833888,1895,P,OG1,L,AA
hRSV_SRR24833888,1896,I,OG1,L,AA
hRSV_SRR24833888,1897,E,OG1,L,AA
hRSV_SRR24833888,1898,F,OG1,L,AA
hRSV_SRR24833888,1899,L,OG1,L,AA
hRSV_SRR24833888,1900,R,OG1,L,AA
hRSV_SRR24833888,1901,L,OG1,L,AA
hRSV_SRR24833888,1902,Y,OG1,L,AA
hRSV_SRR24833888,1903,N,OG1,L,AA
hRSV_SRR24833888,1904,G,OG1,L,AA
hRSV_SRR24833888,1905,H,OG1,L,AA
hRSV_SRR24833888,1906,I,OG1,L,AA
hRSV_SRR24833888,1907,N,OG1,L,AA
hRSV_SRR24833888,1908,-,OG1,L,AA
hRSV_SRR24833888,1909,-,OG1,L,AA
hRSV_SRR24833888,1910,I,OG1,L,AA
hRSV_SRR24833888,1911,D,OG1,L,AA
hRSV_SRR24833888,1912,Y,OG1,L,AA
hRSV_SRR24833888,1913,G,OG1,L,AA
hRSV_SRR24833888,1914,E,OG1,L,AA
hRSV_SRR24833888,1915,N,OG1,L,AA
hRSV_SRR24833888,1916,L,OG1,L,AA
hRSV_SRR24833888,1917,T,OG1,L,AA
hRSV_SRR24833888,1918,I,OG1,L,AA
hRSV_SRR24833888,1919,P,OG1,L,AA
hRSV_SRR24833888,1920,A,OG1,L,AA
hRSV_SRR24833888,1921,T,OG1,L,AA
hRSV_SRR24833888,1922,D,OG1,L,AA
hRSV_SRR24833888,1923,A,OG1,L,AA
hRSV_SRR24833888,1924,T,OG1,L,AA
hRSV_SRR24833888,1925,N,OG1,L,AA
hRSV_SRR24833888,1926,N,OG1,L,AA
hRSV_SRR24833888,1927,I,OG1,L,AA
hRSV_SRR24833888,1928,H,OG1,L,AA
hRSV_SRR24833888,1929,W,OG1,L,AA
hRSV_SRR24833888,1930,S,OG1,L,AA
hRSV_SRR24833888,1931,Y,OG1,L,AA
hRSV_SRR24833888,1932,L,OG1,L,AA
hRSV_SRR24833888,1933,H,OG1,L,AA
hRSV_SRR24833888,1934,I,OG1,L,AA
hRSV_SRR24833888,1935,K,OG1,L,AA
hRSV_SRR24833888,1936,F,OG1,L,AA
hRSV_SRR24833888,1937,A,OG1,L,AA
hRSV_SRR24833888,1938,E,OG1,L,AA
hRSV_SRR24833888,1939,P,OG1,L,AA
hRSV_SRR24833888,1940,I,OG1,L,AA
hRSV_SRR24833888,1941,S,OG1,L,AA
hRSV_SRR24833888,1942,L,OG1,L,AA
hRSV_SRR24833888,1943,F,OG1,L,AA
hRSV_SRR24833888,1944,V,OG1,L,AA
hRSV_SRR24833888,1945,C,OG1,L,AA
hRSV_SRR24833888,1946,D,OG1,L,AA
hRSV_SRR24833888,1947,A,OG1,L,AA
hRSV_SRR24833888,1948,E,OG1,L,AA
hRSV_SRR24833888,1949,L,OG1,L,AA
hRSV_SRR24833888,1950,P,OG1,L,AA
hRSV_SRR24833888,1951,V,OG1,L,AA
hRSV_SRR24833888,1952,T,OG1,L,AA
hRSV_SRR24833888,1953,D,OG1,L,AA
hRSV_SRR24833888,1954,N,OG1,L,AA
hRSV_SRR24833888,1955,W,OG1,L,AA
hRSV_SRR24833888,1956,S,OG1,L,AA
hRSV_SRR24833888,1957,K,OG1,L,AA
hRSV_SRR24833888,1958,I,OG1,L,AA
hRSV_SRR24833888,1959,I,OG1,L,AA
hRSV_SRR24833888,1960,I,OG1,L,AA
hRSV_SRR24833888,1961,E,OG1,L,AA
hRSV_SRR24833888,1962,W,OG1,L,AA
hRSV_SRR24833888,1963,S,OG1,L,AA
hRSV_SRR24833888,1964,K,OG1,L,AA
hRSV_SRR24833888,1965,H,OG1,L,AA
hRSV_SRR24833888,1966,V,OG1,L,AA
hRSV_SRR24833888,1967,R,OG1,L,AA
hRSV_SRR24833888,1968,K,OG1,L,AA
hRSV_SRR24833888,1969,C,OG1,L,AA
hRSV_SRR24833888,1970,K,OG1,L,AA
hRSV_SRR24833888,1971,Y,OG1,L,AA
hRSV_SRR24833888,1972,C,OG1,L,AA
hRSV_SRR24833888,1973,S,OG1,L,AA
hRSV_SRR24833888,1974,S,OG1,L,AA
hRSV_SRR24833888,1975,V,OG1,L,AA
hRSV_SRR24833888,1976,N,OG1,L,AA
hRSV_SRR24833888,1977,K,OG1,L,AA
hRSV_SRR24833888,1978,C,OG1,L,AA
hRSV_SRR24833888,1979,T,OG1,L,AA
hRSV_SRR24833888,1980,-,OG1,L,AA
hRSV_SRR24833888,1981,L,OG1,L,AA
hRSV_SRR24833888,1982,I,OG1,L,AA
hRSV_SRR24833888,1983,V,OG1,L,AA
hRSV_SRR24833888,1984,K,OG1,L,AA
hRSV_SRR24833888,1985,Y,OG1,L,AA
hRSV_SRR24833888,1986,H,OG1,L,AA
hRSV_SRR24833888,1987,A,OG1,L,AA
hRSV_SRR24833888,1988,Q,OG1,L,AA
hRSV_SRR24833888,1989,D,OG1,L,AA
hRSV_SRR24833888,1990,D,OG1,L,AA
hRSV_SRR24833888,1991,I,OG1,L,AA
hRSV_SRR24833888,1992,D,OG1,L,AA
hRSV_SRR24833888,1993,F,OG1,L,AA
hRSV_SRR24833888,1994,K,OG1,L,AA
hRSV_SRR24833888,1995,L,OG1,L,AA
hRSV_SRR24833888,1996,D,OG1,L,AA
hRSV_SRR24833888,1997,-,OG1,L,AA
hRSV_SRR24833888,1998,N,OG1,L,AA
hRSV_SRR24833888,1999,I,OG1,L,AA
hRSV_SRR24833888,2000,T,OG1,L,AA
hRSV_SRR24833888,2001,I,OG1,L,AA
hRSV_SRR24833888,2002,L,OG1,L,AA
hRSV_SRR24833888,2003,K,OG1,L,AA
hRSV_SRR24833888,2004,T,OG1,L,AA
hRSV_SRR24833888,2005,Y,OG1,L,AA
hRSV_SRR24833888,2006,V,OG1,L,AA
hRSV_SRR24833888,2007,C,OG1,L,AA
hRSV_SRR24833888,2008,L,OG1,L,AA
hRSV_SRR24833888,2009,G,OG1,L,AA
hRSV_SRR24833888,2010,S,OG1,L,AA
hRSV_SRR24833888,2011,K,OG1,L,AA
hRSV_SRR24833888,2012,L,OG1,L,AA
hRSV_SRR24833888,2013,K,OG1,L,AA
hRSV_SRR24833888,2014,G,OG1,L,AA
hRSV_SRR24833888,2015,S,OG1,L,AA
hRSV_SRR24833888,2016,E,OG1,L,AA
hRSV_SRR24833888,2017,V,OG1,L,AA
hRSV_SRR24833888,2018,Y,OG1,L,AA
hRSV_SRR24833888,2019,L,OG1,L,AA
hRSV_SRR24833888,2020,V,OG1,L,AA
hRSV_SRR24833888,2021,L,OG1,L,AA
hRSV_SRR24833888,2022,T,OG1,L,AA
hRSV_SRR24833888,2023,I,OG1,L,AA
hRSV_SRR24833888,2024,G,OG1,L,AA
hRSV_SRR24833888,2025,P,OG1,L,AA
hRSV_SRR24833888,2026,A,OG1,L,AA
hRSV_SRR24833888,2027,N,OG1,L,AA
hRSV_SRR24833888,2028,V,OG1,L,AA
hRSV_SRR24833888,2029,F,OG1,L,AA
hRSV_SRR24833888,2030,P,OG1,L,AA
hRSV_SRR24833888,2031,V,OG1,L,AA
hRSV_SRR24833888,2032,F,OG1,L,AA
hRSV_SRR24833888,2033,N,OG1,L,AA
hRSV_SRR24833888,2034,V,OG1,L,AA
hRSV_SRR24833888,2035,V,OG1,L,AA
hRSV_SRR24833888,2036,Q,OG1,L,AA
hRSV_SRR24833888,2037,N,OG1,L,AA
hRSV_SRR24833888,2038,A,OG1,L,AA
hRSV_SRR24833888,2039,K,OG1,L,AA
hRSV_SRR24833888,2040,L,OG1,L,AA
hRSV_SRR24833888,2041,I,OG1,L,AA
hRSV_SRR24833888,2042,L,OG1,L,AA
hRSV_SRR24833888,2043,S,OG1,L,AA
hRSV_SRR24833888,2044,R,OG1,L,AA
hRSV_SRR24833888,2045,T,OG1,L,AA
hRSV_SRR24833888,2046,K,OG1,L,AA
hRSV_SRR24833888,2047,N,OG1,L,AA
hRSV_SRR24833888,2048,F,OG1,L,AA
hRSV_SRR24833888,2049,I,OG1,L,AA
hRSV_SRR24833888,2050,M,OG1,L,AA
hRSV_SRR24833888,2051,P,OG1,L,AA
hRSV_SRR24833888,2052,K,OG1,L,AA
hRSV_SRR24833888,2053,K,OG1,L,AA
hRSV_SRR24833888,2054,A,OG1,L,AA
hRSV_SRR24833888,2055,D,OG1,L,AA
hRSV_SRR24833888,2056,K,OG1,L,AA
hRSV_SRR24833888,2057,E,OG1,L,AA
hRSV_SRR24833888,2058,S,OG1,L,AA
hRSV_SRR24833888,2059,I,OG1,L,AA
hRSV_SRR24833888,2060,D,OG1,L,AA
hRSV_SRR24833888,2061,A,OG1,L,AA
hRSV_SRR24833888,2062,N,OG1,L,AA
hRSV_SRR24833888,2063,I,OG1,L,AA
hRSV_SRR24833888,2064,K,OG1,L,AA
hRSV_SRR24833888,2065,S,OG1,L,AA
hRSV_SRR24833888,2066,L,OG1,L,AA
hRSV_SRR24833888,2067,I,OG1,L,AA
hRSV_SRR24833888,2068,P,OG1,L,AA
hRSV_SRR24833888,2069,F,OG1,L,AA
hRSV_SRR24833888,2070,L,OG1,L,AA
hRSV_SRR24833888,2071,C,OG1,L,AA
hRSV_SRR24833888,2072,Y,OG1,L,AA
hRSV_SRR24833888,2073,P,OG1,L,AA
hRSV_SRR24833888,2074,I,OG1,L,AA
hRSV_SRR24833888,2075,T,OG1,L,AA
hRSV_SRR24833888,2076,K,OG1,L,AA
hRSV_SRR24833888,2077,K,OG1,L,AA
hRSV_SRR24833888,2078,G,OG1,L,AA
hRSV_SRR24833888,2079,I,OG1,L,AA
hRSV_SRR24833888,2080,N,OG1,L,AA
hRSV_SRR24833888,2081,T,OG1,L,AA
hRSV_SRR24833888,2082,A,OG1,L,AA
hRSV_SRR24833888,2083,L,OG1,L,AA
hRSV_SRR24833888,2084,S,OG1,L,AA
hRSV_SRR24833888,2085,K,OG1,L,AA
hRSV_SRR24833888,2086,L,OG1,L,AA
hRSV_SRR24833888,2087,K,OG1,L,AA
hRSV_SRR24833888,2088,S,OG1,L,AA
hRSV_SRR24833888,2089,V,OG1,L,AA
hRSV_SRR24833888,2090,V,OG1,L,AA
hRSV_SRR24833888,2091,S,OG1,L,AA
hRSV_SRR24833888,2092,G,OG1,L,AA
hRSV_SRR24833888,2093,D,OG1,L,AA
hRSV_SRR24833888,2094,I,OG1,L,AA
hRSV_SRR24833888,2095,L,OG1,L,AA
hRSV_SRR24833888,2096,S,OG1,L,AA
hRSV_SRR24833888,2097,Y,OG1,L,AA
hRSV_SRR24833888,2098,S,OG1,L,AA
hRSV_SRR24833888,2099,I,OG1,L,AA
hRSV_SRR24833888,2100,A,OG1,L,AA
hRSV_SRR24833888,2101,G,OG1,L,AA
hRSV_SRR24833888,2102,R,OG1,L,AA
hRSV_SRR24833888,2103,N,OG1,L,AA
hRSV_SRR24833888,2104,E,OG1,L,AA
hRSV_SRR24833888,2105,V,OG1,L,AA
hRSV_SRR24833888,2106,F,OG1,L,AA
hRSV_SRR24833888,2107,S,OG1,L,AA
hRSV_SRR24833888,2108,N,OG1,L,AA
hRSV_SRR24833888,2109,K,OG1,L,AA
hRSV_SRR24833888,2110,L,OG1,L,AA
hRSV_SRR24833888,2111,I,OG1,L,AA
hRSV_SRR24833888,2112,N,OG1,L,AA
hRSV_SRR24833888,2113,H,OG1,L,AA
hRSV_SRR24833888,2114,K,OG1,L,AA
hRSV_SRR24833888,2115,H,OG1,L,AA
hRSV_SRR24833888,2116,M,OG1,L,AA
hRSV_SRR24833888,2117,N,OG1,L,AA
hRSV_SRR24833888,2118,I,OG1,L,AA
hRSV_SRR24833888,2119,L,OG1,L,AA
hRSV_SRR24833888,2120,K,OG1,L,AA
hRSV_SRR24833888,2121,W,OG1,L,AA
hRSV_SRR24833888,2122,F,OG1,L,AA
hRSV_SRR24833888,2123,N,OG1,L,AA
hRSV_SRR24833888,2124,H,OG1,L,AA
hRSV_SRR24833888,2125,V,OG1,L,AA
hRSV_SRR24833888,2126,L,OG1,L,AA
hRSV_SRR24833888,2127,N,OG1,L,AA
hRSV_SRR24833888,2128,F,OG1,L,AA
hRSV_SRR24833888,2129,R,OG1,L,AA
hRSV_SRR24833888,2130,S,OG1,L,AA
hRSV_SRR24833888,2131,T,OG1,L,AA
hRSV_SRR24833888,2132,E,OG1,L,AA
hRSV_SRR24833888,2133,L,OG1,L,AA
hRSV_SRR24833888,2134,N,OG1,L,AA
hRSV_SRR24833888,2135,Y,OG1,L,AA
hRSV_SRR24833888,2136,N,OG1,L,AA
hRSV_SRR24833888,2137,H,OG1,L,AA
hRSV_SRR24833888,2138,L,OG1,L,AA
hRSV_SRR24833888,2139,Y,OG1,L,AA
hRSV_SRR24833888,2140,M,OG1,L,AA
hRSV_SRR24833888,2141,V,OG1,L,AA
hRSV_SRR24833888,2142,E,OG1,L,AA
hRSV_SRR24833888,2143,S,OG1,L,AA
hRSV_SRR24833888,2144,T,OG1,L,AA
hRSV_SRR24833888,2145,Y,OG1,L,AA
hRSV_SRR24833888,2146,P,OG1,L,AA
hRSV_SRR24833888,2147,H,OG1,L,AA
hRSV_SRR24833888,2148,L,OG1,L,AA
hRSV_SRR24833888,2149,S,OG1,L,AA
hRSV_SRR24833888,2150,E,OG1,L,AA
hRSV_SRR24833888,2151,L,OG1,L,AA
hRSV_SRR24833888,2152,L,OG1,L,AA
hRSV_SRR24833888,2153,N,OG1,L,AA
hRSV_SRR24833888,2154,S,OG1,L,AA
hRSV_SRR24833888,2155,L,OG1,L,AA
hRSV_SRR24833888,2156,T,OG1,L,AA
hRSV_SRR24833888,2157,T,OG1,L,AA
hRSV_SRR24833888,2158,X,OG1,L,AA
hRSV_SRR24833888,2159,X,OG1,L,AA
hRSV_SRR24833888,2160,X,OG1,L,AA
hRSV_SRR24833888,2161,X,OG1,L,AA
hRSV_SRR24833888,2162,X,OG1,L,AA
hRSV_SRR24833888,2163,X,OG1,L,AA
hRSV_SRR24833888,2164,X,OG1,L,AA
hRSV_SRR24833888,2165,X,OG1,L,AA
hRSV_SRR24833888,2166,X,OG1,L,AA
hRSV_SRR24833888,2167,X,OG1,L,AA
hRSV_SRR24833888,2168,X,OG1,L,AA
hRSV_SRR24833888,2169,X,OG1,L,AA
hRSV_SRR24833888,2170,X,OG1,L,AA
hRSV_SRR24833888,2171,X,OG1,L,AA
hRSV_SRR24833888,2172,X,OG1,L,AA
hRSV_SRR24833888,2173,X,OG1,L,AA
hRSV_SRR24833888,2174,X,OG1,L,AA
hRSV_SRR24833888,2175,X,OG1,L,AA
hRSV_SRR24833888,2176,X,OG1,L,AA
hRSV_SRR24833888,2177,X,OG1,L,AA
hRSV_SRR24833888,2178,-,OG1,L,AA
hRSV_SRR24833879,1,M,OG1,L,AA
hRSV_SRR24833879,2,D,OG1,L,AA
hRSV_SRR24833879,3,P,OG1,L,AA
hRSV_SRR24833879,4,I,OG1,L,AA
hRSV_SRR24833879,5,I,OG1,L,AA
hRSV_SRR24833879,6,S,OG1,L,AA
hRSV_SRR24833879,7,G,OG1,L,AA
hRSV_SRR24833879,8,N,OG1,L,AA
hRSV_SRR24833879,9,S,OG1,L,AA
hRSV_SRR24833879,10,A,OG1,L,AA
hRSV_SRR24833879,11,N,OG1,L,AA
hRSV_SRR24833879,12,V,OG1,L,AA
hRSV_SRR24833879,13,Y,OG1,L,AA
hRSV_SRR24833879,14,L,OG1,L,AA
hRSV_SRR24833879,15,T,OG1,L,AA
hRSV_SRR24833879,16,D,OG1,L,AA
hRSV_SRR24833879,17,S,OG1,L,AA
hRSV_SRR24833879,18,Y,OG1,L,AA
hRSV_SRR24833879,19,L,OG1,L,AA
hRSV_SRR24833879,20,K,OG1,L,AA
hRSV_SRR24833879,21,G,OG1,L,AA
hRSV_SRR24833879,22,V,OG1,L,AA
hRSV_SRR24833879,23,I,OG1,L,AA
hRSV_SRR24833879,24,S,OG1,L,AA
hRSV_SRR24833879,25,F,OG1,L,AA
hRSV_SRR24833879,26,S,OG1,L,AA
hRSV_SRR24833879,27,E,OG1,L,AA
hRSV_SRR24833879,28,C,OG1,L,AA
hRSV_SRR24833879,29,N,OG1,L,AA
hRSV_SRR24833879,30,A,OG1,L,AA
hRSV_SRR24833879,31,L,OG1,L,AA
hRSV_SRR24833879,32,G,OG1,L,AA
hRSV_SRR24833879,33,S,OG1,L,AA
hRSV_SRR24833879,34,Y,OG1,L,AA
hRSV_SRR24833879,35,I,OG1,L,AA
hRSV_SRR24833879,36,F,OG1,L,AA
hRSV_SRR24833879,37,N,OG1,L,AA
hRSV_SRR24833879,38,G,OG1,L,AA
hRSV_SRR24833879,39,P,OG1,L,AA
hRSV_SRR24833879,40,Y,OG1,L,AA
hRSV_SRR24833879,41,L,OG1,L,AA
hRSV_SRR24833879,42,K,OG1,L,AA
hRSV_SRR24833879,43,N,OG1,L,AA
hRSV_SRR24833879,44,D,OG1,L,AA
hRSV_SRR24833879,45,Y,OG1,L,AA
hRSV_SRR24833879,46,T,OG1,L,AA
hRSV_SRR24833879,47,N,OG1,L,AA
hRSV_SRR24833879,48,L,OG1,L,AA
hRSV_SRR24833879,49,I,OG1,L,AA
hRSV_SRR24833879,50,S,OG1,L,AA
hRSV_SRR24833879,51,R,OG1,L,AA
hRSV_SRR24833879,52,Q,OG1,L,AA
hRSV_SRR24833879,53,N,OG1,L,AA
hRSV_SRR24833879,54,P,OG1,L,AA
hRSV_SRR24833879,55,L,OG1,L,AA
hRSV_SRR24833879,56,I,OG1,L,AA
hRSV_SRR24833879,57,E,OG1,L,AA
hRSV_SRR24833879,58,H,OG1,L,AA
hRSV_SRR24833879,59,I,OG1,L,AA
hRSV_SRR24833879,60,N,OG1,L,AA
hRSV_SRR24833879,61,L,OG1,L,AA
hRSV_SRR24833879,62,K,OG1,L,AA
hRSV_SRR24833879,63,K,OG1,L,AA
hRSV_SRR24833879,64,L,OG1,L,AA
hRSV_SRR24833879,65,N,OG1,L,AA
hRSV_SRR24833879,66,I,OG1,L,AA
hRSV_SRR24833879,67,T,OG1,L,AA
hRSV_SRR24833879,68,Q,OG1,L,AA
hRSV_SRR24833879,69,S,OG1,L,AA
hRSV_SRR24833879,70,L,OG1,L,AA
hRSV_SRR24833879,71,I,OG1,L,AA
hRSV_SRR24833879,72,S,OG1,L,AA
hRSV_SRR24833879,73,K,OG1,L,AA
hRSV_SRR24833879,74,Y,OG1,L,AA
hRSV_SRR24833879,75,H,OG1,L,AA
hRSV_SRR24833879,76,K,OG1,L,AA
hRSV_SRR24833879,77,G,OG1,L,AA
hRSV_SRR24833879,78,E,OG1,L,AA
hRSV_SRR24833879,79,I,OG1,L,AA
hRSV_SRR24833879,80,K,OG1,L,AA
hRSV_SRR24833879,81,I,OG1,L,AA
hRSV_SRR24833879,82,E,OG1,L,AA
hRSV_SRR24833879,83,E,OG1,L,AA
hRSV_SRR24833879,84,P,OG1,L,AA
hRSV_SRR24833879,85,T,OG1,L,AA
hRSV_SRR24833879,86,Y,OG1,L,AA
hRSV_SRR24833879,87,F,OG1,L,AA
hRSV_SRR24833879,88,Q,OG1,L,AA
hRSV_SRR24833879,89,S,OG1,L,AA
hRSV_SRR24833879,90,L,OG1,L,AA
hRSV_SRR24833879,91,L,OG1,L,AA
hRSV_SRR24833879,92,M,OG1,L,AA
hRSV_SRR24833879,93,T,OG1,L,AA
hRSV_SRR24833879,94,Y,OG1,L,AA
hRSV_SRR24833879,95,K,OG1,L,AA
hRSV_SRR24833879,96,S,OG1,L,AA
hRSV_SRR24833879,97,M,OG1,L,AA
hRSV_SRR24833879,98,T,OG1,L,AA
hRSV_SRR24833879,99,S,OG1,L,AA
hRSV_SRR24833879,100,S,OG1,L,AA
hRSV_SRR24833879,101,E,OG1,L,AA
hRSV_SRR24833879,102,Q,OG1,L,AA
hRSV_SRR24833879,103,T,OG1,L,AA
hRSV_SRR24833879,104,T,OG1,L,AA
hRSV_SRR24833879,105,T,OG1,L,AA
hRSV_SRR24833879,106,T,OG1,L,AA
hRSV_SRR24833879,107,N,OG1,L,AA
hRSV_SRR24833879,108,L,OG1,L,AA
hRSV_SRR24833879,109,L,OG1,L,AA
hRSV_SRR24833879,110,X,OG1,L,AA
hRSV_SRR24833879,111,K,OG1,L,AA
hRSV_SRR24833879,112,I,OG1,L,AA
hRSV_SRR24833879,113,I,OG1,L,AA
hRSV_SRR24833879,114,R,OG1,L,AA
hRSV_SRR24833879,115,R,OG1,L,AA
hRSV_SRR24833879,116,A,OG1,L,AA
hRSV_SRR24833879,117,I,OG1,L,AA
hRSV_SRR24833879,118,E,OG1,L,AA
hRSV_SRR24833879,119,I,OG1,L,AA
hRSV_SRR24833879,120,S,OG1,L,AA
hRSV_SRR24833879,121,D,OG1,L,AA
hRSV_SRR24833879,122,V,OG1,L,AA
hRSV_SRR24833879,123,K,OG1,L,AA
hRSV_SRR24833879,124,V,OG1,L,AA
hRSV_SRR24833879,125,Y,OG1,L,AA
hRSV_SRR24833879,126,A,OG1,L,AA
hRSV_SRR24833879,127,I,OG1,L,AA
hRSV_SRR24833879,128,L,OG1,L,AA
hRSV_SRR24833879,129,N,OG1,L,AA
hRSV_SRR24833879,130,K,OG1,L,AA
hRSV_SRR24833879,131,L,OG1,L,AA
hRSV_SRR24833879,132,G,OG1,L,AA
hRSV_SRR24833879,133,L,OG1,L,AA
hRSV_SRR24833879,134,K,OG1,L,AA
hRSV_SRR24833879,135,E,OG1,L,AA
hRSV_SRR24833879,136,K,OG1,L,AA
hRSV_SRR24833879,137,D,OG1,L,AA
hRSV_SRR24833879,138,K,OG1,L,AA
hRSV_SRR24833879,139,I,OG1,L,AA
hRSV_SRR24833879,140,K,OG1,L,AA
hRSV_SRR24833879,141,S,OG1,L,AA
hRSV_SRR24833879,142,N,OG1,L,AA
hRSV_SRR24833879,143,D,OG1,L,AA
hRSV_SRR24833879,144,G,OG1,L,AA
hRSV_SRR24833879,145,Q,OG1,L,AA
hRSV_SRR24833879,146,D,OG1,L,AA
hRSV_SRR24833879,147,E,OG1,L,AA
hRSV_SRR24833879,148,D,OG1,L,AA
hRSV_SRR24833879,149,N,OG1,L,AA
hRSV_SRR24833879,150,S,OG1,L,AA
hRSV_SRR24833879,151,V,OG1,L,AA
hRSV_SRR24833879,152,I,OG1,L,AA
hRSV_SRR24833879,153,T,OG1,L,AA
hRSV_SRR24833879,154,T,OG1,L,AA
hRSV_SRR24833879,155,I,OG1,L,AA
hRSV_SRR24833879,156,I,OG1,L,AA
hRSV_SRR24833879,157,K,OG1,L,AA
hRSV_SRR24833879,158,D,OG1,L,AA
hRSV_SRR24833879,159,D,OG1,L,AA
hRSV_SRR24833879,160,I,OG1,L,AA
hRSV_SRR24833879,161,L,OG1,L,AA
hRSV_SRR24833879,162,L,OG1,L,AA
hRSV_SRR24833879,163,A,OG1,L,AA
hRSV_SRR24833879,164,V,OG1,L,AA
hRSV_SRR24833879,165,K,OG1,L,AA
hRSV_SRR24833879,166,D,OG1,L,AA
hRSV_SRR24833879,167,N,OG1,L,AA
hRSV_SRR24833879,168,Q,OG1,L,AA
hRSV_SRR24833879,169,S,OG1,L,AA
hRSV_SRR24833879,170,H,OG1,L,AA
hRSV_SRR24833879,171,L,OG1,L,AA
hRSV_SRR24833879,172,K,OG1,L,AA
hRSV_SRR24833879,173,A,OG1,L,AA
hRSV_SRR24833879,174,D,OG1,L,AA
hRSV_SRR24833879,175,K,OG1,L,AA
hRSV_SRR24833879,176,N,OG1,L,AA
hRSV_SRR24833879,177,Q,OG1,L,AA
hRSV_SRR24833879,178,S,OG1,L,AA
hRSV_SRR24833879,179,S,OG1,L,AA
hRSV_SRR24833879,180,K,OG1,L,AA
hRSV_SRR24833879,181,Q,OG1,L,AA
hRSV_SRR24833879,182,K,OG1,L,AA
hRSV_SRR24833879,183,D,OG1,L,AA
hRSV_SRR24833879,184,T,OG1,L,AA
hRSV_SRR24833879,185,I,OG1,L,AA
hRSV_SRR24833879,186,K,OG1,L,AA
hRSV_SRR24833879,187,T,OG1,L,AA
hRSV_SRR24833879,188,T,OG1,L,AA
hRSV_SRR24833879,189,L,OG1,L,AA
hRSV_SRR24833879,190,L,OG1,L,AA
hRSV_SRR24833879,191,K,OG1,L,AA
hRSV_SRR24833879,192,K,OG1,L,AA
hRSV_SRR24833879,193,L,OG1,L,AA
hRSV_SRR24833879,194,M,OG1,L,AA
hRSV_SRR24833879,195,C,OG1,L,AA
hRSV_SRR24833879,196,S,OG1,L,AA
hRSV_SRR24833879,197,M,OG1,L,AA
hRSV_SRR24833879,198,Q,OG1,L,AA
hRSV_SRR24833879,199,H,OG1,L,AA
hRSV_SRR24833879,200,P,OG1,L,AA
hRSV_SRR24833879,201,P,OG1,L,AA
hRSV_SRR24833879,202,S,OG1,L,AA
hRSV_SRR24833879,203,W,OG1,L,AA
hRSV_SRR24833879,204,L,OG1,L,AA
hRSV_SRR24833879,205,I,OG1,L,AA
hRSV_SRR24833879,206,H,OG1,L,AA
hRSV_SRR24833879,207,W,OG1,L,AA
hRSV_SRR24833879,208,F,OG1,L,AA
hRSV_SRR24833879,209,N,OG1,L,AA
hRSV_SRR24833879,210,L,OG1,L,AA
hRSV_SRR24833879,211,Y,OG1,L,AA
hRSV_SRR24833879,212,T,OG1,L,AA
hRSV_SRR24833879,213,K,OG1,L,AA
hRSV_SRR24833879,214,L,OG1,L,AA
hRSV_SRR24833879,215,N,OG1,L,AA
hRSV_SRR24833879,216,S,OG1,L,AA
hRSV_SRR24833879,217,I,OG1,L,AA
hRSV_SRR24833879,218,L,OG1,L,AA
hRSV_SRR24833879,219,T,OG1,L,AA
hRSV_SRR24833879,220,Q,OG1,L,AA
hRSV_SRR24833879,221,Y,OG1,L,AA
hRSV_SRR24833879,222,R,OG1,L,AA
hRSV_SRR24833879,223,S,OG1,L,AA
hRSV_SRR24833879,224,S,OG1,L,AA
hRSV_SRR24833879,225,E,OG1,L,AA
hRSV_SRR24833879,226,V,OG1,L,AA
hRSV_SRR24833879,227,K,OG1,L,AA
hRSV_SRR24833879,228,N,OG1,L,AA
hRSV_SRR24833879,229,H,OG1,L,AA
hRSV_SRR24833879,230,G,OG1,L,AA
hRSV_SRR24833879,231,F,OG1,L,AA
hRSV_SRR24833879,232,I,OG1,L,AA
hRSV_SRR24833879,233,L,OG1,L,AA
hRSV_SRR24833879,234,I,OG1,L,AA
hRSV_SRR24833879,235,D,OG1,L,AA
hRSV_SRR24833879,236,N,OG1,L,AA
hRSV_SRR24833879,237,H,OG1,L,AA
hRSV_SRR24833879,238,T,OG1,L,AA
hRSV_SRR24833879,239,L,OG1,L,AA
hRSV_SRR24833879,240,S,OG1,L,AA
hRSV_SRR24833879,241,G,OG1,L,AA
hRSV_SRR24833879,242,F,OG1,L,AA
hRSV_SRR24833879,243,X,OG1,L,AA
hRSV_SRR24833879,244,X,OG1,L,AA
hRSV_SRR24833879,245,I,OG1,L,AA
hRSV_SRR24833879,246,L,OG1,L,AA
hRSV_SRR24833879,247,N,OG1,L,AA
hRSV_SRR24833879,248,Q,OG1,L,AA
hRSV_SRR24833879,249,Y,OG1,L,AA
hRSV_SRR24833879,250,G,OG1,L,AA
hRSV_SRR24833879,251,C,OG1,L,AA
hRSV_SRR24833879,252,I,OG1,L,AA
hRSV_SRR24833879,253,V,OG1,L,AA
hRSV_SRR24833879,254,Y,OG1,L,AA
hRSV_SRR24833879,255,X,OG1,L,AA
hRSV_SRR24833879,256,X,OG1,L,AA
hRSV_SRR24833879,257,E,OG1,L,AA
hRSV_SRR24833879,258,L,OG1,L,AA
hRSV_SRR24833879,259,K,OG1,L,AA
hRSV_SRR24833879,260,R,OG1,L,AA
hRSV_SRR24833879,261,I,OG1,L,AA
hRSV_SRR24833879,262,T,OG1,L,AA
hRSV_SRR24833879,263,V,OG1,L,AA
hRSV_SRR24833879,264,T,OG1,L,AA
hRSV_SRR24833879,265,T,OG1,L,AA
hRSV_SRR24833879,266,Y,OG1,L,AA
hRSV_SRR24833879,267,N,OG1,L,AA
hRSV_SRR24833879,268,Q,OG1,L,AA
hRSV_SRR24833879,269,F,OG1,L,AA
hRSV_SRR24833879,270,L,OG1,L,AA
hRSV_SRR24833879,271,T,OG1,L,AA
hRSV_SRR24833879,272,W,OG1,L,AA
hRSV_SRR24833879,273,K,OG1,L,AA
hRSV_SRR24833879,274,D,OG1,L,AA
hRSV_SRR24833879,275,I,OG1,L,AA
hRSV_SRR24833879,276,S,OG1,L,AA
hRSV_SRR24833879,277,L,OG1,L,AA
hRSV_SRR24833879,278,S,OG1,L,AA
hRSV_SRR24833879,279,R,OG1,L,AA
hRSV_SRR24833879,280,L,OG1,L,AA
hRSV_SRR24833879,281,N,OG1,L,AA
hRSV_SRR24833879,282,V,OG1,L,AA
hRSV_SRR24833879,283,C,OG1,L,AA
hRSV_SRR24833879,284,L,OG1,L,AA
hRSV_SRR24833879,285,I,OG1,L,AA
hRSV_SRR24833879,286,T,OG1,L,AA
hRSV_SRR24833879,287,W,OG1,L,AA
hRSV_SRR24833879,288,I,OG1,L,AA
hRSV_SRR24833879,289,S,OG1,L,AA
hRSV_SRR24833879,290,N,OG1,L,AA
hRSV_SRR24833879,291,C,OG1,L,AA
hRSV_SRR24833879,292,L,OG1,L,AA
hRSV_SRR24833879,293,N,OG1,L,AA
hRSV_SRR24833879,294,T,OG1,L,AA
hRSV_SRR24833879,295,L,OG1,L,AA
hRSV_SRR24833879,296,N,OG1,L,AA
hRSV_SRR24833879,297,K,OG1,L,AA
hRSV_SRR24833879,298,S,OG1,L,AA
hRSV_SRR24833879,299,L,OG1,L,AA
hRSV_SRR24833879,300,G,OG1,L,AA
hRSV_SRR24833879,301,L,OG1,L,AA
hRSV_SRR24833879,302,R,OG1,L,AA
hRSV_SRR24833879,303,C,OG1,L,AA
hRSV_SRR24833879,304,G,OG1,L,AA
hRSV_SRR24833879,305,F,OG1,L,AA
hRSV_SRR24833879,306,N,OG1,L,AA
hRSV_SRR24833879,307,N,OG1,L,AA
hRSV_SRR24833879,308,V,OG1,L,AA
hRSV_SRR24833879,309,I,OG1,L,AA
hRSV_SRR24833879,310,L,OG1,L,AA
hRSV_SRR24833879,311,T,OG1,L,AA
hRSV_SRR24833879,312,Q,OG1,L,AA
hRSV_SRR24833879,313,L,OG1,L,AA
hRSV_SRR24833879,314,F,OG1,L,AA
hRSV_SRR24833879,315,L,OG1,L,AA
hRSV_SRR24833879,316,Y,OG1,L,AA
hRSV_SRR24833879,317,G,OG1,L,AA
hRSV_SRR24833879,318,D,OG1,L,AA
hRSV_SRR24833879,319,C,OG1,L,AA
hRSV_SRR24833879,320,I,OG1,L,AA
hRSV_SRR24833879,321,L,OG1,L,AA
hRSV_SRR24833879,322,K,OG1,L,AA
hRSV_SRR24833879,323,L,OG1,L,AA
hRSV_SRR24833879,324,F,OG1,L,AA
hRSV_SRR24833879,325,H,OG1,L,AA
hRSV_SRR24833879,326,N,OG1,L,AA
hRSV_SRR24833879,327,E,OG1,L,AA
hRSV_SRR24833879,328,G,OG1,L,AA
hRSV_SRR24833879,329,F,OG1,L,AA
hRSV_SRR24833879,330,Y,OG1,L,AA
hRSV_SRR24833879,331,I,OG1,L,AA
hRSV_SRR24833879,332,I,OG1,L,AA
hRSV_SRR24833879,333,K,OG1,L,AA
hRSV_SRR24833879,334,E,OG1,L,AA
hRSV_SRR24833879,335,V,OG1,L,AA
hRSV_SRR24833879,336,E,OG1,L,AA
hRSV_SRR24833879,337,G,OG1,L,AA
hRSV_SRR24833879,338,F,OG1,L,AA
hRSV_SRR24833879,339,I,OG1,L,AA
hRSV_SRR24833879,340,M,OG1,L,AA
hRSV_SRR24833879,341,S,OG1,L,AA
hRSV_SRR24833879,342,L,OG1,L,AA
hRSV_SRR24833879,343,I,OG1,L,AA
hRSV_SRR24833879,344,L,OG1,L,AA
hRSV_SRR24833879,345,N,OG1,L,AA
hRSV_SRR24833879,346,I,OG1,L,AA
hRSV_SRR24833879,347,T,OG1,L,AA
hRSV_SRR24833879,348,E,OG1,L,AA
hRSV_SRR24833879,349,E,OG1,L,AA
hRSV_SRR24833879,350,D,OG1,L,AA
hRSV_SRR24833879,351,Q,OG1,L,AA
hRSV_SRR24833879,352,F,OG1,L,AA
hRSV_SRR24833879,353,R,OG1,L,AA
hRSV_SRR24833879,354,K,OG1,L,AA
hRSV_SRR24833879,355,R,OG1,L,AA
hRSV_SRR24833879,356,F,OG1,L,AA
hRSV_SRR24833879,357,Y,OG1,L,AA
hRSV_SRR24833879,358,N,OG1,L,AA
hRSV_SRR24833879,359,S,OG1,L,AA
hRSV_SRR24833879,360,M,OG1,L,AA
hRSV_SRR24833879,361,L,OG1,L,AA
hRSV_SRR24833879,362,N,OG1,L,AA
hRSV_SRR24833879,363,N,OG1,L,AA
hRSV_SRR24833879,364,I,OG1,L,AA
hRSV_SRR24833879,365,T,OG1,L,AA
hRSV_SRR24833879,366,D,OG1,L,AA
hRSV_SRR24833879,367,A,OG1,L,AA
hRSV_SRR24833879,368,A,OG1,L,AA
hRSV_SRR24833879,369,N,OG1,L,AA
hRSV_SRR24833879,370,K,OG1,L,AA
hRSV_SRR24833879,371,A,OG1,L,AA
hRSV_SRR24833879,372,Q,OG1,L,AA
hRSV_SRR24833879,373,K,OG1,L,AA
hRSV_SRR24833879,374,N,OG1,L,AA
hRSV_SRR24833879,375,L,OG1,L,AA
hRSV_SRR24833879,376,L,OG1,L,AA
hRSV_SRR24833879,377,S,OG1,L,AA
hRSV_SRR24833879,378,R,OG1,L,AA
hRSV_SRR24833879,379,V,OG1,L,AA
hRSV_SRR24833879,380,C,OG1,L,AA
hRSV_SRR24833879,381,H,OG1,L,AA
hRSV_SRR24833879,382,T,OG1,L,AA
hRSV_SRR24833879,383,L,OG1,L,AA
hRSV_SRR24833879,384,L,OG1,L,AA
hRSV_SRR24833879,385,D,OG1,L,AA
hRSV_SRR24833879,386,K,OG1,L,AA
hRSV_SRR24833879,387,T,OG1,L,AA
hRSV_SRR24833879,388,I,OG1,L,AA
hRSV_SRR24833879,389,S,OG1,L,AA
hRSV_SRR24833879,390,D,OG1,L,AA
hRSV_SRR24833879,391,N,OG1,L,AA
hRSV_SRR24833879,392,I,OG1,L,AA
hRSV_SRR24833879,393,I,OG1,L,AA
hRSV_SRR24833879,394,N,OG1,L,AA
hRSV_SRR24833879,395,G,OG1,L,AA
hRSV_SRR24833879,396,R,OG1,L,AA
hRSV_SRR24833879,397,W,OG1,L,AA
hRSV_SRR24833879,398,I,OG1,L,AA
hRSV_SRR24833879,399,I,OG1,L,AA
hRSV_SRR24833879,400,X,OG1,L,AA
hRSV_SRR24833879,401,X,OG1,L,AA
hRSV_SRR24833879,402,X,OG1,L,AA
hRSV_SRR24833879,403,X,OG1,L,AA
hRSV_SRR24833879,404,X,OG1,L,AA
hRSV_SRR24833879,405,X,OG1,L,AA
hRSV_SRR24833879,406,X,OG1,L,AA
hRSV_SRR24833879,407,X,OG1,L,AA
hRSV_SRR24833879,408,X,OG1,L,AA
hRSV_SRR24833879,409,X,OG1,L,AA
hRSV_SRR24833879,410,X,OG1,L,AA
hRSV_SRR24833879,411,X,OG1,L,AA
hRSV_SRR24833879,412,X,OG1,L,AA
hRSV_SRR24833879,413,X,OG1,L,AA
hRSV_SRR24833879,414,X,OG1,L,AA
hRSV_SRR24833879,415,X,OG1,L,AA
hRSV_SRR24833879,416,X,OG1,L,AA
hRSV_SRR24833879,417,X,OG1,L,AA
hRSV_SRR24833879,418,X,OG1,L,AA
hRSV_SRR24833879,419,X,OG1,L,AA
hRSV_SRR24833879,420,X,OG1,L,AA
hRSV_SRR24833879,421,X,OG1,L,AA
hRSV_SRR24833879,422,X,OG1,L,AA
hRSV_SRR24833879,423,X,OG1,L,AA
hRSV_SRR24833879,424,X,OG1,L,AA
hRSV_SRR24833879,425,X,OG1,L,AA
hRSV_SRR24833879,426,X,OG1,L,AA
hRSV_SRR24833879,427,X,OG1,L,AA
hRSV_SRR24833879,428,X,OG1,L,AA
hRSV_SRR24833879,429,X,OG1,L,AA
hRSV_SRR24833879,430,X,OG1,L,AA
hRSV_SRR24833879,431,X,OG1,L,AA
hRSV_SRR24833879,432,X,OG1,L,AA
hRSV_SRR24833879,433,X,OG1,L,AA
hRSV_SRR24833879,434,X,OG1,L,AA
hRSV_SRR24833879,435,X,OG1,L,AA
hRSV_SRR24833879,436,X,OG1,L,AA
hRSV_SRR24833879,437,X,OG1,L,AA
hRSV_SRR24833879,438,X,OG1,L,AA
hRSV_SRR24833879,439,X,OG1,L,AA
hRSV_SRR24833879,440,X,OG1,L,AA
hRSV_SRR24833879,441,X,OG1,L,AA
hRSV_SRR24833879,442,X,OG1,L,AA
hRSV_SRR24833879,443,X,OG1,L,AA
hRSV_SRR24833879,444,X,OG1,L,AA
hRSV_SRR24833879,445,X,OG1,L,AA
hRSV_SRR24833879,446,X,OG1,L,AA
hRSV_SRR24833879,447,X,OG1,L,AA
hRSV_SRR24833879,448,X,OG1,L,AA
hRSV_SRR24833879,449,X,OG1,L,AA
hRSV_SRR24833879,450,X,OG1,L,AA
hRSV_SRR24833879,451,X,OG1,L,AA
hRSV_SRR24833879,452,X,OG1,L,AA
hRSV_SRR24833879,453,X,OG1,L,AA
hRSV_SRR24833879,454,X,OG1,L,AA
hRSV_SRR24833879,455,X,OG1,L,AA
hRSV_SRR24833879,456,X,OG1,L,AA
hRSV_SRR24833879,457,X,OG1,L,AA
hRSV_SRR24833879,458,X,OG1,L,AA
hRSV_SRR24833879,459,X,OG1,L,AA
hRSV_SRR24833879,460,X,OG1,L,AA
hRSV_SRR24833879,461,X,OG1,L,AA
hRSV_SRR24833879,462,X,OG1,L,AA
hRSV_SRR24833879,463,X,OG1,L,AA
hRSV_SRR24833879,464,X,OG1,L,AA
hRSV_SRR24833879,465,X,OG1,L,AA
hRSV_SRR24833879,466,X,OG1,L,AA
hRSV_SRR24833879,467,X,OG1,L,AA
hRSV_SRR24833879,468,X,OG1,L,AA
hRSV_SRR24833879,469,X,OG1,L,AA
hRSV_SRR24833879,470,X,OG1,L,AA
hRSV_SRR24833879,471,X,OG1,L,AA
hRSV_SRR24833879,472,X,OG1,L,AA
hRSV_SRR24833879,473,X,OG1,L,AA
hRSV_SRR24833879,474,X,OG1,L,AA
hRSV_SRR24833879,475,X,OG1,L,AA
hRSV_SRR24833879,476,X,OG1,L,AA
hRSV_SRR24833879,477,X,OG1,L,AA
hRSV_SRR24833879,478,X,OG1,L,AA
hRSV_SRR24833879,479,X,OG1,L,AA
hRSV_SRR24833879,480,X,OG1,L,AA
hRSV_SRR24833879,481,X,OG1,L,AA
hRSV_SRR24833879,482,X,OG1,L,AA
hRSV_SRR24833879,483,L,OG1,L,AA
hRSV_SRR24833879,484,R,OG1,L,AA
hRSV_SRR24833879,485,N,OG1,L,AA
hRSV_SRR24833879,486,A,OG1,L,AA
hRSV_SRR24833879,487,I,OG1,L,AA
hRSV_SRR24833879,488,V,OG1,L,AA
hRSV_SRR24833879,489,L,OG1,L,AA
hRSV_SRR24833879,490,P,OG1,L,AA
hRSV_SRR24833879,491,L,OG1,L,AA
hRSV_SRR24833879,492,R,OG1,L,AA
hRSV_SRR24833879,493,W,OG1,L,AA
hRSV_SRR24833879,494,L,OG1,L,AA
hRSV_SRR24833879,495,T,OG1,L,AA
hRSV_SRR24833879,496,Y,OG1,L,AA
hRSV_SRR24833879,497,Y,OG1,L,AA
hRSV_SRR24833879,498,K,OG1,L,AA
hRSV_SRR24833879,499,L,OG1,L,AA
hRSV_SRR24833879,500,N,OG1,L,AA
hRSV_SRR24833879,501,T,OG1,L,AA
hRSV_SRR24833879,502,Y,OG1,L,AA
hRSV_SRR24833879,503,P,OG1,L,AA
hRSV_SRR24833879,504,S,OG1,L,AA
hRSV_SRR24833879,505,L,OG1,L,AA
hRSV_SRR24833879,506,L,OG1,L,AA
hRSV_SRR24833879,507,E,OG1,L,AA
hRSV_SRR24833879,508,L,OG1,L,AA
hRSV_SRR24833879,509,T,OG1,L,AA
hRSV_SRR24833879,510,E,OG1,L,AA
hRSV_SRR24833879,511,R,OG1,L,AA
hRSV_SRR24833879,512,D,OG1,L,AA
hRSV_SRR24833879,513,L,OG1,L,AA
hRSV_SRR24833879,514,I,OG1,L,AA
hRSV_SRR24833879,515,V,OG1,L,AA
hRSV_SRR24833879,516,L,OG1,L,AA
hRSV_SRR24833879,517,S,OG1,L,AA
hRSV_SRR24833879,518,G,OG1,L,AA
hRSV_SRR24833879,519,L,OG1,L,AA
hRSV_SRR24833879,520,R,OG1,L,AA
hRSV_SRR24833879,521,F,OG1,L,AA
hRSV_SRR24833879,522,Y,OG1,L,AA
hRSV_SRR24833879,523,R,OG1,L,AA
hRSV_SRR24833879,524,E,OG1,L,AA
hRSV_SRR24833879,525,F,OG1,L,AA
hRSV_SRR24833879,526,R,OG1,L,AA
hRSV_SRR24833879,527,L,OG1,L,AA
hRSV_SRR24833879,528,P,OG1,L,AA
hRSV_SRR24833879,529,K,OG1,L,AA
hRSV_SRR24833879,530,K,OG1,L,AA
hRSV_SRR24833879,531,V,OG1,L,AA
hRSV_SRR24833879,532,D,OG1,L,AA
hRSV_SRR24833879,533,L,OG1,L,AA
hRSV_SRR24833879,534,E,OG1,L,AA
hRSV_SRR24833879,535,M,OG1,L,AA
hRSV_SRR24833879,536,I,OG1,L,AA
hRSV_SRR24833879,537,I,OG1,L,AA
hRSV_SRR24833879,538,N,OG1,L,AA
hRSV_SRR24833879,539,D,OG1,L,AA
hRSV_SRR24833879,540,K,OG1,L,AA
hRSV_SRR24833879,541,A,OG1,L,AA
hRSV_SRR24833879,542,I,OG1,L,AA
hRSV_SRR24833879,543,S,OG1,L,AA
hRSV_SRR24833879,544,P,OG1,L,AA
hRSV_SRR24833879,545,P,OG1,L,AA
hRSV_SRR24833879,546,K,OG1,L,AA
hRSV_SRR24833879,547,N,OG1,L,AA
hRSV_SRR24833879,548,L,OG1,L,AA
hRSV_SRR24833879,549,I,OG1,L,AA
hRSV_SRR24833879,550,W,OG1,L,AA
hRSV_SRR24833879,551,T,OG1,L,AA
hRSV_SRR24833879,552,S,OG1,L,AA
hRSV_SRR24833879,553,F,OG1,L,AA
hRSV_SRR24833879,554,P,OG1,L,AA
hRSV_SRR24833879,555,R,OG1,L,AA
hRSV_SRR24833879,556,N,OG1,L,AA
hRSV_SRR24833879,557,Y,OG1,L,AA
hRSV_SRR24833879,558,M,OG1,L,AA
hRSV_SRR24833879,559,P,OG1,L,AA
hRSV_SRR24833879,560,S,OG1,L,AA
hRSV_SRR24833879,561,H,OG1,L,AA
hRSV_SRR24833879,562,I,OG1,L,AA
hRSV_SRR24833879,563,Q,OG1,L,AA
hRSV_SRR24833879,564,N,OG1,L,AA
hRSV_SRR24833879,565,Y,OG1,L,AA
hRSV_SRR24833879,566,I,OG1,L,AA
hRSV_SRR24833879,567,E,OG1,L,AA
hRSV_SRR24833879,568,H,OG1,L,AA
hRSV_SRR24833879,569,E,OG1,L,AA
hRSV_SRR24833879,570,K,OG1,L,AA
hRSV_SRR24833879,571,L,OG1,L,AA
hRSV_SRR24833879,572,K,OG1,L,AA
hRSV_SRR24833879,573,F,OG1,L,AA
hRSV_SRR24833879,574,S,OG1,L,AA
hRSV_SRR24833879,575,D,OG1,L,AA
hRSV_SRR24833879,576,S,OG1,L,AA
hRSV_SRR24833879,577,D,OG1,L,AA
hRSV_SRR24833879,578,K,OG1,L,AA
hRSV_SRR24833879,579,S,OG1,L,AA
hRSV_SRR24833879,580,R,OG1,L,AA
hRSV_SRR24833879,581,R,OG1,L,AA
hRSV_SRR24833879,582,V,OG1,L,AA
hRSV_SRR24833879,583,L,OG1,L,AA
hRSV_SRR24833879,584,E,OG1,L,AA
hRSV_SRR24833879,585,Y,OG1,L,AA
hRSV_SRR24833879,586,Y,OG1,L,AA
hRSV_SRR24833879,587,L,OG1,L,AA
hRSV_SRR24833879,588,R,OG1,L,AA
hRSV_SRR24833879,589,D,OG1,L,AA
hRSV_SRR24833879,590,N,OG1,L,AA
hRSV_SRR24833879,591,K,OG1,L,AA
hRSV_SRR24833879,592,F,OG1,L,AA
hRSV_SRR24833879,593,N,OG1,L,AA
hRSV_SRR24833879,594,E,OG1,L,AA
hRSV_SRR24833879,595,C,OG1,L,AA
hRSV_SRR24833879,596,D,OG1,L,AA
hRSV_SRR24833879,597,L,OG1,L,AA
hRSV_SRR24833879,598,H,OG1,L,AA
hRSV_SRR24833879,599,N,OG1,L,AA
hRSV_SRR24833879,600,C,OG1,L,AA
hRSV_SRR24833879,601,V,OG1,L,AA
hRSV_SRR24833879,602,V,OG1,L,AA
hRSV_SRR24833879,603,N,OG1,L,AA
hRSV_SRR24833879,604,Q,OG1,L,AA
hRSV_SRR24833879,605,S,OG1,L,AA
hRSV_SRR24833879,606,Y,OG1,L,AA
hRSV_SRR24833879,607,L,OG1,L,AA
hRSV_SRR24833879,608,N,OG1,L,AA
hRSV_SRR24833879,609,N,OG1,L,AA
hRSV_SRR24833879,610,P,OG1,L,AA
hRSV_SRR24833879,611,N,OG1,L,AA
hRSV_SRR24833879,612,H,OG1,L,AA
hRSV_SRR24833879,613,V,OG1,L,AA
hRSV_SRR24833879,614,V,OG1,L,AA
hRSV_SRR24833879,615,S,OG1,L,AA
hRSV_SRR24833879,616,L,OG1,L,AA
hRSV_SRR24833879,617,T,OG1,L,AA
hRSV_SRR24833879,618,G,OG1,L,AA
hRSV_SRR24833879,619,K,OG1,L,AA
hRSV_SRR24833879,620,E,OG1,L,AA
hRSV_SRR24833879,621,R,OG1,L,AA
hRSV_SRR24833879,622,E,OG1,L,AA
hRSV_SRR24833879,623,L,OG1,L,AA
hRSV_SRR24833879,624,S,OG1,L,AA
hRSV_SRR24833879,625,V,OG1,L,AA
hRSV_SRR24833879,626,G,OG1,L,AA
hRSV_SRR24833879,627,R,OG1,L,AA
hRSV_SRR24833879,628,M,OG1,L,AA
hRSV_SRR24833879,629,F,OG1,L,AA
hRSV_SRR24833879,630,A,OG1,L,AA
hRSV_SRR24833879,631,M,OG1,L,AA
hRSV_SRR24833879,632,Q,OG1,L,AA
hRSV_SRR24833879,633,P,OG1,L,AA
hRSV_SRR24833879,634,G,OG1,L,AA
hRSV_SRR24833879,635,M,OG1,L,AA
hRSV_SRR24833879,636,F,OG1,L,AA
hRSV_SRR24833879,637,R,OG1,L,AA
hRSV_SRR24833879,638,Q,OG1,L,AA
hRSV_SRR24833879,639,V,OG1,L,AA
hRSV_SRR24833879,640,Q,OG1,L,AA
hRSV_SRR24833879,641,I,OG1,L,AA
hRSV_SRR24833879,642,L,OG1,L,AA
hRSV_SRR24833879,643,A,OG1,L,AA
hRSV_SRR24833879,644,E,OG1,L,AA
hRSV_SRR24833879,645,K,OG1,L,AA
hRSV_SRR24833879,646,M,OG1,L,AA
hRSV_SRR24833879,647,I,OG1,L,AA
hRSV_SRR24833879,648,A,OG1,L,AA
hRSV_SRR24833879,649,E,OG1,L,AA
hRSV_SRR24833879,650,N,OG1,L,AA
hRSV_SRR24833879,651,I,OG1,L,AA
hRSV_SRR24833879,652,L,OG1,L,AA
hRSV_SRR24833879,653,Q,OG1,L,AA
hRSV_SRR24833879,654,F,OG1,L,AA
hRSV_SRR24833879,655,F,OG1,L,AA
hRSV_SRR24833879,656,P,OG1,L,AA
hRSV_SRR24833879,657,E,OG1,L,AA
hRSV_SRR24833879,658,S,OG1,L,AA
hRSV_SRR24833879,659,L,OG1,L,AA
hRSV_SRR24833879,660,T,OG1,L,AA
hRSV_SRR24833879,661,R,OG1,L,AA
hRSV_SRR24833879,662,Y,OG1,L,AA
hRSV_SRR24833879,663,G,OG1,L,AA
hRSV_SRR24833879,664,D,OG1,L,AA
hRSV_SRR24833879,665,L,OG1,L,AA
hRSV_SRR24833879,666,E,OG1,L,AA
hRSV_SRR24833879,667,L,OG1,L,AA
hRSV_SRR24833879,668,Q,OG1,L,AA
hRSV_SRR24833879,669,K,OG1,L,AA
hRSV_SRR24833879,670,I,OG1,L,AA
hRSV_SRR24833879,671,L,OG1,L,AA
hRSV_SRR24833879,672,E,OG1,L,AA
hRSV_SRR24833879,673,L,OG1,L,AA
hRSV_SRR24833879,674,K,OG1,L,AA
hRSV_SRR24833879,675,A,OG1,L,AA
hRSV_SRR24833879,676,G,OG1,L,AA
hRSV_SRR24833879,677,I,OG1,L,AA
hRSV_SRR24833879,678,S,OG1,L,AA
hRSV_SRR24833879,679,N,OG1,L,AA
hRSV_SRR24833879,680,K,OG1,L,AA
hRSV_SRR24833879,681,S,OG1,L,AA
hRSV_SRR24833879,682,N,OG1,L,AA
hRSV_SRR24833879,683,R,OG1,L,AA
hRSV_SRR24833879,684,Y,OG1,L,AA
hRSV_SRR24833879,685,N,OG1,L,AA
hRSV_SRR24833879,686,D,OG1,L,AA
hRSV_SRR24833879,687,N,OG1,L,AA
hRSV_SRR24833879,688,Y,OG1,L,AA
hRSV_SRR24833879,689,N,OG1,L,AA
hRSV_SRR24833879,690,N,OG1,L,AA
hRSV_SRR24833879,691,Y,OG1,L,AA
hRSV_SRR24833879,692,I,OG1,L,AA
hRSV_SRR24833879,693,S,OG1,L,AA
hRSV_SRR24833879,694,K,OG1,L,AA
hRSV_SRR24833879,695,C,OG1,L,AA
hRSV_SRR24833879,696,S,OG1,L,AA
hRSV_SRR24833879,697,I,OG1,L,AA
hRSV_SRR24833879,698,I,OG1,L,AA
hRSV_SRR24833879,699,T,OG1,L,AA
hRSV_SRR24833879,700,D,OG1,L,AA
hRSV_SRR24833879,701,L,OG1,L,AA
hRSV_SRR24833879,702,S,OG1,L,AA
hRSV_SRR24833879,703,K,OG1,L,AA
hRSV_SRR24833879,704,F,OG1,L,AA
hRSV_SRR24833879,705,N,OG1,L,AA
hRSV_SRR24833879,706,Q,OG1,L,AA
hRSV_SRR24833879,707,A,OG1,L,AA
hRSV_SRR24833879,708,F,OG1,L,AA
hRSV_SRR24833879,709,R,OG1,L,AA
hRSV_SRR24833879,710,Y,OG1,L,AA
hRSV_SRR24833879,711,E,OG1,L,AA
hRSV_SRR24833879,712,T,OG1,L,AA
hRSV_SRR24833879,713,S,OG1,L,AA
hRSV_SRR24833879,714,C,OG1,L,AA
hRSV_SRR24833879,715,I,OG1,L,AA
hRSV_SRR24833879,716,C,OG1,L,AA
hRSV_SRR24833879,717,S,OG1,L,AA
hRSV_SRR24833879,718,D,OG1,L,AA
hRSV_SRR24833879,719,V,OG1,L,AA
hRSV_SRR24833879,720,L,OG1,L,AA
hRSV_SRR24833879,721,D,OG1,L,AA
hRSV_SRR24833879,722,E,OG1,L,AA
hRSV_SRR24833879,723,L,OG1,L,AA
hRSV_SRR24833879,724,H,OG1,L,AA
hRSV_SRR24833879,725,G,OG1,L,AA
hRSV_SRR24833879,726,V,OG1,L,AA
hRSV_SRR24833879,727,Q,OG1,L,AA
hRSV_SRR24833879,728,S,OG1,L,AA
hRSV_SRR24833879,729,L,OG1,L,AA
hRSV_SRR24833879,730,F,OG1,L,AA
hRSV_SRR24833879,731,S,OG1,L,AA
hRSV_SRR24833879,732,W,OG1,L,AA
hRSV_SRR24833879,733,L,OG1,L,AA
hRSV_SRR24833879,734,H,OG1,L,AA
hRSV_SRR24833879,735,L,OG1,L,AA
hRSV_SRR24833879,736,T,OG1,L,AA
hRSV_SRR24833879,737,I,OG1,L,AA
hRSV_SRR24833879,738,P,OG1,L,AA
hRSV_SRR24833879,739,H,OG1,L,AA
hRSV_SRR24833879,740,V,OG1,L,AA
hRSV_SRR24833879,741,T,OG1,L,AA
hRSV_SRR24833879,742,I,OG1,L,AA
hRSV_SRR24833879,743,I,OG1,L,AA
hRSV_SRR24833879,744,C,OG1,L,AA
hRSV_SRR24833879,745,T,OG1,L,AA
hRSV_SRR24833879,746,Y,OG1,L,AA
hRSV_SRR24833879,747,R,OG1,L,AA
hRSV_SRR24833879,748,H,OG1,L,AA
hRSV_SRR24833879,749,A,OG1,L,AA
hRSV_SRR24833879,750,P,OG1,L,AA
hRSV_SRR24833879,751,P,OG1,L,AA
hRSV_SRR24833879,752,Y,OG1,L,AA
hRSV_SRR24833879,753,I,OG1,L,AA
hRSV_SRR24833879,754,K,OG1,L,AA
hRSV_SRR24833879,755,D,OG1,L,AA
hRSV_SRR24833879,756,H,OG1,L,AA
hRSV_SRR24833879,757,I,OG1,L,AA
hRSV_SRR24833879,758,V,OG1,L,AA
hRSV_SRR24833879,759,D,OG1,L,AA
hRSV_SRR24833879,760,L,OG1,L,AA
hRSV_SRR24833879,761,N,OG1,L,AA
hRSV_SRR24833879,762,N,OG1,L,AA
hRSV_SRR24833879,763,V,OG1,L,AA
hRSV_SRR24833879,764,D,OG1,L,AA
hRSV_SRR24833879,765,E,OG1,L,AA
hRSV_SRR24833879,766,Q,OG1,L,AA
hRSV_SRR24833879,767,S,OG1,L,AA
hRSV_SRR24833879,768,G,OG1,L,AA
hRSV_SRR24833879,769,L,OG1,L,AA
hRSV_SRR24833879,770,Y,OG1,L,AA
hRSV_SRR24833879,771,R,OG1,L,AA
hRSV_SRR24833879,772,Y,OG1,L,AA
hRSV_SRR24833879,773,H,OG1,L,AA
hRSV_SRR24833879,774,M,OG1,L,AA
hRSV_SRR24833879,775,G,OG1,L,AA
hRSV_SRR24833879,776,G,OG1,L,AA
hRSV_SRR24833879,777,I,OG1,L,AA
hRSV_SRR24833879,778,E,OG1,L,AA
hRSV_SRR24833879,779,G,OG1,L,AA
hRSV_SRR24833879,780,W,OG1,L,AA
hRSV_SRR24833879,781,C,OG1,L,AA
hRSV_SRR24833879,782,Q,OG1,L,AA
hRSV_SRR24833879,783,K,OG1,L,AA
hRSV_SRR24833879,784,L,OG1,L,AA
hRSV_SRR24833879,785,W,OG1,L,AA
hRSV_SRR24833879,786,T,OG1,L,AA
hRSV_SRR24833879,787,I,OG1,L,AA
hRSV_SRR24833879,788,E,OG1,L,AA
hRSV_SRR24833879,789,A,OG1,L,AA
hRSV_SRR24833879,790,I,OG1,L,AA
hRSV_SRR24833879,791,S,OG1,L,AA
hRSV_SRR24833879,792,L,OG1,L,AA
hRSV_SRR24833879,793,L,OG1,L,AA
hRSV_SRR24833879,794,D,OG1,L,AA
hRSV_SRR24833879,795,L,OG1,L,AA
hRSV_SRR24833879,796,I,OG1,L,AA
hRSV_SRR24833879,797,S,OG1,L,AA
hRSV_SRR24833879,798,L,OG1,L,AA
hRSV_SRR24833879,799,K,OG1,L,AA
hRSV_SRR24833879,800,G,OG1,L,AA
hRSV_SRR24833879,801,K,OG1,L,AA
hRSV_SRR24833879,802,F,OG1,L,AA
hRSV_SRR24833879,803,S,OG1,L,AA
hRSV_SRR24833879,804,I,OG1,L,AA
hRSV_SRR24833879,805,T,OG1,L,AA
hRSV_SRR24833879,806,A,OG1,L,AA
hRSV_SRR24833879,807,L,OG1,L,AA
hRSV_SRR24833879,808,I,OG1,L,AA
hRSV_SRR24833879,809,N,OG1,L,AA
hRSV_SRR24833879,810,G,OG1,L,AA
hRSV_SRR24833879,811,D,OG1,L,AA
hRSV_SRR24833879,812,N,OG1,L,AA
hRSV_SRR24833879,813,Q,OG1,L,AA
hRSV_SRR24833879,814,S,OG1,L,AA
hRSV_SRR24833879,815,I,OG1,L,AA
hRSV_SRR24833879,816,D,OG1,L,AA
hRSV_SRR24833879,817,I,OG1,L,AA
hRSV_SRR24833879,818,S,OG1,L,AA
hRSV_SRR24833879,819,K,OG1,L,AA
hRSV_SRR24833879,820,P,OG1,L,AA
hRSV_SRR24833879,821,V,OG1,L,AA
hRSV_SRR24833879,822,R,OG1,L,AA
hRSV_SRR24833879,823,L,OG1,L,AA
hRSV_SRR24833879,824,M,OG1,L,AA
hRSV_SRR24833879,825,E,OG1,L,AA
hRSV_SRR24833879,826,G,OG1,L,AA
hRSV_SRR24833879,827,Q,OG1,L,AA
hRSV_SRR24833879,828,T,OG1,L,AA
hRSV_SRR24833879,829,H,OG1,L,AA
hRSV_SRR24833879,830,A,OG1,L,AA
hRSV_SRR24833879,831,Q,OG1,L,AA
hRSV_SRR24833879,832,A,OG1,L,AA
hRSV_SRR24833879,833,D,OG1,L,AA
hRSV_SRR24833879,834,Y,OG1,L,AA
hRSV_SRR24833879,835,L,OG1,L,AA
hRSV_SRR24833879,836,L,OG1,L,AA
hRSV_SRR24833879,837,A,OG1,L,AA
hRSV_SRR24833879,838,L,OG1,L,AA
hRSV_SRR24833879,839,N,OG1,L,AA
hRSV_SRR24833879,840,S,OG1,L,AA
hRSV_SRR24833879,841,L,OG1,L,AA
hRSV_SRR24833879,842,K,OG1,L,AA
hRSV_SRR24833879,843,L,OG1,L,AA
hRSV_SRR24833879,844,L,OG1,L,AA
hRSV_SRR24833879,845,Y,OG1,L,AA
hRSV_SRR24833879,846,K,OG1,L,AA
hRSV_SRR24833879,847,E,OG1,L,AA
hRSV_SRR24833879,848,Y,OG1,L,AA
hRSV_SRR24833879,849,A,OG1,L,AA
hRSV_SRR24833879,850,G,OG1,L,AA
hRSV_SRR24833879,851,I,OG1,L,AA
hRSV_SRR24833879,852,G,OG1,L,AA
hRSV_SRR24833879,853,H,OG1,L,AA
hRSV_SRR24833879,854,K,OG1,L,AA
hRSV_SRR24833879,855,L,OG1,L,AA
hRSV_SRR24833879,856,K,OG1,L,AA
hRSV_SRR24833879,857,G,OG1,L,AA
hRSV_SRR24833879,858,T,OG1,L,AA
hRSV_SRR24833879,859,E,OG1,L,AA
hRSV_SRR24833879,860,T,OG1,L,AA
hRSV_SRR24833879,861,Y,OG1,L,AA
hRSV_SRR24833879,862,I,OG1,L,AA
hRSV_SRR24833879,863,S,OG1,L,AA
hRSV_SRR24833879,864,R,OG1,L,AA
hRSV_SRR24833879,865,D,OG1,L,AA
hRSV_SRR24833879,866,M,OG1,L,AA
hRSV_SRR24833879,867,Q,OG1,L,AA
hRSV_SRR24833879,868,F,OG1,L,AA
hRSV_SRR24833879,869,M,OG1,L,AA
hRSV_SRR24833879,870,S,OG1,L,AA
hRSV_SRR24833879,871,K,OG1,L,AA
hRSV_SRR24833879,872,T,OG1,L,AA
hRSV_SRR24833879,873,I,OG1,L,AA
hRSV_SRR24833879,874,Q,OG1,L,AA
hRSV_SRR24833879,875,H,OG1,L,AA
hRSV_SRR24833879,876,N,OG1,L,AA
hRSV_SRR24833879,877,G,OG1,L,AA
hRSV_SRR24833879,878,V,OG1,L,AA
hRSV_SRR24833879,879,Y,OG1,L,AA
hRSV_SRR24833879,880,Y,OG1,L,AA
hRSV_SRR24833879,881,P,OG1,L,AA
hRSV_SRR24833879,882,A,OG1,L,AA
hRSV_SRR24833879,883,S,OG1,L,AA
hRSV_SRR24833879,884,I,OG1,L,AA
hRSV_SRR24833879,885,K,OG1,L,AA
hRSV_SRR24833879,886,K,OG1,L,AA
hRSV_SRR24833879,887,V,OG1,L,AA
hRSV_SRR24833879,888,L,OG1,L,AA
hRSV_SRR24833879,889,R,OG1,L,AA
hRSV_SRR24833879,890,V,OG1,L,AA
hRSV_SRR24833879,891,G,OG1,L,AA
hRSV_SRR24833879,892,P,OG1,L,AA
hRSV_SRR24833879,893,W,OG1,L,AA
hRSV_SRR24833879,894,I,OG1,L,AA
hRSV_SRR24833879,895,N,OG1,L,AA
hRSV_SRR24833879,896,T,OG1,L,AA
hRSV_SRR24833879,897,I,OG1,L,AA
hRSV_SRR24833879,898,L,OG1,L,AA
hRSV_SRR24833879,899,D,OG1,L,AA
hRSV_SRR24833879,900,D,OG1,L,AA
hRSV_SRR24833879,901,F,OG1,L,AA
hRSV_SRR24833879,902,K,OG1,L,AA
hRSV_SRR24833879,903,V,OG1,L,AA
hRSV_SRR24833879,904,S,OG1,L,AA
hRSV_SRR24833879,905,L,OG1,L,AA
hRSV_SRR24833879,906,E,OG1,L,AA
hRSV_SRR24833879,907,S,OG1,L,AA
hRSV_SRR24833879,908,I,OG1,L,AA
hRSV_SRR24833879,909,G,OG1,L,AA
hRSV_SRR24833879,910,S,OG1,L,AA
hRSV_SRR24833879,911,L,OG1,L,AA
hRSV_SRR24833879,912,T,OG1,L,AA
hRSV_SRR24833879,913,Q,OG1,L,AA
hRSV_SRR24833879,914,E,OG1,L,AA
hRSV_SRR24833879,915,L,OG1,L,AA
hRSV_SRR24833879,916,E,OG1,L,AA
hRSV_SRR24833879,917,Y,OG1,L,AA
hRSV_SRR24833879,918,R,OG1,L,AA
hRSV_SRR24833879,919,G,OG1,L,AA
hRSV_SRR24833879,920,E,OG1,L,AA
hRSV_SRR24833879,921,S,OG1,L,AA
hRSV_SRR24833879,922,L,OG1,L,AA
hRSV_SRR24833879,923,L,OG1,L,AA
hRSV_SRR24833879,924,C,OG1,L,AA
hRSV_SRR24833879,925,S,OG1,L,AA
hRSV_SRR24833879,926,L,OG1,L,AA
hRSV_SRR24833879,927,I,OG1,L,AA
hRSV_SRR24833879,928,F,OG1,L,AA
hRSV_SRR24833879,929,R,OG1,L,AA
hRSV_SRR24833879,930,N,OG1,L,AA
hRSV_SRR24833879,931,V,OG1,L,AA
hRSV_SRR24833879,932,W,OG1,L,AA
hRSV_SRR24833879,933,L,OG1,L,AA
hRSV_SRR24833879,934,Y,OG1,L,AA
hRSV_SRR24833879,935,N,OG1,L,AA
hRSV_SRR24833879,936,Q,OG1,L,AA
hRSV_SRR24833879,937,I,OG1,L,AA
hRSV_SRR24833879,938,A,OG1,L,AA
hRSV_SRR24833879,939,L,OG1,L,AA
hRSV_SRR24833879,940,Q,OG1,L,AA
hRSV_SRR24833879,941,L,OG1,L,AA
hRSV_SRR24833879,942,K,OG1,L,AA
hRSV_SRR24833879,943,N,OG1,L,AA
hRSV_SRR24833879,944,H,OG1,L,AA
hRSV_SRR24833879,945,A,OG1,L,AA
hRSV_SRR24833879,946,L,OG1,L,AA
hRSV_SRR24833879,947,C,OG1,L,AA
hRSV_SRR24833879,948,N,OG1,L,AA
hRSV_SRR24833879,949,N,OG1,L,AA
hRSV_SRR24833879,950,K,OG1,L,AA
hRSV_SRR24833879,951,L,OG1,L,AA
hRSV_SRR24833879,952,Y,OG1,L,AA
hRSV_SRR24833879,953,L,OG1,L,AA
hRSV_SRR24833879,954,D,OG1,L,AA
hRSV_SRR24833879,955,I,OG1,L,AA
hRSV_SRR24833879,956,L,OG1,L,AA
hRSV_SRR24833879,957,K,OG1,L,AA
hRSV_SRR24833879,958,V,OG1,L,AA
hRSV_SRR24833879,959,L,OG1,L,AA
hRSV_SRR24833879,960,K,OG1,L,AA
hRSV_SRR24833879,961,H,OG1,L,AA
hRSV_SRR24833879,962,L,OG1,L,AA
hRSV_SRR24833879,963,K,OG1,L,AA
hRSV_SRR24833879,964,T,OG1,L,AA
hRSV_SRR24833879,965,F,OG1,L,AA
hRSV_SRR24833879,966,F,OG1,L,AA
hRSV_SRR24833879,967,N,OG1,L,AA
hRSV_SRR24833879,968,L,OG1,L,AA
hRSV_SRR24833879,969,D,OG1,L,AA
hRSV_SRR24833879,970,N,OG1,L,AA
hRSV_SRR24833879,971,I,OG1,L,AA
hRSV_SRR24833879,972,D,OG1,L,AA
hRSV_SRR24833879,973,T,OG1,L,AA
hRSV_SRR24833879,974,A,OG1,L,AA
hRSV_SRR24833879,975,L,OG1,L,AA
hRSV_SRR24833879,976,T,OG1,L,AA
hRSV_SRR24833879,977,L,OG1,L,AA
hRSV_SRR24833879,978,Y,OG1,L,AA
hRSV_SRR24833879,979,M,OG1,L,AA
hRSV_SRR24833879,980,N,OG1,L,AA
hRSV_SRR24833879,981,L,OG1,L,AA
hRSV_SRR24833879,982,P,OG1,L,AA
hRSV_SRR24833879,983,M,OG1,L,AA
hRSV_SRR24833879,984,L,OG1,L,AA
hRSV_SRR24833879,985,F,OG1,L,AA
hRSV_SRR24833879,986,G,OG1,L,AA
hRSV_SRR24833879,987,G,OG1,L,AA
hRSV_SRR24833879,988,G,OG1,L,AA
hRSV_SRR24833879,989,D,OG1,L,AA
hRSV_SRR24833879,990,P,OG1,L,AA
hRSV_SRR24833879,991,N,OG1,L,AA
hRSV_SRR24833879,992,L,OG1,L,AA
hRSV_SRR24833879,993,L,OG1,L,AA
hRSV_SRR24833879,994,Y,OG1,L,AA
hRSV_SRR24833879,995,R,OG1,L,AA
hRSV_SRR24833879,996,S,OG1,L,AA
hRSV_SRR24833879,997,F,OG1,L,AA
hRSV_SRR24833879,998,Y,OG1,L,AA
hRSV_SRR24833879,999,R,OG1,L,AA
hRSV_SRR24833879,1000,R,OG1,L,AA
hRSV_SRR24833879,1001,T,OG1,L,AA
hRSV_SRR24833879,1002,P,OG1,L,AA
hRSV_SRR24833879,1003,D,OG1,L,AA
hRSV_SRR24833879,1004,F,OG1,L,AA
hRSV_SRR24833879,1005,L,OG1,L,AA
hRSV_SRR24833879,1006,T,OG1,L,AA
hRSV_SRR24833879,1007,E,OG1,L,AA
hRSV_SRR24833879,1008,A,OG1,L,AA
hRSV_SRR24833879,1009,I,OG1,L,AA
hRSV_SRR24833879,1010,V,OG1,L,AA
hRSV_SRR24833879,1011,H,OG1,L,AA
hRSV_SRR24833879,1012,S,OG1,L,AA
hRSV_SRR24833879,1013,V,OG1,L,AA
hRSV_SRR24833879,1014,F,OG1,L,AA
hRSV_SRR24833879,1015,I,OG1,L,AA
hRSV_SRR24833879,1016,L,OG1,L,AA
hRSV_SRR24833879,1017,S,OG1,L,AA
hRSV_SRR24833879,1018,Y,OG1,L,AA
hRSV_SRR24833879,1019,Y,OG1,L,AA
hRSV_SRR24833879,1020,T,OG1,L,AA
hRSV_SRR24833879,1021,N,OG1,L,AA
hRSV_SRR24833879,1022,H,OG1,L,AA
hRSV_SRR24833879,1023,D,OG1,L,AA
hRSV_SRR24833879,1024,L,OG1,L,AA
hRSV_SRR24833879,1025,K,OG1,L,AA
hRSV_SRR24833879,1026,D,OG1,L,AA
hRSV_SRR24833879,1027,K,OG1,L,AA
hRSV_SRR24833879,1028,L,OG1,L,AA
hRSV_SRR24833879,1029,Q,OG1,L,AA
hRSV_SRR24833879,1030,D,OG1,L,AA
hRSV_SRR24833879,1031,L,OG1,L,AA
hRSV_SRR24833879,1032,S,OG1,L,AA
hRSV_SRR24833879,1033,D,OG1,L,AA
hRSV_SRR24833879,1034,D,OG1,L,AA
hRSV_SRR24833879,1035,R,OG1,L,AA
hRSV_SRR24833879,1036,L,OG1,L,AA
hRSV_SRR24833879,1037,N,OG1,L,AA
hRSV_SRR24833879,1038,K,OG1,L,AA
hRSV_SRR24833879,1039,F,OG1,L,AA
hRSV_SRR24833879,1040,L,OG1,L,AA
hRSV_SRR24833879,1041,T,OG1,L,AA
hRSV_SRR24833879,1042,C,OG1,L,AA
hRSV_SRR24833879,1043,I,OG1,L,AA
hRSV_SRR24833879,1044,I,OG1,L,AA
hRSV_SRR24833879,1045,T,OG1,L,AA
hRSV_SRR24833879,1046,F,OG1,L,AA
hRSV_SRR24833879,1047,D,OG1,L,AA
hRSV_SRR24833879,1048,K,OG1,L,AA
hRSV_SRR24833879,1049,N,OG1,L,AA
hRSV_SRR24833879,1050,P,OG1,L,AA
hRSV_SRR24833879,1051,N,OG1,L,AA
hRSV_SRR24833879,1052,A,OG1,L,AA
hRSV_SRR24833879,1053,E,OG1,L,AA
hRSV_SRR24833879,1054,F,OG1,L,AA
hRSV_SRR24833879,1055,V,OG1,L,AA
hRSV_SRR24833879,1056,T,OG1,L,AA
hRSV_SRR24833879,1057,L,OG1,L,AA
hRSV_SRR24833879,1058,M,OG1,L,AA
hRSV_SRR24833879,1059,R,OG1,L,AA
hRSV_SRR24833879,1060,D,OG1,L,AA
hRSV_SRR24833879,1061,P,OG1,L,AA
hRSV_SRR24833879,1062,Q,OG1,L,AA
hRSV_SRR24833879,1063,A,OG1,L,AA
hRSV_SRR24833879,1064,L,OG1,L,AA
hRSV_SRR24833879,1065,G,OG1,L,AA
hRSV_SRR24833879,1066,S,OG1,L,AA
hRSV_SRR24833879,1067,E,OG1,L,AA
hRSV_SRR24833879,1068,R,OG1,L,AA
hRSV_SRR24833879,1069,Q,OG1,L,AA
hRSV_SRR24833879,1070,A,OG1,L,AA
hRSV_SRR24833879,1071,K,OG1,L,AA
hRSV_SRR24833879,1072,I,OG1,L,AA
hRSV_SRR24833879,1073,T,OG1,L,AA
hRSV_SRR24833879,1074,S,OG1,L,AA
hRSV_SRR24833879,1075,E,OG1,L,AA
hRSV_SRR24833879,1076,I,OG1,L,AA
hRSV_SRR24833879,1077,N,OG1,L,AA
hRSV_SRR24833879,1078,R,OG1,L,AA
hRSV_SRR24833879,1079,L,OG1,L,AA
hRSV_SRR24833879,1080,A,OG1,L,AA
hRSV_SRR24833879,1081,V,OG1,L,AA
hRSV_SRR24833879,1082,T,OG1,L,AA
hRSV_SRR24833879,1083,E,OG1,L,AA
hRSV_SRR24833879,1084,V,OG1,L,AA
hRSV_SRR24833879,1085,L,OG1,L,AA
hRSV_SRR24833879,1086,S,OG1,L,AA
hRSV_SRR24833879,1087,T,OG1,L,AA
hRSV_SRR24833879,1088,A,OG1,L,AA
hRSV_SRR24833879,1089,P,OG1,L,AA
hRSV_SRR24833879,1090,N,OG1,L,AA
hRSV_SRR24833879,1091,K,OG1,L,AA
hRSV_SRR24833879,1092,I,OG1,L,AA
hRSV_SRR24833879,1093,F,OG1,L,AA
hRSV_SRR24833879,1094,S,OG1,L,AA
hRSV_SRR24833879,1095,K,OG1,L,AA
hRSV_SRR24833879,1096,S,OG1,L,AA
hRSV_SRR24833879,1097,A,OG1,L,AA
hRSV_SRR24833879,1098,Q,OG1,L,AA
hRSV_SRR24833879,1099,H,OG1,L,AA
hRSV_SRR24833879,1100,Y,OG1,L,AA
hRSV_SRR24833879,1101,T,OG1,L,AA
hRSV_SRR24833879,1102,T,OG1,L,AA
hRSV_SRR24833879,1103,T,OG1,L,AA
hRSV_SRR24833879,1104,E,OG1,L,AA
hRSV_SRR24833879,1105,I,OG1,L,AA
hRSV_SRR24833879,1106,D,OG1,L,AA
hRSV_SRR24833879,1107,L,OG1,L,AA
hRSV_SRR24833879,1108,N,OG1,L,AA
hRSV_SRR24833879,1109,D,OG1,L,AA
hRSV_SRR24833879,1110,I,OG1,L,AA
hRSV_SRR24833879,1111,M,OG1,L,AA
hRSV_SRR24833879,1112,Q,OG1,L,AA
hRSV_SRR24833879,1113,N,OG1,L,AA
hRSV_SRR24833879,1114,I,OG1,L,AA
hRSV_SRR24833879,1115,E,OG1,L,AA
hRSV_SRR24833879,1116,P,OG1,L,AA
hRSV_SRR24833879,1117,T,OG1,L,AA
hRSV_SRR24833879,1118,Y,OG1,L,AA
hRSV_SRR24833879,1119,P,OG1,L,AA
hRSV_SRR24833879,1120,H,OG1,L,AA
hRSV_SRR24833879,1121,G,OG1,L,AA
hRSV_SRR24833879,1122,L,OG1,L,AA
hRSV_SRR24833879,1123,R,OG1,L,AA
hRSV_SRR24833879,1124,V,OG1,L,AA
hRSV_SRR24833879,1125,V,OG1,L,AA
hRSV_SRR24833879,1126,Y,OG1,L,AA
hRSV_SRR24833879,1127,E,OG1,L,AA
hRSV_SRR24833879,1128,S,OG1,L,AA
hRSV_SRR24833879,1129,L,OG1,L,AA
hRSV_SRR24833879,1130,P,OG1,L,AA
hRSV_SRR24833879,1131,F,OG1,L,AA
hRSV_SRR24833879,1132,Y,OG1,L,AA
hRSV_SRR24833879,1133,K,OG1,L,AA
hRSV_SRR24833879,1134,A,OG1,L,AA
hRSV_SRR24833879,1135,E,OG1,L,AA
hRSV_SRR24833879,1136,K,OG1,L,AA
hRSV_SRR24833879,1137,I,OG1,L,AA
hRSV_SRR24833879,1138,V,OG1,L,AA
hRSV_SRR24833879,1139,N,OG1,L,AA
hRSV_SRR24833879,1140,L,OG1,L,AA
hRSV_SRR24833879,1141,I,OG1,L,AA
hRSV_SRR24833879,1142,S,OG1,L,AA
hRSV_SRR24833879,1143,G,OG1,L,AA
hRSV_SRR24833879,1144,T,OG1,L,AA
hRSV_SRR24833879,1145,K,OG1,L,AA
hRSV_SRR24833879,1146,S,OG1,L,AA
hRSV_SRR24833879,1147,I,OG1,L,AA
hRSV_SRR24833879,1148,T,OG1,L,AA
hRSV_SRR24833879,1149,N,OG1,L,AA
hRSV_SRR24833879,1150,I,OG1,L,AA
hRSV_SRR24833879,1151,L,OG1,L,AA
hRSV_SRR24833879,1152,E,OG1,L,AA
hRSV_SRR24833879,1153,K,OG1,L,AA
hRSV_SRR24833879,1154,T,OG1,L,AA
hRSV_SRR24833879,1155,S,OG1,L,AA
hRSV_SRR24833879,1156,A,OG1,L,AA
hRSV_SRR24833879,1157,I,OG1,L,AA
hRSV_SRR24833879,1158,D,OG1,L,AA
hRSV_SRR24833879,1159,L,OG1,L,AA
hRSV_SRR24833879,1160,T,OG1,L,AA
hRSV_SRR24833879,1161,D,OG1,L,AA
hRSV_SRR24833879,1162,I,OG1,L,AA
hRSV_SRR24833879,1163,D,OG1,L,AA
hRSV_SRR24833879,1164,R,OG1,L,AA
hRSV_SRR24833879,1165,A,OG1,L,AA
hRSV_SRR24833879,1166,T,OG1,L,AA
hRSV_SRR24833879,1167,E,OG1,L,AA
hRSV_SRR24833879,1168,M,OG1,L,AA
hRSV_SRR24833879,1169,M,OG1,L,AA
hRSV_SRR24833879,1170,R,OG1,L,AA
hRSV_SRR24833879,1171,K,OG1,L,AA
hRSV_SRR24833879,1172,N,OG1,L,AA
hRSV_SRR24833879,1173,I,OG1,L,AA
hRSV_SRR24833879,1174,T,OG1,L,AA
hRSV_SRR24833879,1175,L,OG1,L,AA
hRSV_SRR24833879,1176,L,OG1,L,AA
hRSV_SRR24833879,1177,I,OG1,L,AA
hRSV_SRR24833879,1178,R,OG1,L,AA
hRSV_SRR24833879,1179,I,OG1,L,AA
hRSV_SRR24833879,1180,L,OG1,L,AA
hRSV_SRR24833879,1181,P,OG1,L,AA
hRSV_SRR24833879,1182,L,OG1,L,AA
hRSV_SRR24833879,1183,D,OG1,L,AA
hRSV_SRR24833879,1184,C,OG1,L,AA
hRSV_SRR24833879,1185,N,OG1,L,AA
hRSV_SRR24833879,1186,R,OG1,L,AA
hRSV_SRR24833879,1187,D,OG1,L,AA
hRSV_SRR24833879,1188,K,OG1,L,AA
hRSV_SRR24833879,1189,R,OG1,L,AA
hRSV_SRR24833879,1190,E,OG1,L,AA
hRSV_SRR24833879,1191,I,OG1,L,AA
hRSV_SRR24833879,1192,L,OG1,L,AA
hRSV_SRR24833879,1193,S,OG1,L,AA
hRSV_SRR24833879,1194,M,OG1,L,AA
hRSV_SRR24833879,1195,E,OG1,L,AA
hRSV_SRR24833879,1196,N,OG1,L,AA
hRSV_SRR24833879,1197,L,OG1,L,AA
hRSV_SRR24833879,1198,S,OG1,L,AA
hRSV_SRR24833879,1199,I,OG1,L,AA
hRSV_SRR24833879,1200,T,OG1,L,AA
hRSV_SRR24833879,1201,E,OG1,L,AA
hRSV_SRR24833879,1202,L,OG1,L,AA
hRSV_SRR24833879,1203,S,OG1,L,AA
hRSV_SRR24833879,1204,K,OG1,L,AA
hRSV_SRR24833879,1205,Y,OG1,L,AA
hRSV_SRR24833879,1206,V,OG1,L,AA
hRSV_SRR24833879,1207,R,OG1,L,AA
hRSV_SRR24833879,1208,E,OG1,L,AA
hRSV_SRR24833879,1209,R,OG1,L,AA
hRSV_SRR24833879,1210,S,OG1,L,AA
hRSV_SRR24833879,1211,W,OG1,L,AA
hRSV_SRR24833879,1212,S,OG1,L,AA
hRSV_SRR24833879,1213,L,OG1,L,AA
hRSV_SRR24833879,1214,S,OG1,L,AA
hRSV_SRR24833879,1215,N,OG1,L,AA
hRSV_SRR24833879,1216,I,OG1,L,AA
hRSV_SRR24833879,1217,V,OG1,L,AA
hRSV_SRR24833879,1218,G,OG1,L,AA
hRSV_SRR24833879,1219,V,OG1,L,AA
hRSV_SRR24833879,1220,T,OG1,L,AA
hRSV_SRR24833879,1221,S,OG1,L,AA
hRSV_SRR24833879,1222,P,OG1,L,AA
hRSV_SRR24833879,1223,S,OG1,L,AA
hRSV_SRR24833879,1224,I,OG1,L,AA
hRSV_SRR24833879,1225,M,OG1,L,AA
hRSV_SRR24833879,1226,Y,OG1,L,AA
hRSV_SRR24833879,1227,T,OG1,L,AA
hRSV_SRR24833879,1228,M,OG1,L,AA
hRSV_SRR24833879,1229,D,OG1,L,AA
hRSV_SRR24833879,1230,I,OG1,L,AA
hRSV_SRR24833879,1231,K,OG1,L,AA
hRSV_SRR24833879,1232,Y,OG1,L,AA
hRSV_SRR24833879,1233,T,OG1,L,AA
hRSV_SRR24833879,1234,T,OG1,L,AA
hRSV_SRR24833879,1235,S,OG1,L,AA
hRSV_SRR24833879,1236,T,OG1,L,AA
hRSV_SRR24833879,1237,I,OG1,L,AA
hRSV_SRR24833879,1238,A,OG1,L,AA
hRSV_SRR24833879,1239,S,OG1,L,AA
hRSV_SRR24833879,1240,G,OG1,L,AA
hRSV_SRR24833879,1241,I,OG1,L,AA
hRSV_SRR24833879,1242,I,OG1,L,AA
hRSV_SRR24833879,1243,I,OG1,L,AA
hRSV_SRR24833879,1244,E,OG1,L,AA
hRSV_SRR24833879,1245,K,OG1,L,AA
hRSV_SRR24833879,1246,Y,OG1,L,AA
hRSV_SRR24833879,1247,N,OG1,L,AA
hRSV_SRR24833879,1248,V,OG1,L,AA
hRSV_SRR24833879,1249,N,OG1,L,AA
hRSV_SRR24833879,1250,S,OG1,L,AA
hRSV_SRR24833879,1251,L,OG1,L,AA
hRSV_SRR24833879,1252,T,OG1,L,AA
hRSV_SRR24833879,1253,R,OG1,L,AA
hRSV_SRR24833879,1254,G,OG1,L,AA
hRSV_SRR24833879,1255,E,OG1,L,AA
hRSV_SRR24833879,1256,R,OG1,L,AA
hRSV_SRR24833879,1257,G,OG1,L,AA
hRSV_SRR24833879,1258,P,OG1,L,AA
hRSV_SRR24833879,1259,T,OG1,L,AA
hRSV_SRR24833879,1260,K,OG1,L,AA
hRSV_SRR24833879,1261,P,OG1,L,AA
hRSV_SRR24833879,1262,W,OG1,L,AA
hRSV_SRR24833879,1263,V,OG1,L,AA
hRSV_SRR24833879,1264,G,OG1,L,AA
hRSV_SRR24833879,1265,S,OG1,L,AA
hRSV_SRR24833879,1266,S,OG1,L,AA
hRSV_SRR24833879,1267,T,OG1,L,AA
hRSV_SRR24833879,1268,Q,OG1,L,AA
hRSV_SRR24833879,1269,E,OG1,L,AA
hRSV_SRR24833879,1270,K,OG1,L,AA
hRSV_SRR24833879,1271,K,OG1,L,AA
hRSV_SRR24833879,1272,T,OG1,L,AA
hRSV_SRR24833879,1273,M,OG1,L,AA
hRSV_SRR24833879,1274,P,OG1,L,AA
hRSV_SRR24833879,1275,V,OG1,L,AA
hRSV_SRR24833879,1276,Y,OG1,L,AA
hRSV_SRR24833879,1277,N,OG1,L,AA
hRSV_SRR24833879,1278,R,OG1,L,AA
hRSV_SRR24833879,1279,Q,OG1,L,AA
hRSV_SRR24833879,1280,V,OG1,L,AA
hRSV_SRR24833879,1281,L,OG1,L,AA
hRSV_SRR24833879,1282,T,OG1,L,AA
hRSV_SRR24833879,1283,K,OG1,L,AA
hRSV_SRR24833879,1284,K,OG1,L,AA
hRSV_SRR24833879,1285,Q,OG1,L,AA
hRSV_SRR24833879,1286,R,OG1,L,AA
hRSV_SRR24833879,1287,D,OG1,L,AA
hRSV_SRR24833879,1288,Q,OG1,L,AA
hRSV_SRR24833879,1289,I,OG1,L,AA
hRSV_SRR24833879,1290,D,OG1,L,AA
hRSV_SRR24833879,1291,L,OG1,L,AA
hRSV_SRR24833879,1292,L,OG1,L,AA
hRSV_SRR24833879,1293,A,OG1,L,AA
hRSV_SRR24833879,1294,K,OG1,L,AA
hRSV_SRR24833879,1295,L,OG1,L,AA
hRSV_SRR24833879,1296,D,OG1,L,AA
hRSV_SRR24833879,1297,W,OG1,L,AA
hRSV_SRR24833879,1298,V,OG1,L,AA
hRSV_SRR24833879,1299,Y,OG1,L,AA
hRSV_SRR24833879,1300,A,OG1,L,AA
hRSV_SRR24833879,1301,S,OG1,L,AA
hRSV_SRR24833879,1302,I,OG1,L,AA
hRSV_SRR24833879,1303,D,OG1,L,AA
hRSV_SRR24833879,1304,N,OG1,L,AA
hRSV_SRR24833879,1305,K,OG1,L,AA
hRSV_SRR24833879,1306,D,OG1,L,AA
hRSV_SRR24833879,1307,E,OG1,L,AA
hRSV_SRR24833879,1308,F,OG1,L,AA
hRSV_SRR24833879,1309,M,OG1,L,AA
hRSV_SRR24833879,1310,E,OG1,L,AA
hRSV_SRR24833879,1311,E,OG1,L,AA
hRSV_SRR24833879,1312,L,OG1,L,AA
hRSV_SRR24833879,1313,S,OG1,L,AA
hRSV_SRR24833879,1314,I,OG1,L,AA
hRSV_SRR24833879,1315,G,OG1,L,AA
hRSV_SRR24833879,1316,T,OG1,L,AA
hRSV_SRR24833879,1317,L,OG1,L,AA
hRSV_SRR24833879,1318,G,OG1,L,AA
hRSV_SRR24833879,1319,L,OG1,L,AA
hRSV_SRR24833879,1320,T,OG1,L,AA
hRSV_SRR24833879,1321,Y,OG1,L,AA
hRSV_SRR24833879,1322,E,OG1,L,AA
hRSV_SRR24833879,1323,K,OG1,L,AA
hRSV_SRR24833879,1324,A,OG1,L,AA
hRSV_SRR24833879,1325,K,OG1,L,AA
hRSV_SRR24833879,1326,K,OG1,L,AA
hRSV_SRR24833879,1327,L,OG1,L,AA
hRSV_SRR24833879,1328,F,OG1,L,AA
hRSV_SRR24833879,1329,P,OG1,L,AA
hRSV_SRR24833879,1330,Q,OG1,L,AA
hRSV_SRR24833879,1331,Y,OG1,L,AA
hRSV_SRR24833879,1332,L,OG1,L,AA
hRSV_SRR24833879,1333,S,OG1,L,AA
hRSV_SRR24833879,1334,V,OG1,L,AA
hRSV_SRR24833879,1335,N,OG1,L,AA
hRSV_SRR24833879,1336,Y,OG1,L,AA
hRSV_SRR24833879,1337,L,OG1,L,AA
hRSV_SRR24833879,1338,H,OG1,L,AA
hRSV_SRR24833879,1339,R,OG1,L,AA
hRSV_SRR24833879,1340,L,OG1,L,AA
hRSV_SRR24833879,1341,T,OG1,L,AA
hRSV_SRR24833879,1342,V,OG1,L,AA
hRSV_SRR24833879,1343,S,OG1,L,AA
hRSV_SRR24833879,1344,S,OG1,L,AA
hRSV_SRR24833879,1345,R,OG1,L,AA
hRSV_SRR24833879,1346,P,OG1,L,AA
hRSV_SRR24833879,1347,C,OG1,L,AA
hRSV_SRR24833879,1348,E,OG1,L,AA
hRSV_SRR24833879,1349,F,OG1,L,AA
hRSV_SRR24833879,1350,P,OG1,L,AA
hRSV_SRR24833879,1351,A,OG1,L,AA
hRSV_SRR24833879,1352,S,OG1,L,AA
hRSV_SRR24833879,1353,I,OG1,L,AA
hRSV_SRR24833879,1354,P,OG1,L,AA
hRSV_SRR24833879,1355,A,OG1,L,AA
hRSV_SRR24833879,1356,Y,OG1,L,AA
hRSV_SRR24833879,1357,R,OG1,L,AA
hRSV_SRR24833879,1358,T,OG1,L,AA
hRSV_SRR24833879,1359,T,OG1,L,AA
hRSV_SRR24833879,1360,N,OG1,L,AA
hRSV_SRR24833879,1361,Y,OG1,L,AA
hRSV_SRR24833879,1362,H,OG1,L,AA
hRSV_SRR24833879,1363,F,OG1,L,AA
hRSV_SRR24833879,1364,D,OG1,L,AA
hRSV_SRR24833879,1365,T,OG1,L,AA
hRSV_SRR24833879,1366,S,OG1,L,AA
hRSV_SRR24833879,1367,P,OG1,L,AA
hRSV_SRR24833879,1368,I,OG1,L,AA
hRSV_SRR24833879,1369,N,OG1,L,AA
hRSV_SRR24833879,1370,R,OG1,L,AA
hRSV_SRR24833879,1371,I,OG1,L,AA
hRSV_SRR24833879,1372,L,OG1,L,AA
hRSV_SRR24833879,1373,T,OG1,L,AA
hRSV_SRR24833879,1374,E,OG1,L,AA
hRSV_SRR24833879,1375,K,OG1,L,AA
hRSV_SRR24833879,1376,Y,OG1,L,AA
hRSV_SRR24833879,1377,G,OG1,L,AA
hRSV_SRR24833879,1378,D,OG1,L,AA
hRSV_SRR24833879,1379,E,OG1,L,AA
hRSV_SRR24833879,1380,D,OG1,L,AA
hRSV_SRR24833879,1381,I,OG1,L,AA
hRSV_SRR24833879,1382,D,OG1,L,AA
hRSV_SRR24833879,1383,I,OG1,L,AA
hRSV_SRR24833879,1384,V,OG1,L,AA
hRSV_SRR24833879,1385,F,OG1,L,AA
hRSV_SRR24833879,1386,Q,OG1,L,AA
hRSV_SRR24833879,1387,N,OG1,L,AA
hRSV_SRR24833879,1388,C,OG1,L,AA
hRSV_SRR24833879,1389,I,OG1,L,AA
hRSV_SRR24833879,1390,S,OG1,L,AA
hRSV_SRR24833879,1391,F,OG1,L,AA
hRSV_SRR24833879,1392,G,OG1,L,AA
hRSV_SRR24833879,1393,L,OG1,L,AA
hRSV_SRR24833879,1394,S,OG1,L,AA
hRSV_SRR24833879,1395,L,OG1,L,AA
hRSV_SRR24833879,1396,M,OG1,L,AA
hRSV_SRR24833879,1397,S,OG1,L,AA
hRSV_SRR24833879,1398,V,OG1,L,AA
hRSV_SRR24833879,1399,V,OG1,L,AA
hRSV_SRR24833879,1400,E,OG1,L,AA
hRSV_SRR24833879,1401,Q,OG1,L,AA
hRSV_SRR24833879,1402,F,OG1,L,AA
hRSV_SRR24833879,1403,T,OG1,L,AA
hRSV_SRR24833879,1404,N,OG1,L,AA
hRSV_SRR24833879,1405,V,OG1,L,AA
hRSV_SRR24833879,1406,C,OG1,L,AA
hRSV_SRR24833879,1407,P,OG1,L,AA
hRSV_SRR24833879,1408,N,OG1,L,AA
hRSV_SRR24833879,1409,R,OG1,L,AA
hRSV_SRR24833879,1410,I,OG1,L,AA
hRSV_SRR24833879,1411,I,OG1,L,AA
hRSV_SRR24833879,1412,L,OG1,L,AA
hRSV_SRR24833879,1413,I,OG1,L,AA
hRSV_SRR24833879,1414,P,OG1,L,AA
hRSV_SRR24833879,1415,K,OG1,L,AA
hRSV_SRR24833879,1416,L,OG1,L,AA
hRSV_SRR24833879,1417,N,OG1,L,AA
hRSV_SRR24833879,1418,E,OG1,L,AA
hRSV_SRR24833879,1419,I,OG1,L,AA
hRSV_SRR24833879,1420,H,OG1,L,AA
hRSV_SRR24833879,1421,L,OG1,L,AA
hRSV_SRR24833879,1422,M,OG1,L,AA
hRSV_SRR24833879,1423,K,OG1,L,AA
hRSV_SRR24833879,1424,P,OG1,L,AA
hRSV_SRR24833879,1425,P,OG1,L,AA
hRSV_SRR24833879,1426,I,OG1,L,AA
hRSV_SRR24833879,1427,F,OG1,L,AA
hRSV_SRR24833879,1428,T,OG1,L,AA
hRSV_SRR24833879,1429,G,OG1,L,AA
hRSV_SRR24833879,1430,D,OG1,L,AA
hRSV_SRR24833879,1431,V,OG1,L,AA
hRSV_SRR24833879,1432,D,OG1,L,AA
hRSV_SRR24833879,1433,I,OG1,L,AA
hRSV_SRR24833879,1434,H,OG1,L,AA
hRSV_SRR24833879,1435,K,OG1,L,AA
hRSV_SRR24833879,1436,L,OG1,L,AA
hRSV_SRR24833879,1437,K,OG1,L,AA
hRSV_SRR24833879,1438,Q,OG1,L,AA
hRSV_SRR24833879,1439,V,OG1,L,AA
hRSV_SRR24833879,1440,I,OG1,L,AA
hRSV_SRR24833879,1441,Q,OG1,L,AA
hRSV_SRR24833879,1442,K,OG1,L,AA
hRSV_SRR24833879,1443,Q,OG1,L,AA
hRSV_SRR24833879,1444,H,OG1,L,AA
hRSV_SRR24833879,1445,M,OG1,L,AA
hRSV_SRR24833879,1446,F,OG1,L,AA
hRSV_SRR24833879,1447,L,OG1,L,AA
hRSV_SRR24833879,1448,P,OG1,L,AA
hRSV_SRR24833879,1449,D,OG1,L,AA
hRSV_SRR24833879,1450,K,OG1,L,AA
hRSV_SRR24833879,1451,I,OG1,L,AA
hRSV_SRR24833879,1452,S,OG1,L,AA
hRSV_SRR24833879,1453,L,OG1,L,AA
hRSV_SRR24833879,1454,T,OG1,L,AA
hRSV_SRR24833879,1455,Q,OG1,L,AA
hRSV_SRR24833879,1456,Y,OG1,L,AA
hRSV_SRR24833879,1457,V,OG1,L,AA
hRSV_SRR24833879,1458,E,OG1,L,AA
hRSV_SRR24833879,1459,L,OG1,L,AA
hRSV_SRR24833879,1460,F,OG1,L,AA
hRSV_SRR24833879,1461,L,OG1,L,AA
hRSV_SRR24833879,1462,S,OG1,L,AA
hRSV_SRR24833879,1463,N,OG1,L,AA
hRSV_SRR24833879,1464,-,OG1,L,AA
hRSV_SRR24833879,1465,K,OG1,L,AA
hRSV_SRR24833879,1466,T,OG1,L,AA
hRSV_SRR24833879,1467,L,OG1,L,AA
hRSV_SRR24833879,1468,K,OG1,L,AA
hRSV_SRR24833879,1469,S,OG1,L,AA
hRSV_SRR24833879,1470,G,OG1,L,AA
hRSV_SRR24833879,1471,S,OG1,L,AA
hRSV_SRR24833879,1472,N,OG1,L,AA
hRSV_SRR24833879,1473,V,OG1,L,AA
hRSV_SRR24833879,1474,N,OG1,L,AA
hRSV_SRR24833879,1475,S,OG1,L,AA
hRSV_SRR24833879,1476,N,OG1,L,AA
hRSV_SRR24833879,1477,L,OG1,L,AA
hRSV_SRR24833879,1478,I,OG1,L,AA
hRSV_SRR24833879,1479,L,OG1,L,AA
hRSV_SRR24833879,1480,A,OG1,L,AA
hRSV_SRR24833879,1481,H,OG1,L,AA
hRSV_SRR24833879,1482,K,OG1,L,AA
hRSV_SRR24833879,1483,I,OG1,L,AA
hRSV_SRR24833879,1484,S,OG1,L,AA
hRSV_SRR24833879,1485,D,OG1,L,AA
hRSV_SRR24833879,1486,Y,OG1,L,AA
hRSV_SRR24833879,1487,F,OG1,L,AA
hRSV_SRR24833879,1488,H,OG1,L,AA
hRSV_SRR24833879,1489,N,OG1,L,AA
hRSV_SRR24833879,1490,T,OG1,L,AA
hRSV_SRR24833879,1491,Y,OG1,L,AA
hRSV_SRR24833879,1492,I,OG1,L,AA
hRSV_SRR24833879,1493,-,OG1,L,AA
hRSV_SRR24833879,1494,-,OG1,L,AA
hRSV_SRR24833879,1495,-,OG1,L,AA
hRSV_SRR24833879,1496,L,OG1,L,AA
hRSV_SRR24833879,1497,S,OG1,L,AA
hRSV_SRR24833879,1498,T,OG1,L,AA
hRSV_SRR24833879,1499,N,OG1,L,AA
hRSV_SRR24833879,1500,L,OG1,L,AA
hRSV_SRR24833879,1501,A,OG1,L,AA
hRSV_SRR24833879,1502,G,OG1,L,AA
hRSV_SRR24833879,1503,H,OG1,L,AA
hRSV_SRR24833879,1504,W,OG1,L,AA
hRSV_SRR24833879,1505,I,OG1,L,AA
hRSV_SRR24833879,1506,L,OG1,L,AA
hRSV_SRR24833879,1507,I,OG1,L,AA
hRSV_SRR24833879,1508,I,OG1,L,AA
hRSV_SRR24833879,1509,Q,OG1,L,AA
hRSV_SRR24833879,1510,L,OG1,L,AA
hRSV_SRR24833879,1511,M,OG1,L,AA
hRSV_SRR24833879,1512,K,OG1,L,AA
hRSV_SRR24833879,1513,D,OG1,L,AA
hRSV_SRR24833879,1514,S,OG1,L,AA
hRSV_SRR24833879,1515,K,OG1,L,AA
hRSV_SRR24833879,1516,G,OG1,L,AA
hRSV_SRR24833879,1517,I,OG1,L,AA
hRSV_SRR24833879,1518,F,OG1,L,AA
hRSV_SRR24833879,1519,E,OG1,L,AA
hRSV_SRR24833879,1520,K,OG1,L,AA
hRSV_SRR24833879,1521,D,OG1,L,AA
hRSV_SRR24833879,1522,W,OG1,L,AA
hRSV_SRR24833879,1523,G,OG1,L,AA
hRSV_SRR24833879,1524,E,OG1,L,AA
hRSV_SRR24833879,1525,G,OG1,L,AA
hRSV_SRR24833879,1526,Y,OG1,L,AA
hRSV_SRR24833879,1527,I,OG1,L,AA
hRSV_SRR24833879,1528,T,OG1,L,AA
hRSV_SRR24833879,1529,D,OG1,L,AA
hRSV_SRR24833879,1530,H,OG1,L,AA
hRSV_SRR24833879,1531,M,OG1,L,AA
hRSV_SRR24833879,1532,F,OG1,L,AA
hRSV_SRR24833879,1533,I,OG1,L,AA
hRSV_SRR24833879,1534,N,OG1,L,AA
hRSV_SRR24833879,1535,L,OG1,L,AA
hRSV_SRR24833879,1536,K,OG1,L,AA
hRSV_SRR24833879,1537,V,OG1,L,AA
hRSV_SRR24833879,1538,F,OG1,L,AA
hRSV_SRR24833879,1539,F,OG1,L,AA
hRSV_SRR24833879,1540,N,OG1,L,AA
hRSV_SRR24833879,1541,A,OG1,L,AA
hRSV_SRR24833879,1542,Y,OG1,L,AA
hRSV_SRR24833879,1543,K,OG1,L,AA
hRSV_SRR24833879,1544,T,OG1,L,AA
hRSV_SRR24833879,1545,Y,OG1,L,AA
hRSV_SRR24833879,1546,L,OG1,L,AA
hRSV_SRR24833879,1547,L,OG1,L,AA
hRSV_SRR24833879,1548,C,OG1,L,AA
hRSV_SRR24833879,1549,F,OG1,L,AA
hRSV_SRR24833879,1550,H,OG1,L,AA
hRSV_SRR24833879,1551,K,OG1,L,AA
hRSV_SRR24833879,1552,G,OG1,L,AA
hRSV_SRR24833879,1553,Y,OG1,L,AA
hRSV_SRR24833879,1554,G,OG1,L,AA
hRSV_SRR24833879,1555,R,OG1,L,AA
hRSV_SRR24833879,1556,A,OG1,L,AA
hRSV_SRR24833879,1557,K,OG1,L,AA
hRSV_SRR24833879,1558,L,OG1,L,AA
hRSV_SRR24833879,1559,E,OG1,L,AA
hRSV_SRR24833879,1560,C,OG1,L,AA
hRSV_SRR24833879,1561,D,OG1,L,AA
hRSV_SRR24833879,1562,M,OG1,L,AA
hRSV_SRR24833879,1563,N,OG1,L,AA
hRSV_SRR24833879,1564,T,OG1,L,AA
hRSV_SRR24833879,1565,S,OG1,L,AA
hRSV_SRR24833879,1566,D,OG1,L,AA
hRSV_SRR24833879,1567,L,OG1,L,AA
hRSV_SRR24833879,1568,L,OG1,L,AA
hRSV_SRR24833879,1569,C,OG1,L,AA
hRSV_SRR24833879,1570,V,OG1,L,AA
hRSV_SRR24833879,1571,L,OG1,L,AA
hRSV_SRR24833879,1572,E,OG1,L,AA
hRSV_SRR24833879,1573,L,OG1,L,AA
hRSV_SRR24833879,1574,I,OG1,L,AA
hRSV_SRR24833879,1575,D,OG1,L,AA
hRSV_SRR24833879,1576,S,OG1,L,AA
hRSV_SRR24833879,1577,S,OG1,L,AA
hRSV_SRR24833879,1578,Y,OG1,L,AA
hRSV_SRR24833879,1579,W,OG1,L,AA
hRSV_SRR24833879,1580,K,OG1,L,AA
hRSV_SRR24833879,1581,S,OG1,L,AA
hRSV_SRR24833879,1582,M,OG1,L,AA
hRSV_SRR24833879,1583,S,OG1,L,AA
hRSV_SRR24833879,1584,K,OG1,L,AA
hRSV_SRR24833879,1585,V,OG1,L,AA
hRSV_SRR24833879,1586,F,OG1,L,AA
hRSV_SRR24833879,1587,L,OG1,L,AA
hRSV_SRR24833879,1588,E,OG1,L,AA
hRSV_SRR24833879,1589,Q,OG1,L,AA
hRSV_SRR24833879,1590,K,OG1,L,AA
hRSV_SRR24833879,1591,V,OG1,L,AA
hRSV_SRR24833879,1592,I,OG1,L,AA
hRSV_SRR24833879,1593,K,OG1,L,AA
hRSV_SRR24833879,1594,Y,OG1,L,AA
hRSV_SRR24833879,1595,I,OG1,L,AA
hRSV_SRR24833879,1596,L,OG1,L,AA
hRSV_SRR24833879,1597,S,OG1,L,AA
hRSV_SRR24833879,1598,Q,OG1,L,AA
hRSV_SRR24833879,1599,D,OG1,L,AA
hRSV_SRR24833879,1600,A,OG1,L,AA
hRSV_SRR24833879,1601,S,OG1,L,AA
hRSV_SRR24833879,1602,L,OG1,L,AA
hRSV_SRR24833879,1603,H,OG1,L,AA
hRSV_SRR24833879,1604,R,OG1,L,AA
hRSV_SRR24833879,1605,V,OG1,L,AA
hRSV_SRR24833879,1606,K,OG1,L,AA
hRSV_SRR24833879,1607,G,OG1,L,AA
hRSV_SRR24833879,1608,C,OG1,L,AA
hRSV_SRR24833879,1609,H,OG1,L,AA
hRSV_SRR24833879,1610,S,OG1,L,AA
hRSV_SRR24833879,1611,F,OG1,L,AA
hRSV_SRR24833879,1612,K,OG1,L,AA
hRSV_SRR24833879,1613,L,OG1,L,AA
hRSV_SRR24833879,1614,W,OG1,L,AA
hRSV_SRR24833879,1615,F,OG1,L,AA
hRSV_SRR24833879,1616,L,OG1,L,AA
hRSV_SRR24833879,1617,K,OG1,L,AA
hRSV_SRR24833879,1618,R,OG1,L,AA
hRSV_SRR24833879,1619,L,OG1,L,AA
hRSV_SRR24833879,1620,N,OG1,L,AA
hRSV_SRR24833879,1621,V,OG1,L,AA
hRSV_SRR24833879,1622,A,OG1,L,AA
hRSV_SRR24833879,1623,E,OG1,L,AA
hRSV_SRR24833879,1624,F,OG1,L,AA
hRSV_SRR24833879,1625,T,OG1,L,AA
hRSV_SRR24833879,1626,V,OG1,L,AA
hRSV_SRR24833879,1627,C,OG1,L,AA
hRSV_SRR24833879,1628,P,OG1,L,AA
hRSV_SRR24833879,1629,W,OG1,L,AA
hRSV_SRR24833879,1630,V,OG1,L,AA
hRSV_SRR24833879,1631,V,OG1,L,AA
hRSV_SRR24833879,1632,N,OG1,L,AA
hRSV_SRR24833879,1633,I,OG1,L,AA
hRSV_SRR24833879,1634,D,OG1,L,AA
hRSV_SRR24833879,1635,Y,OG1,L,AA
hRSV_SRR24833879,1636,H,OG1,L,AA
hRSV_SRR24833879,1637,P,OG1,L,AA
hRSV_SRR24833879,1638,T,OG1,L,AA
hRSV_SRR24833879,1639,H,OG1,L,AA
hRSV_SRR24833879,1640,M,OG1,L,AA
hRSV_SRR24833879,1641,K,OG1,L,AA
hRSV_SRR24833879,1642,A,OG1,L,AA
hRSV_SRR24833879,1643,I,OG1,L,AA
hRSV_SRR24833879,1644,L,OG1,L,AA
hRSV_SRR24833879,1645,T,OG1,L,AA
hRSV_SRR24833879,1646,Y,OG1,L,AA
hRSV_SRR24833879,1647,I,OG1,L,AA
hRSV_SRR24833879,1648,D,OG1,L,AA
hRSV_SRR24833879,1649,L,OG1,L,AA
hRSV_SRR24833879,1650,V,OG1,L,AA
hRSV_SRR24833879,1651,R,OG1,L,AA
hRSV_SRR24833879,1652,M,OG1,L,AA
hRSV_SRR24833879,1653,G,OG1,L,AA
hRSV_SRR24833879,1654,L,OG1,L,AA
hRSV_SRR24833879,1655,I,OG1,L,AA
hRSV_SRR24833879,1656,N,OG1,L,AA
hRSV_SRR24833879,1657,V,OG1,L,AA
hRSV_SRR24833879,1658,D,OG1,L,AA
hRSV_SRR24833879,1659,R,OG1,L,AA
hRSV_SRR24833879,1660,I,OG1,L,AA
hRSV_SRR24833879,1661,Y,OG1,L,AA
hRSV_SRR24833879,1662,I,OG1,L,AA
hRSV_SRR24833879,1663,K,OG1,L,AA
hRSV_SRR24833879,1664,N,OG1,L,AA
hRSV_SRR24833879,1665,N,OG1,L,AA
hRSV_SRR24833879,1666,H,OG1,L,AA
hRSV_SRR24833879,1667,K,OG1,L,AA
hRSV_SRR24833879,1668,F,OG1,L,AA
hRSV_SRR24833879,1669,N,OG1,L,AA
hRSV_SRR24833879,1670,D,OG1,L,AA
hRSV_SRR24833879,1671,E,OG1,L,AA
hRSV_SRR24833879,1672,F,OG1,L,AA
hRSV_SRR24833879,1673,Y,OG1,L,AA
hRSV_SRR24833879,1674,T,OG1,L,AA
hRSV_SRR24833879,1675,S,OG1,L,AA
hRSV_SRR24833879,1676,N,OG1,L,AA
hRSV_SRR24833879,1677,L,OG1,L,AA
hRSV_SRR24833879,1678,F,OG1,L,AA
hRSV_SRR24833879,1679,Y,OG1,L,AA
hRSV_SRR24833879,1680,I,OG1,L,AA
hRSV_SRR24833879,1681,N,OG1,L,AA
hRSV_SRR24833879,1682,Y,OG1,L,AA
hRSV_SRR24833879,1683,N,OG1,L,AA
hRSV_SRR24833879,1684,F,OG1,L,AA
hRSV_SRR24833879,1685,S,OG1,L,AA
hRSV_SRR24833879,1686,D,OG1,L,AA
hRSV_SRR24833879,1687,N,OG1,L,AA
hRSV_SRR24833879,1688,T,OG1,L,AA
hRSV_SRR24833879,1689,H,OG1,L,AA
hRSV_SRR24833879,1690,L,OG1,L,AA
hRSV_SRR24833879,1691,L,OG1,L,AA
hRSV_SRR24833879,1692,T,OG1,L,AA
hRSV_SRR24833879,1693,K,OG1,L,AA
hRSV_SRR24833879,1694,H,OG1,L,AA
hRSV_SRR24833879,1695,I,OG1,L,AA
hRSV_SRR24833879,1696,R,OG1,L,AA
hRSV_SRR24833879,1697,I,OG1,L,AA
hRSV_SRR24833879,1698,A,OG1,L,AA
hRSV_SRR24833879,1699,N,OG1,L,AA
hRSV_SRR24833879,1700,S,OG1,L,AA
hRSV_SRR24833879,1701,E,OG1,L,AA
hRSV_SRR24833879,1702,L,OG1,L,AA
hRSV_SRR24833879,1703,E,OG1,L,AA
hRSV_SRR24833879,1704,S,OG1,L,AA
hRSV_SRR24833879,1705,N,OG1,L,AA
hRSV_SRR24833879,1706,Y,OG1,L,AA
hRSV_SRR24833879,1707,N,OG1,L,AA
hRSV_SRR24833879,1708,K,OG1,L,AA
hRSV_SRR24833879,1709,L,OG1,L,AA
hRSV_SRR24833879,1710,Y,OG1,L,AA
hRSV_SRR24833879,1711,H,OG1,L,AA
hRSV_SRR24833879,1712,P,OG1,L,AA
hRSV_SRR24833879,1713,T,OG1,L,AA
hRSV_SRR24833879,1714,P,OG1,L,AA
hRSV_SRR24833879,1715,E,OG1,L,AA
hRSV_SRR24833879,1716,T,OG1,L,AA
hRSV_SRR24833879,1717,L,OG1,L,AA
hRSV_SRR24833879,1718,E,OG1,L,AA
hRSV_SRR24833879,1719,N,OG1,L,AA
hRSV_SRR24833879,1720,I,OG1,L,AA
hRSV_SRR24833879,1721,L,OG1,L,AA
hRSV_SRR24833879,1722,T,OG1,L,AA
hRSV_SRR24833879,1723,N,OG1,L,AA
hRSV_SRR24833879,1724,P,OG1,L,AA
hRSV_SRR24833879,1725,V,OG1,L,AA
hRSV_SRR24833879,1726,K,OG1,L,AA
hRSV_SRR24833879,1727,S,OG1,L,AA
hRSV_SRR24833879,1728,N,OG1,L,AA
hRSV_SRR24833879,1729,G,OG1,L,AA
hRSV_SRR24833879,1730,K,OG1,L,AA
hRSV_SRR24833879,1731,K,OG1,L,AA
hRSV_SRR24833879,1732,T,OG1,L,AA
hRSV_SRR24833879,1733,L,OG1,L,AA
hRSV_SRR24833879,1734,S,OG1,L,AA
hRSV_SRR24833879,1735,D,OG1,L,AA
hRSV_SRR24833879,1736,Y,OG1,L,AA
hRSV_SRR24833879,1737,C,OG1,L,AA
hRSV_SRR24833879,1738,I,OG1,L,AA
hRSV_SRR24833879,1739,G,OG1,L,AA
hRSV_SRR24833879,1740,K,OG1,L,AA
hRSV_SRR24833879,1741,N,OG1,L,AA
hRSV_SRR24833879,1742,V,OG1,L,AA
hRSV_SRR24833879,1743,D,OG1,L,AA
hRSV_SRR24833879,1744,S,OG1,L,AA
hRSV_SRR24833879,1745,I,OG1,L,AA
hRSV_SRR24833879,1746,M,OG1,L,AA
hRSV_SRR24833879,1747,L,OG1,L,AA
hRSV_SRR24833879,1748,P,OG1,L,AA
hRSV_SRR24833879,1749,S,OG1,L,AA
hRSV_SRR24833879,1750,L,OG1,L,AA
hRSV_SRR24833879,1751,S,OG1,L,AA
hRSV_SRR24833879,1752,N,OG1,L,AA
hRSV_SRR24833879,1753,K,OG1,L,AA
hRSV_SRR24833879,1754,K,OG1,L,AA
hRSV_SRR24833879,1755,L,OG1,L,AA
hRSV_SRR24833879,1756,I,OG1,L,AA
hRSV_SRR24833879,1757,K,OG1,L,AA
hRSV_SRR24833879,1758,S,OG1,L,AA
hRSV_SRR24833879,1759,S,OG1,L,AA
hRSV_SRR24833879,1760,T,OG1,L,AA
hRSV_SRR24833879,1761,M,OG1,L,AA
hRSV_SRR24833879,1762,-,OG1,L,AA
hRSV_SRR24833879,1763,I,OG1,L,AA
hRSV_SRR24833879,1764,R,OG1,L,AA
hRSV_SRR24833879,1765,T,OG1,L,AA
hRSV_SRR24833879,1766,N,OG1,L,AA
hRSV_SRR24833879,1767,Y,OG1,L,AA
hRSV_SRR24833879,1768,S,OG1,L,AA
hRSV_SRR24833879,1769,R,OG1,L,AA
hRSV_SRR24833879,1770,Q,OG1,L,AA
hRSV_SRR24833879,1771,D,OG1,L,AA
hRSV_SRR24833879,1772,L,OG1,L,AA
hRSV_SRR24833879,1773,Y,OG1,L,AA
hRSV_SRR24833879,1774,N,OG1,L,AA
hRSV_SRR24833879,1775,L,OG1,L,AA
hRSV_SRR24833879,1776,F,OG1,L,AA
hRSV_SRR24833879,1777,P,OG1,L,AA
hRSV_SRR24833879,1778,T,OG1,L,AA
hRSV_SRR24833879,1779,V,OG1,L,AA
hRSV_SRR24833879,1780,V,OG1,L,AA
hRSV_SRR24833879,1781,I,OG1,L,AA
hRSV_SRR24833879,1782,D,OG1,L,AA
hRSV_SRR24833879,1783,K,OG1,L,AA
hRSV_SRR24833879,1784,I,OG1,L,AA
hRSV_SRR24833879,1785,-,OG1,L,AA
hRSV_SRR24833879,1786,-,OG1,L,AA
hRSV_SRR24833879,1787,I,OG1,L,AA
hRSV_SRR24833879,1788,D,OG1,L,AA
hRSV_SRR24833879,1789,H,OG1,L,AA
hRSV_SRR24833879,1790,S,OG1,L,AA
hRSV_SRR24833879,1791,G,OG1,L,AA
hRSV_SRR24833879,1792,N,OG1,L,AA
hRSV_SRR24833879,1793,T,OG1,L,AA
hRSV_SRR24833879,1794,A,OG1,L,AA
hRSV_SRR24833879,1795,K,OG1,L,AA
hRSV_SRR24833879,1796,F,OG1,L,AA
hRSV_SRR24833879,1797,N,OG1,L,AA
hRSV_SRR24833879,1798,Q,OG1,L,AA
hRSV_SRR24833879,1799,L,OG1,L,AA
hRSV_SRR24833879,1800,Y,OG1,L,AA
hRSV_SRR24833879,1801,T,OG1,L,AA
hRSV_SRR24833879,1802,T,OG1,L,AA
hRSV_SRR24833879,1803,T,OG1,L,AA
hRSV_SRR24833879,1804,S,OG1,L,AA
hRSV_SRR24833879,1805,H,OG1,L,AA
hRSV_SRR24833879,1806,Q,OG1,L,AA
hRSV_SRR24833879,1807,I,OG1,L,AA
hRSV_SRR24833879,1808,S,OG1,L,AA
hRSV_SRR24833879,1809,L,OG1,L,AA
hRSV_SRR24833879,1810,V,OG1,L,AA
hRSV_SRR24833879,1811,H,OG1,L,AA
hRSV_SRR24833879,1812,N,OG1,L,AA
hRSV_SRR24833879,1813,S,OG1,L,AA
hRSV_SRR24833879,1814,T,OG1,L,AA
hRSV_SRR24833879,1815,S,OG1,L,AA
hRSV_SRR24833879,1816,L,OG1,L,AA
hRSV_SRR24833879,1817,Y,OG1,L,AA
hRSV_SRR24833879,1818,C,OG1,L,AA
hRSV_SRR24833879,1819,M,OG1,L,AA
hRSV_SRR24833879,1820,L,OG1,L,AA
hRSV_SRR24833879,1821,P,OG1,L,AA
hRSV_SRR24833879,1822,W,OG1,L,AA
hRSV_SRR24833879,1823,H,OG1,L,AA
hRSV_SRR24833879,1824,H,OG1,L,AA
hRSV_SRR24833879,1825,I,OG1,L,AA
hRSV_SRR24833879,1826,N,OG1,L,AA
hRSV_SRR24833879,1827,R,OG1,L,AA
hRSV_SRR24833879,1828,F,OG1,L,AA
hRSV_SRR24833879,1829,N,OG1,L,AA
hRSV_SRR24833879,1830,F,OG1,L,AA
hRSV_SRR24833879,1831,V,OG1,L,AA
hRSV_SRR24833879,1832,F,OG1,L,AA
hRSV_SRR24833879,1833,S,OG1,L,AA
hRSV_SRR24833879,1834,S,OG1,L,AA
hRSV_SRR24833879,1835,T,OG1,L,AA
hRSV_SRR24833879,1836,G,OG1,L,AA
hRSV_SRR24833879,1837,C,OG1,L,AA
hRSV_SRR24833879,1838,K,OG1,L,AA
hRSV_SRR24833879,1839,I,OG1,L,AA
hRSV_SRR24833879,1840,S,OG1,L,AA
hRSV_SRR24833879,1841,I,OG1,L,AA
hRSV_SRR24833879,1842,E,OG1,L,AA
hRSV_SRR24833879,1843,Y,OG1,L,AA
hRSV_SRR24833879,1844,-,OG1,L,AA
hRSV_SRR24833879,1845,I,OG1,L,AA
hRSV_SRR24833879,1846,L,OG1,L,AA
hRSV_SRR24833879,1847,K,OG1,L,AA
hRSV_SRR24833879,1848,D,OG1,L,AA
hRSV_SRR24833879,1849,L,OG1,L,AA
hRSV_SRR24833879,1850,K,OG1,L,AA
hRSV_SRR24833879,1851,I,OG1,L,AA
hRSV_SRR24833879,1852,K,OG1,L,AA
hRSV_SRR24833879,1853,D,OG1,L,AA
hRSV_SRR24833879,1854,P,OG1,L,AA
hRSV_SRR24833879,1855,N,OG1,L,AA
hRSV_SRR24833879,1856,C,OG1,L,AA
hRSV_SRR24833879,1857,I,OG1,L,AA
hRSV_SRR24833879,1858,A,OG1,L,AA
hRSV_SRR24833879,1859,F,OG1,L,AA
hRSV_SRR24833879,1860,I,OG1,L,AA
hRSV_SRR24833879,1861,G,OG1,L,AA
hRSV_SRR24833879,1862,E,OG1,L,AA
hRSV_SRR24833879,1863,G,OG1,L,AA
hRSV_SRR24833879,1864,A,OG1,L,AA
hRSV_SRR24833879,1865,G,OG1,L,AA
hRSV_SRR24833879,1866,N,OG1,L,AA
hRSV_SRR24833879,1867,L,OG1,L,AA
hRSV_SRR24833879,1868,L,OG1,L,AA
hRSV_SRR24833879,1869,L,OG1,L,AA
hRSV_SRR24833879,1870,R,OG1,L,AA
hRSV_SRR24833879,1871,T,OG1,L,AA
hRSV_SRR24833879,1872,V,OG1,L,AA
hRSV_SRR24833879,1873,V,OG1,L,AA
hRSV_SRR24833879,1874,E,OG1,L,AA
hRSV_SRR24833879,1875,L,OG1,L,AA
hRSV_SRR24833879,1876,H,OG1,L,AA
hRSV_SRR24833879,1877,P,OG1,L,AA
hRSV_SRR24833879,1878,D,OG1,L,AA
hRSV_SRR24833879,1879,I,OG1,L,AA
hRSV_SRR24833879,1880,R,OG1,L,AA
hRSV_SRR24833879,1881,Y,OG1,L,AA
hRSV_SRR24833879,1882,I,OG1,L,AA
hRSV_SRR24833879,1883,Y,OG1,L,AA
hRSV_SRR24833879,1884,R,OG1,L,AA
hRSV_SRR24833879,1885,S,OG1,L,AA
hRSV_SRR24833879,1886,L,OG1,L,AA
hRSV_SRR24833879,1887,K,OG1,L,AA
hRSV_SRR24833879,1888,D,OG1,L,AA
hRSV_SRR24833879,1889,C,OG1,L,AA
hRSV_SRR24833879,1890,N,OG1,L,AA
hRSV_SRR24833879,1891,D,OG1,L,AA
hRSV_SRR24833879,1892,H,OG1,L,AA
hRSV_SRR24833879,1893,S,OG1,L,AA
hRSV_SRR24833879,1894,L,OG1,L,AA
hRSV_SRR24833879,1895,P,OG1,L,AA
hRSV_SRR24833879,1896,I,OG1,L,AA
hRSV_SRR24833879,1897,E,OG1,L,AA
hRSV_SRR24833879,1898,F,OG1,L,AA
hRSV_SRR24833879,1899,L,OG1,L,AA
hRSV_SRR24833879,1900,R,OG1,L,AA
hRSV_SRR24833879,1901,L,OG1,L,AA
hRSV_SRR24833879,1902,Y,OG1,L,AA
hRSV_SRR24833879,1903,N,OG1,L,AA
hRSV_SRR24833879,1904,G,OG1,L,AA
hRSV_SRR24833879,1905,H,OG1,L,AA
hRSV_SRR24833879,1906,I,OG1,L,AA
hRSV_SRR24833879,1907,N,OG1,L,AA
hRSV_SRR24833879,1908,-,OG1,L,AA
hRSV_SRR24833879,1909,-,OG1,L,AA
hRSV_SRR24833879,1910,I,OG1,L,AA
hRSV_SRR24833879,1911,D,OG1,L,AA
hRSV_SRR24833879,1912,Y,OG1,L,AA
hRSV_SRR24833879,1913,G,OG1,L,AA
hRSV_SRR24833879,1914,E,OG1,L,AA
hRSV_SRR24833879,1915,N,OG1,L,AA
hRSV_SRR24833879,1916,L,OG1,L,AA
hRSV_SRR24833879,1917,T,OG1,L,AA
hRSV_SRR24833879,1918,I,OG1,L,AA
hRSV_SRR24833879,1919,P,OG1,L,AA
hRSV_SRR24833879,1920,A,OG1,L,AA
hRSV_SRR24833879,1921,T,OG1,L,AA
hRSV_SRR24833879,1922,D,OG1,L,AA
hRSV_SRR24833879,1923,A,OG1,L,AA
hRSV_SRR24833879,1924,T,OG1,L,AA
hRSV_SRR24833879,1925,N,OG1,L,AA
hRSV_SRR24833879,1926,N,OG1,L,AA
hRSV_SRR24833879,1927,I,OG1,L,AA
hRSV_SRR24833879,1928,H,OG1,L,AA
hRSV_SRR24833879,1929,W,OG1,L,AA
hRSV_SRR24833879,1930,S,OG1,L,AA
hRSV_SRR24833879,1931,Y,OG1,L,AA
hRSV_SRR24833879,1932,L,OG1,L,AA
hRSV_SRR24833879,1933,H,OG1,L,AA
hRSV_SRR24833879,1934,I,OG1,L,AA
hRSV_SRR24833879,1935,K,OG1,L,AA
hRSV_SRR24833879,1936,F,OG1,L,AA
hRSV_SRR24833879,1937,A,OG1,L,AA
hRSV_SRR24833879,1938,E,OG1,L,AA
hRSV_SRR24833879,1939,P,OG1,L,AA
hRSV_SRR24833879,1940,I,OG1,L,AA
hRSV_SRR24833879,1941,S,OG1,L,AA
hRSV_SRR24833879,1942,L,OG1,L,AA
hRSV_SRR24833879,1943,F,OG1,L,AA
hRSV_SRR24833879,1944,V,OG1,L,AA
hRSV_SRR24833879,1945,C,OG1,L,AA
hRSV_SRR24833879,1946,D,OG1,L,AA
hRSV_SRR24833879,1947,A,OG1,L,AA
hRSV_SRR24833879,1948,E,OG1,L,AA
hRSV_SRR24833879,1949,L,OG1,L,AA
hRSV_SRR24833879,1950,P,OG1,L,AA
hRSV_SRR24833879,1951,V,OG1,L,AA
hRSV_SRR24833879,1952,T,OG1,L,AA
hRSV_SRR24833879,1953,V,OG1,L,AA
hRSV_SRR24833879,1954,N,OG1,L,AA
hRSV_SRR24833879,1955,W,OG1,L,AA
hRSV_SRR24833879,1956,S,OG1,L,AA
hRSV_SRR24833879,1957,K,OG1,L,AA
hRSV_SRR24833879,1958,I,OG1,L,AA
hRSV_SRR24833879,1959,I,OG1,L,AA
hRSV_SRR24833879,1960,I,OG1,L,AA
hRSV_SRR24833879,1961,E,OG1,L,AA
hRSV_SRR24833879,1962,W,OG1,L,AA
hRSV_SRR24833879,1963,S,OG1,L,AA
hRSV_SRR24833879,1964,K,OG1,L,AA
hRSV_SRR24833879,1965,H,OG1,L,AA
hRSV_SRR24833879,1966,V,OG1,L,AA
hRSV_SRR24833879,1967,R,OG1,L,AA
hRSV_SRR24833879,1968,K,OG1,L,AA
hRSV_SRR24833879,1969,C,OG1,L,AA
hRSV_SRR24833879,1970,K,OG1,L,AA
hRSV_SRR24833879,1971,Y,OG1,L,AA
hRSV_SRR24833879,1972,C,OG1,L,AA
hRSV_SRR24833879,1973,S,OG1,L,AA
hRSV_SRR24833879,1974,S,OG1,L,AA
hRSV_SRR24833879,1975,V,OG1,L,AA
hRSV_SRR24833879,1976,N,OG1,L,AA
hRSV_SRR24833879,1977,K,OG1,L,AA
hRSV_SRR24833879,1978,C,OG1,L,AA
hRSV_SRR24833879,1979,T,OG1,L,AA
hRSV_SRR24833879,1980,-,OG1,L,AA
hRSV_SRR24833879,1981,L,OG1,L,AA
hRSV_SRR24833879,1982,I,OG1,L,AA
hRSV_SRR24833879,1983,V,OG1,L,AA
hRSV_SRR24833879,1984,K,OG1,L,AA
hRSV_SRR24833879,1985,Y,OG1,L,AA
hRSV_SRR24833879,1986,H,OG1,L,AA
hRSV_SRR24833879,1987,A,OG1,L,AA
hRSV_SRR24833879,1988,Q,OG1,L,AA
hRSV_SRR24833879,1989,D,OG1,L,AA
hRSV_SRR24833879,1990,D,OG1,L,AA
hRSV_SRR24833879,1991,I,OG1,L,AA
hRSV_SRR24833879,1992,D,OG1,L,AA
hRSV_SRR24833879,1993,F,OG1,L,AA
hRSV_SRR24833879,1994,K,OG1,L,AA
hRSV_SRR24833879,1995,L,OG1,L,AA
hRSV_SRR24833879,1996,D,OG1,L,AA
hRSV_SRR24833879,1997,-,OG1,L,AA
hRSV_SRR24833879,1998,N,OG1,L,AA
hRSV_SRR24833879,1999,I,OG1,L,AA
hRSV_SRR24833879,2000,T,OG1,L,AA
hRSV_SRR24833879,2001,I,OG1,L,AA
hRSV_SRR24833879,2002,L,OG1,L,AA
hRSV_SRR24833879,2003,K,OG1,L,AA
hRSV_SRR24833879,2004,T,OG1,L,AA
hRSV_SRR24833879,2005,Y,OG1,L,AA
hRSV_SRR24833879,2006,V,OG1,L,AA
hRSV_SRR24833879,2007,C,OG1,L,AA
hRSV_SRR24833879,2008,L,OG1,L,AA
hRSV_SRR24833879,2009,G,OG1,L,AA
hRSV_SRR24833879,2010,S,OG1,L,AA
hRSV_SRR24833879,2011,K,OG1,L,AA
hRSV_SRR24833879,2012,L,OG1,L,AA
hRSV_SRR24833879,2013,K,OG1,L,AA
hRSV_SRR24833879,2014,G,OG1,L,AA
hRSV_SRR24833879,2015,S,OG1,L,AA
hRSV_SRR24833879,2016,E,OG1,L,AA
hRSV_SRR24833879,2017,V,OG1,L,AA
hRSV_SRR24833879,2018,Y,OG1,L,AA
hRSV_SRR24833879,2019,L,OG1,L,AA
hRSV_SRR24833879,2020,V,OG1,L,AA
hRSV_SRR24833879,2021,L,OG1,L,AA
hRSV_SRR24833879,2022,T,OG1,L,AA
hRSV_SRR24833879,2023,I,OG1,L,AA
hRSV_SRR24833879,2024,G,OG1,L,AA
hRSV_SRR24833879,2025,P,OG1,L,AA
hRSV_SRR24833879,2026,A,OG1,L,AA
hRSV_SRR24833879,2027,N,OG1,L,AA
hRSV_SRR24833879,2028,V,OG1,L,AA
hRSV_SRR24833879,2029,F,OG1,L,AA
hRSV_SRR24833879,2030,P,OG1,L,AA
hRSV_SRR24833879,2031,V,OG1,L,AA
hRSV_SRR24833879,2032,F,OG1,L,AA
hRSV_SRR24833879,2033,N,OG1,L,AA
hRSV_SRR24833879,2034,V,OG1,L,AA
hRSV_SRR24833879,2035,V,OG1,L,AA
hRSV_SRR24833879,2036,Q,OG1,L,AA
hRSV_SRR24833879,2037,N,OG1,L,AA
hRSV_SRR24833879,2038,A,OG1,L,AA
hRSV_SRR24833879,2039,K,OG1,L,AA
hRSV_SRR24833879,2040,L,OG1,L,AA
hRSV_SRR24833879,2041,I,OG1,L,AA
hRSV_SRR24833879,2042,L,OG1,L,AA
hRSV_SRR24833879,2043,S,OG1,L,AA
hRSV_SRR24833879,2044,R,OG1,L,AA
hRSV_SRR24833879,2045,T,OG1,L,AA
hRSV_SRR24833879,2046,K,OG1,L,AA
hRSV_SRR24833879,2047,N,OG1,L,AA
hRSV_SRR24833879,2048,F,OG1,L,AA
hRSV_SRR24833879,2049,I,OG1,L,AA
hRSV_SRR24833879,2050,M,OG1,L,AA
hRSV_SRR24833879,2051,P,OG1,L,AA
hRSV_SRR24833879,2052,K,OG1,L,AA
hRSV_SRR24833879,2053,K,OG1,L,AA
hRSV_SRR24833879,2054,A,OG1,L,AA
hRSV_SRR24833879,2055,D,OG1,L,AA
hRSV_SRR24833879,2056,K,OG1,L,AA
hRSV_SRR24833879,2057,E,OG1,L,AA
hRSV_SRR24833879,2058,S,OG1,L,AA
hRSV_SRR24833879,2059,I,OG1,L,AA
hRSV_SRR24833879,2060,D,OG1,L,AA
hRSV_SRR24833879,2061,A,OG1,L,AA
hRSV_SRR24833879,2062,N,OG1,L,AA
hRSV_SRR24833879,2063,I,OG1,L,AA
hRSV_SRR24833879,2064,K,OG1,L,AA
hRSV_SRR24833879,2065,S,OG1,L,AA
hRSV_SRR24833879,2066,L,OG1,L,AA
hRSV_SRR24833879,2067,I,OG1,L,AA
hRSV_SRR24833879,2068,P,OG1,L,AA
hRSV_SRR24833879,2069,F,OG1,L,AA
hRSV_SRR24833879,2070,L,OG1,L,AA
hRSV_SRR24833879,2071,C,OG1,L,AA
hRSV_SRR24833879,2072,Y,OG1,L,AA
hRSV_SRR24833879,2073,P,OG1,L,AA
hRSV_SRR24833879,2074,I,OG1,L,AA
hRSV_SRR24833879,2075,T,OG1,L,AA
hRSV_SRR24833879,2076,K,OG1,L,AA
hRSV_SRR24833879,2077,K,OG1,L,AA
hRSV_SRR24833879,2078,G,OG1,L,AA
hRSV_SRR24833879,2079,I,OG1,L,AA
hRSV_SRR24833879,2080,N,OG1,L,AA
hRSV_SRR24833879,2081,T,OG1,L,AA
hRSV_SRR24833879,2082,A,OG1,L,AA
hRSV_SRR24833879,2083,L,OG1,L,AA
hRSV_SRR24833879,2084,S,OG1,L,AA
hRSV_SRR24833879,2085,K,OG1,L,AA
hRSV_SRR24833879,2086,L,OG1,L,AA
hRSV_SRR24833879,2087,K,OG1,L,AA
hRSV_SRR24833879,2088,S,OG1,L,AA
hRSV_SRR24833879,2089,V,OG1,L,AA
hRSV_SRR24833879,2090,V,OG1,L,AA
hRSV_SRR24833879,2091,S,OG1,L,AA
hRSV_SRR24833879,2092,G,OG1,L,AA
hRSV_SRR24833879,2093,D,OG1,L,AA
hRSV_SRR24833879,2094,I,OG1,L,AA
hRSV_SRR24833879,2095,L,OG1,L,AA
hRSV_SRR24833879,2096,S,OG1,L,AA
hRSV_SRR24833879,2097,Y,OG1,L,AA
hRSV_SRR24833879,2098,S,OG1,L,AA
hRSV_SRR24833879,2099,I,OG1,L,AA
hRSV_SRR24833879,2100,A,OG1,L,AA
hRSV_SRR24833879,2101,G,OG1,L,AA
hRSV_SRR24833879,2102,R,OG1,L,AA
hRSV_SRR24833879,2103,N,OG1,L,AA
hRSV_SRR24833879,2104,E,OG1,L,AA
hRSV_SRR24833879,2105,V,OG1,L,AA
hRSV_SRR24833879,2106,F,OG1,L,AA
hRSV_SRR24833879,2107,S,OG1,L,AA
hRSV_SRR24833879,2108,N,OG1,L,AA
hRSV_SRR24833879,2109,K,OG1,L,AA
hRSV_SRR24833879,2110,L,OG1,L,AA
hRSV_SRR24833879,2111,I,OG1,L,AA
hRSV_SRR24833879,2112,N,OG1,L,AA
hRSV_SRR24833879,2113,H,OG1,L,AA
hRSV_SRR24833879,2114,K,OG1,L,AA
hRSV_SRR24833879,2115,H,OG1,L,AA
hRSV_SRR24833879,2116,M,OG1,L,AA
hRSV_SRR24833879,2117,N,OG1,L,AA
hRSV_SRR24833879,2118,I,OG1,L,AA
hRSV_SRR24833879,2119,L,OG1,L,AA
hRSV_SRR24833879,2120,K,OG1,L,AA
hRSV_SRR24833879,2121,W,OG1,L,AA
hRSV_SRR24833879,2122,F,OG1,L,AA
hRSV_SRR24833879,2123,N,OG1,L,AA
hRSV_SRR24833879,2124,H,OG1,L,AA
hRSV_SRR24833879,2125,V,OG1,L,AA
hRSV_SRR24833879,2126,L,OG1,L,AA
hRSV_SRR24833879,2127,N,OG1,L,AA
hRSV_SRR24833879,2128,F,OG1,L,AA
hRSV_SRR24833879,2129,R,OG1,L,AA
hRSV_SRR24833879,2130,S,OG1,L,AA
hRSV_SRR24833879,2131,T,OG1,L,AA
hRSV_SRR24833879,2132,E,OG1,L,AA
hRSV_SRR24833879,2133,L,OG1,L,AA
hRSV_SRR24833879,2134,N,OG1,L,AA
hRSV_SRR24833879,2135,Y,OG1,L,AA
hRSV_SRR24833879,2136,N,OG1,L,AA
hRSV_SRR24833879,2137,H,OG1,L,AA
hRSV_SRR24833879,2138,L,OG1,L,AA
hRSV_SRR24833879,2139,Y,OG1,L,AA
hRSV_SRR24833879,2140,M,OG1,L,AA
hRSV_SRR24833879,2141,V,OG1,L,AA
hRSV_SRR24833879,2142,E,OG1,L,AA
hRSV_SRR24833879,2143,S,OG1,L,AA
hRSV_SRR24833879,2144,T,OG1,L,AA
hRSV_SRR24833879,2145,Y,OG1,L,AA
hRSV_SRR24833879,2146,P,OG1,L,AA
hRSV_SRR24833879,2147,H,OG1,L,AA
hRSV_SRR24833879,2148,L,OG1,L,AA
hRSV_SRR24833879,2149,S,OG1,L,AA
hRSV_SRR24833879,2150,E,OG1,L,AA
hRSV_SRR24833879,2151,L,OG1,L,AA
hRSV_SRR24833879,2152,L,OG1,L,AA
hRSV_SRR24833879,2153,N,OG1,L,AA
hRSV_SRR24833879,2154,S,OG1,L,AA
hRSV_SRR24833879,2155,L,OG1,L,AA
hRSV_SRR24833879,2156,T,OG1,L,AA
hRSV_SRR24833879,2157,T,OG1,L,AA
hRSV_SRR24833879,2158,N,OG1,L,AA
hRSV_SRR24833879,2159,E,OG1,L,AA
hRSV_SRR24833879,2160,L,OG1,L,AA
hRSV_SRR24833879,2161,K,OG1,L,AA
hRSV_SRR24833879,2162,K,OG1,L,AA
hRSV_SRR24833879,2163,L,OG1,L,AA
hRSV_SRR24833879,2164,I,OG1,L,AA
hRSV_SRR24833879,2165,K,OG1,L,AA
hRSV_SRR24833879,2166,I,OG1,L,AA
hRSV_SRR24833879,2167,T,OG1,L,AA
hRSV_SRR24833879,2168,G,OG1,L,AA
hRSV_SRR24833879,2169,S,OG1,L,AA
hRSV_SRR24833879,2170,L,OG1,L,AA
hRSV_SRR24833879,2171,L,OG1,L,AA
hRSV_SRR24833879,2172,Y,OG1,L,AA
hRSV_SRR24833879,2173,N,OG1,L,AA
hRSV_SRR24833879,2174,F,OG1,L,AA
hRSV_SRR24833879,2175,N,OG1,L,AA
hRSV_SRR24833879,2176,N,OG1,L,AA
hRSV_SRR24833879,2177,E,OG1,L,AA
hRSV_SRR24833879,2178,-,OG1,L,AA
hRSV_SRR24833895,1,M,OG1,L,AA
hRSV_SRR24833895,2,D,OG1,L,AA
hRSV_SRR24833895,3,P,OG1,L,AA
hRSV_SRR24833895,4,I,OG1,L,AA
hRSV_SRR24833895,5,I,OG1,L,AA
hRSV_SRR24833895,6,S,OG1,L,AA
hRSV_SRR24833895,7,G,OG1,L,AA
hRSV_SRR24833895,8,N,OG1,L,AA
hRSV_SRR24833895,9,S,OG1,L,AA
hRSV_SRR24833895,10,A,OG1,L,AA
hRSV_SRR24833895,11,N,OG1,L,AA
hRSV_SRR24833895,12,V,OG1,L,AA
hRSV_SRR24833895,13,Y,OG1,L,AA
hRSV_SRR24833895,14,L,OG1,L,AA
hRSV_SRR24833895,15,T,OG1,L,AA
hRSV_SRR24833895,16,D,OG1,L,AA
hRSV_SRR24833895,17,S,OG1,L,AA
hRSV_SRR24833895,18,Y,OG1,L,AA
hRSV_SRR24833895,19,L,OG1,L,AA
hRSV_SRR24833895,20,K,OG1,L,AA
hRSV_SRR24833895,21,G,OG1,L,AA
hRSV_SRR24833895,22,V,OG1,L,AA
hRSV_SRR24833895,23,I,OG1,L,AA
hRSV_SRR24833895,24,S,OG1,L,AA
hRSV_SRR24833895,25,F,OG1,L,AA
hRSV_SRR24833895,26,S,OG1,L,AA
hRSV_SRR24833895,27,E,OG1,L,AA
hRSV_SRR24833895,28,C,OG1,L,AA
hRSV_SRR24833895,29,N,OG1,L,AA
hRSV_SRR24833895,30,A,OG1,L,AA
hRSV_SRR24833895,31,L,OG1,L,AA
hRSV_SRR24833895,32,G,OG1,L,AA
hRSV_SRR24833895,33,S,OG1,L,AA
hRSV_SRR24833895,34,Y,OG1,L,AA
hRSV_SRR24833895,35,I,OG1,L,AA
hRSV_SRR24833895,36,F,OG1,L,AA
hRSV_SRR24833895,37,N,OG1,L,AA
hRSV_SRR24833895,38,G,OG1,L,AA
hRSV_SRR24833895,39,P,OG1,L,AA
hRSV_SRR24833895,40,Y,OG1,L,AA
hRSV_SRR24833895,41,L,OG1,L,AA
hRSV_SRR24833895,42,K,OG1,L,AA
hRSV_SRR24833895,43,N,OG1,L,AA
hRSV_SRR24833895,44,D,OG1,L,AA
hRSV_SRR24833895,45,Y,OG1,L,AA
hRSV_SRR24833895,46,T,OG1,L,AA
hRSV_SRR24833895,47,N,OG1,L,AA
hRSV_SRR24833895,48,L,OG1,L,AA
hRSV_SRR24833895,49,I,OG1,L,AA
hRSV_SRR24833895,50,S,OG1,L,AA
hRSV_SRR24833895,51,R,OG1,L,AA
hRSV_SRR24833895,52,Q,OG1,L,AA
hRSV_SRR24833895,53,N,OG1,L,AA
hRSV_SRR24833895,54,P,OG1,L,AA
hRSV_SRR24833895,55,L,OG1,L,AA
hRSV_SRR24833895,56,I,OG1,L,AA
hRSV_SRR24833895,57,E,OG1,L,AA
hRSV_SRR24833895,58,H,OG1,L,AA
hRSV_SRR24833895,59,I,OG1,L,AA
hRSV_SRR24833895,60,N,OG1,L,AA
hRSV_SRR24833895,61,L,OG1,L,AA
hRSV_SRR24833895,62,K,OG1,L,AA
hRSV_SRR24833895,63,K,OG1,L,AA
hRSV_SRR24833895,64,L,OG1,L,AA
hRSV_SRR24833895,65,N,OG1,L,AA
hRSV_SRR24833895,66,I,OG1,L,AA
hRSV_SRR24833895,67,T,OG1,L,AA
hRSV_SRR24833895,68,Q,OG1,L,AA
hRSV_SRR24833895,69,S,OG1,L,AA
hRSV_SRR24833895,70,L,OG1,L,AA
hRSV_SRR24833895,71,I,OG1,L,AA
hRSV_SRR24833895,72,S,OG1,L,AA
hRSV_SRR24833895,73,K,OG1,L,AA
hRSV_SRR24833895,74,Y,OG1,L,AA
hRSV_SRR24833895,75,H,OG1,L,AA
hRSV_SRR24833895,76,K,OG1,L,AA
hRSV_SRR24833895,77,G,OG1,L,AA
hRSV_SRR24833895,78,E,OG1,L,AA
hRSV_SRR24833895,79,I,OG1,L,AA
hRSV_SRR24833895,80,K,OG1,L,AA
hRSV_SRR24833895,81,I,OG1,L,AA
hRSV_SRR24833895,82,E,OG1,L,AA
hRSV_SRR24833895,83,E,OG1,L,AA
hRSV_SRR24833895,84,P,OG1,L,AA
hRSV_SRR24833895,85,T,OG1,L,AA
hRSV_SRR24833895,86,Y,OG1,L,AA
hRSV_SRR24833895,87,F,OG1,L,AA
hRSV_SRR24833895,88,Q,OG1,L,AA
hRSV_SRR24833895,89,S,OG1,L,AA
hRSV_SRR24833895,90,L,OG1,L,AA
hRSV_SRR24833895,91,L,OG1,L,AA
hRSV_SRR24833895,92,M,OG1,L,AA
hRSV_SRR24833895,93,T,OG1,L,AA
hRSV_SRR24833895,94,Y,OG1,L,AA
hRSV_SRR24833895,95,K,OG1,L,AA
hRSV_SRR24833895,96,S,OG1,L,AA
hRSV_SRR24833895,97,M,OG1,L,AA
hRSV_SRR24833895,98,T,OG1,L,AA
hRSV_SRR24833895,99,S,OG1,L,AA
hRSV_SRR24833895,100,S,OG1,L,AA
hRSV_SRR24833895,101,E,OG1,L,AA
hRSV_SRR24833895,102,Q,OG1,L,AA
hRSV_SRR24833895,103,T,OG1,L,AA
hRSV_SRR24833895,104,T,OG1,L,AA
hRSV_SRR24833895,105,T,OG1,L,AA
hRSV_SRR24833895,106,T,OG1,L,AA
hRSV_SRR24833895,107,N,OG1,L,AA
hRSV_SRR24833895,108,L,OG1,L,AA
hRSV_SRR24833895,109,L,OG1,L,AA
hRSV_SRR24833895,110,K,OG1,L,AA
hRSV_SRR24833895,111,K,OG1,L,AA
hRSV_SRR24833895,112,I,OG1,L,AA
hRSV_SRR24833895,113,I,OG1,L,AA
hRSV_SRR24833895,114,R,OG1,L,AA
hRSV_SRR24833895,115,R,OG1,L,AA
hRSV_SRR24833895,116,A,OG1,L,AA
hRSV_SRR24833895,117,I,OG1,L,AA
hRSV_SRR24833895,118,E,OG1,L,AA
hRSV_SRR24833895,119,I,OG1,L,AA
hRSV_SRR24833895,120,S,OG1,L,AA
hRSV_SRR24833895,121,D,OG1,L,AA
hRSV_SRR24833895,122,V,OG1,L,AA
hRSV_SRR24833895,123,K,OG1,L,AA
hRSV_SRR24833895,124,V,OG1,L,AA
hRSV_SRR24833895,125,Y,OG1,L,AA
hRSV_SRR24833895,126,A,OG1,L,AA
hRSV_SRR24833895,127,I,OG1,L,AA
hRSV_SRR24833895,128,L,OG1,L,AA
hRSV_SRR24833895,129,N,OG1,L,AA
hRSV_SRR24833895,130,K,OG1,L,AA
hRSV_SRR24833895,131,L,OG1,L,AA
hRSV_SRR24833895,132,G,OG1,L,AA
hRSV_SRR24833895,133,L,OG1,L,AA
hRSV_SRR24833895,134,K,OG1,L,AA
hRSV_SRR24833895,135,E,OG1,L,AA
hRSV_SRR24833895,136,K,OG1,L,AA
hRSV_SRR24833895,137,D,OG1,L,AA
hRSV_SRR24833895,138,K,OG1,L,AA
hRSV_SRR24833895,139,I,OG1,L,AA
hRSV_SRR24833895,140,K,OG1,L,AA
hRSV_SRR24833895,141,S,OG1,L,AA
hRSV_SRR24833895,142,N,OG1,L,AA
hRSV_SRR24833895,143,N,OG1,L,AA
hRSV_SRR24833895,144,G,OG1,L,AA
hRSV_SRR24833895,145,Q,OG1,L,AA
hRSV_SRR24833895,146,D,OG1,L,AA
hRSV_SRR24833895,147,E,OG1,L,AA
hRSV_SRR24833895,148,D,OG1,L,AA
hRSV_SRR24833895,149,N,OG1,L,AA
hRSV_SRR24833895,150,S,OG1,L,AA
hRSV_SRR24833895,151,V,OG1,L,AA
hRSV_SRR24833895,152,I,OG1,L,AA
hRSV_SRR24833895,153,T,OG1,L,AA
hRSV_SRR24833895,154,T,OG1,L,AA
hRSV_SRR24833895,155,I,OG1,L,AA
hRSV_SRR24833895,156,I,OG1,L,AA
hRSV_SRR24833895,157,K,OG1,L,AA
hRSV_SRR24833895,158,D,OG1,L,AA
hRSV_SRR24833895,159,D,OG1,L,AA
hRSV_SRR24833895,160,I,OG1,L,AA
hRSV_SRR24833895,161,L,OG1,L,AA
hRSV_SRR24833895,162,L,OG1,L,AA
hRSV_SRR24833895,163,A,OG1,L,AA
hRSV_SRR24833895,164,V,OG1,L,AA
hRSV_SRR24833895,165,K,OG1,L,AA
hRSV_SRR24833895,166,D,OG1,L,AA
hRSV_SRR24833895,167,N,OG1,L,AA
hRSV_SRR24833895,168,Q,OG1,L,AA
hRSV_SRR24833895,169,S,OG1,L,AA
hRSV_SRR24833895,170,H,OG1,L,AA
hRSV_SRR24833895,171,L,OG1,L,AA
hRSV_SRR24833895,172,K,OG1,L,AA
hRSV_SRR24833895,173,A,OG1,L,AA
hRSV_SRR24833895,174,D,OG1,L,AA
hRSV_SRR24833895,175,K,OG1,L,AA
hRSV_SRR24833895,176,N,OG1,L,AA
hRSV_SRR24833895,177,Q,OG1,L,AA
hRSV_SRR24833895,178,S,OG1,L,AA
hRSV_SRR24833895,179,T,OG1,L,AA
hRSV_SRR24833895,180,K,OG1,L,AA
hRSV_SRR24833895,181,Q,OG1,L,AA
hRSV_SRR24833895,182,K,OG1,L,AA
hRSV_SRR24833895,183,D,OG1,L,AA
hRSV_SRR24833895,184,T,OG1,L,AA
hRSV_SRR24833895,185,I,OG1,L,AA
hRSV_SRR24833895,186,K,OG1,L,AA
hRSV_SRR24833895,187,T,OG1,L,AA
hRSV_SRR24833895,188,T,OG1,L,AA
hRSV_SRR24833895,189,L,OG1,L,AA
hRSV_SRR24833895,190,L,OG1,L,AA
hRSV_SRR24833895,191,K,OG1,L,AA
hRSV_SRR24833895,192,K,OG1,L,AA
hRSV_SRR24833895,193,L,OG1,L,AA
hRSV_SRR24833895,194,M,OG1,L,AA
hRSV_SRR24833895,195,C,OG1,L,AA
hRSV_SRR24833895,196,S,OG1,L,AA
hRSV_SRR24833895,197,M,OG1,L,AA
hRSV_SRR24833895,198,Q,OG1,L,AA
hRSV_SRR24833895,199,H,OG1,L,AA
hRSV_SRR24833895,200,P,OG1,L,AA
hRSV_SRR24833895,201,P,OG1,L,AA
hRSV_SRR24833895,202,S,OG1,L,AA
hRSV_SRR24833895,203,W,OG1,L,AA
hRSV_SRR24833895,204,L,OG1,L,AA
hRSV_SRR24833895,205,I,OG1,L,AA
hRSV_SRR24833895,206,H,OG1,L,AA
hRSV_SRR24833895,207,W,OG1,L,AA
hRSV_SRR24833895,208,F,OG1,L,AA
hRSV_SRR24833895,209,N,OG1,L,AA
hRSV_SRR24833895,210,L,OG1,L,AA
hRSV_SRR24833895,211,Y,OG1,L,AA
hRSV_SRR24833895,212,T,OG1,L,AA
hRSV_SRR24833895,213,K,OG1,L,AA
hRSV_SRR24833895,214,L,OG1,L,AA
hRSV_SRR24833895,215,N,OG1,L,AA
hRSV_SRR24833895,216,S,OG1,L,AA
hRSV_SRR24833895,217,I,OG1,L,AA
hRSV_SRR24833895,218,L,OG1,L,AA
hRSV_SRR24833895,219,T,OG1,L,AA
hRSV_SRR24833895,220,Q,OG1,L,AA
hRSV_SRR24833895,221,Y,OG1,L,AA
hRSV_SRR24833895,222,R,OG1,L,AA
hRSV_SRR24833895,223,S,OG1,L,AA
hRSV_SRR24833895,224,S,OG1,L,AA
hRSV_SRR24833895,225,E,OG1,L,AA
hRSV_SRR24833895,226,V,OG1,L,AA
hRSV_SRR24833895,227,K,OG1,L,AA
hRSV_SRR24833895,228,N,OG1,L,AA
hRSV_SRR24833895,229,H,OG1,L,AA
hRSV_SRR24833895,230,G,OG1,L,AA
hRSV_SRR24833895,231,F,OG1,L,AA
hRSV_SRR24833895,232,I,OG1,L,AA
hRSV_SRR24833895,233,L,OG1,L,AA
hRSV_SRR24833895,234,I,OG1,L,AA
hRSV_SRR24833895,235,D,OG1,L,AA
hRSV_SRR24833895,236,N,OG1,L,AA
hRSV_SRR24833895,237,H,OG1,L,AA
hRSV_SRR24833895,238,T,OG1,L,AA
hRSV_SRR24833895,239,L,OG1,L,AA
hRSV_SRR24833895,240,S,OG1,L,AA
hRSV_SRR24833895,241,G,OG1,L,AA
hRSV_SRR24833895,242,F,OG1,L,AA
hRSV_SRR24833895,243,Q,OG1,L,AA
hRSV_SRR24833895,244,F,OG1,L,AA
hRSV_SRR24833895,245,I,OG1,L,AA
hRSV_SRR24833895,246,L,OG1,L,AA
hRSV_SRR24833895,247,N,OG1,L,AA
hRSV_SRR24833895,248,Q,OG1,L,AA
hRSV_SRR24833895,249,Y,OG1,L,AA
hRSV_SRR24833895,250,G,OG1,L,AA
hRSV_SRR24833895,251,C,OG1,L,AA
hRSV_SRR24833895,252,I,OG1,L,AA
hRSV_SRR24833895,253,V,OG1,L,AA
hRSV_SRR24833895,254,Y,OG1,L,AA
hRSV_SRR24833895,255,H,OG1,L,AA
hRSV_SRR24833895,256,K,OG1,L,AA
hRSV_SRR24833895,257,E,OG1,L,AA
hRSV_SRR24833895,258,L,OG1,L,AA
hRSV_SRR24833895,259,K,OG1,L,AA
hRSV_SRR24833895,260,R,OG1,L,AA
hRSV_SRR24833895,261,I,OG1,L,AA
hRSV_SRR24833895,262,T,OG1,L,AA
hRSV_SRR24833895,263,V,OG1,L,AA
hRSV_SRR24833895,264,T,OG1,L,AA
hRSV_SRR24833895,265,T,OG1,L,AA
hRSV_SRR24833895,266,Y,OG1,L,AA
hRSV_SRR24833895,267,N,OG1,L,AA
hRSV_SRR24833895,268,Q,OG1,L,AA
hRSV_SRR24833895,269,F,OG1,L,AA
hRSV_SRR24833895,270,L,OG1,L,AA
hRSV_SRR24833895,271,T,OG1,L,AA
hRSV_SRR24833895,272,W,OG1,L,AA
hRSV_SRR24833895,273,K,OG1,L,AA
hRSV_SRR24833895,274,D,OG1,L,AA
hRSV_SRR24833895,275,I,OG1,L,AA
hRSV_SRR24833895,276,S,OG1,L,AA
hRSV_SRR24833895,277,L,OG1,L,AA
hRSV_SRR24833895,278,S,OG1,L,AA
hRSV_SRR24833895,279,R,OG1,L,AA
hRSV_SRR24833895,280,L,OG1,L,AA
hRSV_SRR24833895,281,N,OG1,L,AA
hRSV_SRR24833895,282,V,OG1,L,AA
hRSV_SRR24833895,283,C,OG1,L,AA
hRSV_SRR24833895,284,L,OG1,L,AA
hRSV_SRR24833895,285,I,OG1,L,AA
hRSV_SRR24833895,286,T,OG1,L,AA
hRSV_SRR24833895,287,W,OG1,L,AA
hRSV_SRR24833895,288,I,OG1,L,AA
hRSV_SRR24833895,289,S,OG1,L,AA
hRSV_SRR24833895,290,N,OG1,L,AA
hRSV_SRR24833895,291,C,OG1,L,AA
hRSV_SRR24833895,292,L,OG1,L,AA
hRSV_SRR24833895,293,N,OG1,L,AA
hRSV_SRR24833895,294,T,OG1,L,AA
hRSV_SRR24833895,295,L,OG1,L,AA
hRSV_SRR24833895,296,N,OG1,L,AA
hRSV_SRR24833895,297,K,OG1,L,AA
hRSV_SRR24833895,298,S,OG1,L,AA
hRSV_SRR24833895,299,L,OG1,L,AA
hRSV_SRR24833895,300,G,OG1,L,AA
hRSV_SRR24833895,301,L,OG1,L,AA
hRSV_SRR24833895,302,R,OG1,L,AA
hRSV_SRR24833895,303,C,OG1,L,AA
hRSV_SRR24833895,304,G,OG1,L,AA
hRSV_SRR24833895,305,F,OG1,L,AA
hRSV_SRR24833895,306,N,OG1,L,AA
hRSV_SRR24833895,307,N,OG1,L,AA
hRSV_SRR24833895,308,V,OG1,L,AA
hRSV_SRR24833895,309,I,OG1,L,AA
hRSV_SRR24833895,310,L,OG1,L,AA
hRSV_SRR24833895,311,T,OG1,L,AA
hRSV_SRR24833895,312,Q,OG1,L,AA
hRSV_SRR24833895,313,L,OG1,L,AA
hRSV_SRR24833895,314,F,OG1,L,AA
hRSV_SRR24833895,315,L,OG1,L,AA
hRSV_SRR24833895,316,Y,OG1,L,AA
hRSV_SRR24833895,317,G,OG1,L,AA
hRSV_SRR24833895,318,D,OG1,L,AA
hRSV_SRR24833895,319,C,OG1,L,AA
hRSV_SRR24833895,320,I,OG1,L,AA
hRSV_SRR24833895,321,L,OG1,L,AA
hRSV_SRR24833895,322,K,OG1,L,AA
hRSV_SRR24833895,323,L,OG1,L,AA
hRSV_SRR24833895,324,F,OG1,L,AA
hRSV_SRR24833895,325,H,OG1,L,AA
hRSV_SRR24833895,326,N,OG1,L,AA
hRSV_SRR24833895,327,E,OG1,L,AA
hRSV_SRR24833895,328,G,OG1,L,AA
hRSV_SRR24833895,329,F,OG1,L,AA
hRSV_SRR24833895,330,Y,OG1,L,AA
hRSV_SRR24833895,331,I,OG1,L,AA
hRSV_SRR24833895,332,I,OG1,L,AA
hRSV_SRR24833895,333,K,OG1,L,AA
hRSV_SRR24833895,334,E,OG1,L,AA
hRSV_SRR24833895,335,V,OG1,L,AA
hRSV_SRR24833895,336,E,OG1,L,AA
hRSV_SRR24833895,337,G,OG1,L,AA
hRSV_SRR24833895,338,F,OG1,L,AA
hRSV_SRR24833895,339,I,OG1,L,AA
hRSV_SRR24833895,340,M,OG1,L,AA
hRSV_SRR24833895,341,S,OG1,L,AA
hRSV_SRR24833895,342,L,OG1,L,AA
hRSV_SRR24833895,343,I,OG1,L,AA
hRSV_SRR24833895,344,L,OG1,L,AA
hRSV_SRR24833895,345,N,OG1,L,AA
hRSV_SRR24833895,346,I,OG1,L,AA
hRSV_SRR24833895,347,T,OG1,L,AA
hRSV_SRR24833895,348,E,OG1,L,AA
hRSV_SRR24833895,349,E,OG1,L,AA
hRSV_SRR24833895,350,D,OG1,L,AA
hRSV_SRR24833895,351,Q,OG1,L,AA
hRSV_SRR24833895,352,F,OG1,L,AA
hRSV_SRR24833895,353,R,OG1,L,AA
hRSV_SRR24833895,354,K,OG1,L,AA
hRSV_SRR24833895,355,R,OG1,L,AA
hRSV_SRR24833895,356,F,OG1,L,AA
hRSV_SRR24833895,357,Y,OG1,L,AA
hRSV_SRR24833895,358,N,OG1,L,AA
hRSV_SRR24833895,359,S,OG1,L,AA
hRSV_SRR24833895,360,M,OG1,L,AA
hRSV_SRR24833895,361,L,OG1,L,AA
hRSV_SRR24833895,362,N,OG1,L,AA
hRSV_SRR24833895,363,N,OG1,L,AA
hRSV_SRR24833895,364,I,OG1,L,AA
hRSV_SRR24833895,365,T,OG1,L,AA
hRSV_SRR24833895,366,D,OG1,L,AA
hRSV_SRR24833895,367,A,OG1,L,AA
hRSV_SRR24833895,368,A,OG1,L,AA
hRSV_SRR24833895,369,N,OG1,L,AA
hRSV_SRR24833895,370,K,OG1,L,AA
hRSV_SRR24833895,371,A,OG1,L,AA
hRSV_SRR24833895,372,Q,OG1,L,AA
hRSV_SRR24833895,373,K,OG1,L,AA
hRSV_SRR24833895,374,N,OG1,L,AA
hRSV_SRR24833895,375,L,OG1,L,AA
hRSV_SRR24833895,376,L,OG1,L,AA
hRSV_SRR24833895,377,S,OG1,L,AA
hRSV_SRR24833895,378,R,OG1,L,AA
hRSV_SRR24833895,379,V,OG1,L,AA
hRSV_SRR24833895,380,C,OG1,L,AA
hRSV_SRR24833895,381,H,OG1,L,AA
hRSV_SRR24833895,382,T,OG1,L,AA
hRSV_SRR24833895,383,L,OG1,L,AA
hRSV_SRR24833895,384,L,OG1,L,AA
hRSV_SRR24833895,385,D,OG1,L,AA
hRSV_SRR24833895,386,K,OG1,L,AA
hRSV_SRR24833895,387,T,OG1,L,AA
hRSV_SRR24833895,388,I,OG1,L,AA
hRSV_SRR24833895,389,S,OG1,L,AA
hRSV_SRR24833895,390,D,OG1,L,AA
hRSV_SRR24833895,391,N,OG1,L,AA
hRSV_SRR24833895,392,I,OG1,L,AA
hRSV_SRR24833895,393,I,OG1,L,AA
hRSV_SRR24833895,394,N,OG1,L,AA
hRSV_SRR24833895,395,G,OG1,L,AA
hRSV_SRR24833895,396,R,OG1,L,AA
hRSV_SRR24833895,397,W,OG1,L,AA
hRSV_SRR24833895,398,I,OG1,L,AA
hRSV_SRR24833895,399,I,OG1,L,AA
hRSV_SRR24833895,400,L,OG1,L,AA
hRSV_SRR24833895,401,X,OG1,L,AA
hRSV_SRR24833895,402,X,OG1,L,AA
hRSV_SRR24833895,403,X,OG1,L,AA
hRSV_SRR24833895,404,X,OG1,L,AA
hRSV_SRR24833895,405,X,OG1,L,AA
hRSV_SRR24833895,406,X,OG1,L,AA
hRSV_SRR24833895,407,X,OG1,L,AA
hRSV_SRR24833895,408,X,OG1,L,AA
hRSV_SRR24833895,409,X,OG1,L,AA
hRSV_SRR24833895,410,X,OG1,L,AA
hRSV_SRR24833895,411,X,OG1,L,AA
hRSV_SRR24833895,412,X,OG1,L,AA
hRSV_SRR24833895,413,X,OG1,L,AA
hRSV_SRR24833895,414,X,OG1,L,AA
hRSV_SRR24833895,415,X,OG1,L,AA
hRSV_SRR24833895,416,X,OG1,L,AA
hRSV_SRR24833895,417,X,OG1,L,AA
hRSV_SRR24833895,418,X,OG1,L,AA
hRSV_SRR24833895,419,X,OG1,L,AA
hRSV_SRR24833895,420,X,OG1,L,AA
hRSV_SRR24833895,421,X,OG1,L,AA
hRSV_SRR24833895,422,X,OG1,L,AA
hRSV_SRR24833895,423,X,OG1,L,AA
hRSV_SRR24833895,424,X,OG1,L,AA
hRSV_SRR24833895,425,X,OG1,L,AA
hRSV_SRR24833895,426,X,OG1,L,AA
hRSV_SRR24833895,427,X,OG1,L,AA
hRSV_SRR24833895,428,X,OG1,L,AA
hRSV_SRR24833895,429,X,OG1,L,AA
hRSV_SRR24833895,430,X,OG1,L,AA
hRSV_SRR24833895,431,X,OG1,L,AA
hRSV_SRR24833895,432,X,OG1,L,AA
hRSV_SRR24833895,433,X,OG1,L,AA
hRSV_SRR24833895,434,X,OG1,L,AA
hRSV_SRR24833895,435,X,OG1,L,AA
hRSV_SRR24833895,436,X,OG1,L,AA
hRSV_SRR24833895,437,X,OG1,L,AA
hRSV_SRR24833895,438,X,OG1,L,AA
hRSV_SRR24833895,439,X,OG1,L,AA
hRSV_SRR24833895,440,X,OG1,L,AA
hRSV_SRR24833895,441,X,OG1,L,AA
hRSV_SRR24833895,442,X,OG1,L,AA
hRSV_SRR24833895,443,X,OG1,L,AA
hRSV_SRR24833895,444,X,OG1,L,AA
hRSV_SRR24833895,445,X,OG1,L,AA
hRSV_SRR24833895,446,X,OG1,L,AA
hRSV_SRR24833895,447,X,OG1,L,AA
hRSV_SRR24833895,448,X,OG1,L,AA
hRSV_SRR24833895,449,X,OG1,L,AA
hRSV_SRR24833895,450,X,OG1,L,AA
hRSV_SRR24833895,451,X,OG1,L,AA
hRSV_SRR24833895,452,X,OG1,L,AA
hRSV_SRR24833895,453,X,OG1,L,AA
hRSV_SRR24833895,454,X,OG1,L,AA
hRSV_SRR24833895,455,X,OG1,L,AA
hRSV_SRR24833895,456,X,OG1,L,AA
hRSV_SRR24833895,457,X,OG1,L,AA
hRSV_SRR24833895,458,X,OG1,L,AA
hRSV_SRR24833895,459,X,OG1,L,AA
hRSV_SRR24833895,460,X,OG1,L,AA
hRSV_SRR24833895,461,X,OG1,L,AA
hRSV_SRR24833895,462,X,OG1,L,AA
hRSV_SRR24833895,463,X,OG1,L,AA
hRSV_SRR24833895,464,X,OG1,L,AA
hRSV_SRR24833895,465,X,OG1,L,AA
hRSV_SRR24833895,466,X,OG1,L,AA
hRSV_SRR24833895,467,X,OG1,L,AA
hRSV_SRR24833895,468,X,OG1,L,AA
hRSV_SRR24833895,469,X,OG1,L,AA
hRSV_SRR24833895,470,X,OG1,L,AA
hRSV_SRR24833895,471,X,OG1,L,AA
hRSV_SRR24833895,472,X,OG1,L,AA
hRSV_SRR24833895,473,X,OG1,L,AA
hRSV_SRR24833895,474,X,OG1,L,AA
hRSV_SRR24833895,475,X,OG1,L,AA
hRSV_SRR24833895,476,X,OG1,L,AA
hRSV_SRR24833895,477,X,OG1,L,AA
hRSV_SRR24833895,478,X,OG1,L,AA
hRSV_SRR24833895,479,X,OG1,L,AA
hRSV_SRR24833895,480,X,OG1,L,AA
hRSV_SRR24833895,481,X,OG1,L,AA
hRSV_SRR24833895,482,T,OG1,L,AA
hRSV_SRR24833895,483,L,OG1,L,AA
hRSV_SRR24833895,484,R,OG1,L,AA
hRSV_SRR24833895,485,N,OG1,L,AA
hRSV_SRR24833895,486,A,OG1,L,AA
hRSV_SRR24833895,487,I,OG1,L,AA
hRSV_SRR24833895,488,V,OG1,L,AA
hRSV_SRR24833895,489,L,OG1,L,AA
hRSV_SRR24833895,490,P,OG1,L,AA
hRSV_SRR24833895,491,L,OG1,L,AA
hRSV_SRR24833895,492,R,OG1,L,AA
hRSV_SRR24833895,493,W,OG1,L,AA
hRSV_SRR24833895,494,L,OG1,L,AA
hRSV_SRR24833895,495,T,OG1,L,AA
hRSV_SRR24833895,496,Y,OG1,L,AA
hRSV_SRR24833895,497,Y,OG1,L,AA
hRSV_SRR24833895,498,K,OG1,L,AA
hRSV_SRR24833895,499,L,OG1,L,AA
hRSV_SRR24833895,500,N,OG1,L,AA
hRSV_SRR24833895,501,T,OG1,L,AA
hRSV_SRR24833895,502,Y,OG1,L,AA
hRSV_SRR24833895,503,P,OG1,L,AA
hRSV_SRR24833895,504,S,OG1,L,AA
hRSV_SRR24833895,505,L,OG1,L,AA
hRSV_SRR24833895,506,L,OG1,L,AA
hRSV_SRR24833895,507,E,OG1,L,AA
hRSV_SRR24833895,508,L,OG1,L,AA
hRSV_SRR24833895,509,T,OG1,L,AA
hRSV_SRR24833895,510,E,OG1,L,AA
hRSV_SRR24833895,511,R,OG1,L,AA
hRSV_SRR24833895,512,D,OG1,L,AA
hRSV_SRR24833895,513,L,OG1,L,AA
hRSV_SRR24833895,514,I,OG1,L,AA
hRSV_SRR24833895,515,V,OG1,L,AA
hRSV_SRR24833895,516,L,OG1,L,AA
hRSV_SRR24833895,517,S,OG1,L,AA
hRSV_SRR24833895,518,G,OG1,L,AA
hRSV_SRR24833895,519,L,OG1,L,AA
hRSV_SRR24833895,520,R,OG1,L,AA
hRSV_SRR24833895,521,F,OG1,L,AA
hRSV_SRR24833895,522,Y,OG1,L,AA
hRSV_SRR24833895,523,R,OG1,L,AA
hRSV_SRR24833895,524,E,OG1,L,AA
hRSV_SRR24833895,525,F,OG1,L,AA
hRSV_SRR24833895,526,R,OG1,L,AA
hRSV_SRR24833895,527,L,OG1,L,AA
hRSV_SRR24833895,528,P,OG1,L,AA
hRSV_SRR24833895,529,K,OG1,L,AA
hRSV_SRR24833895,530,K,OG1,L,AA
hRSV_SRR24833895,531,V,OG1,L,AA
hRSV_SRR24833895,532,D,OG1,L,AA
hRSV_SRR24833895,533,L,OG1,L,AA
hRSV_SRR24833895,534,E,OG1,L,AA
hRSV_SRR24833895,535,M,OG1,L,AA
hRSV_SRR24833895,536,I,OG1,L,AA
hRSV_SRR24833895,537,I,OG1,L,AA
hRSV_SRR24833895,538,N,OG1,L,AA
hRSV_SRR24833895,539,D,OG1,L,AA
hRSV_SRR24833895,540,K,OG1,L,AA
hRSV_SRR24833895,541,A,OG1,L,AA
hRSV_SRR24833895,542,I,OG1,L,AA
hRSV_SRR24833895,543,S,OG1,L,AA
hRSV_SRR24833895,544,P,OG1,L,AA
hRSV_SRR24833895,545,P,OG1,L,AA
hRSV_SRR24833895,546,K,OG1,L,AA
hRSV_SRR24833895,547,N,OG1,L,AA
hRSV_SRR24833895,548,L,OG1,L,AA
hRSV_SRR24833895,549,I,OG1,L,AA
hRSV_SRR24833895,550,W,OG1,L,AA
hRSV_SRR24833895,551,T,OG1,L,AA
hRSV_SRR24833895,552,S,OG1,L,AA
hRSV_SRR24833895,553,F,OG1,L,AA
hRSV_SRR24833895,554,P,OG1,L,AA
hRSV_SRR24833895,555,R,OG1,L,AA
hRSV_SRR24833895,556,N,OG1,L,AA
hRSV_SRR24833895,557,Y,OG1,L,AA
hRSV_SRR24833895,558,M,OG1,L,AA
hRSV_SRR24833895,559,P,OG1,L,AA
hRSV_SRR24833895,560,S,OG1,L,AA
hRSV_SRR24833895,561,H,OG1,L,AA
hRSV_SRR24833895,562,I,OG1,L,AA
hRSV_SRR24833895,563,Q,OG1,L,AA
hRSV_SRR24833895,564,N,OG1,L,AA
hRSV_SRR24833895,565,Y,OG1,L,AA
hRSV_SRR24833895,566,I,OG1,L,AA
hRSV_SRR24833895,567,E,OG1,L,AA
hRSV_SRR24833895,568,H,OG1,L,AA
hRSV_SRR24833895,569,E,OG1,L,AA
hRSV_SRR24833895,570,K,OG1,L,AA
hRSV_SRR24833895,571,L,OG1,L,AA
hRSV_SRR24833895,572,K,OG1,L,AA
hRSV_SRR24833895,573,F,OG1,L,AA
hRSV_SRR24833895,574,S,OG1,L,AA
hRSV_SRR24833895,575,D,OG1,L,AA
hRSV_SRR24833895,576,S,OG1,L,AA
hRSV_SRR24833895,577,D,OG1,L,AA
hRSV_SRR24833895,578,K,OG1,L,AA
hRSV_SRR24833895,579,S,OG1,L,AA
hRSV_SRR24833895,580,R,OG1,L,AA
hRSV_SRR24833895,581,R,OG1,L,AA
hRSV_SRR24833895,582,V,OG1,L,AA
hRSV_SRR24833895,583,L,OG1,L,AA
hRSV_SRR24833895,584,E,OG1,L,AA
hRSV_SRR24833895,585,Y,OG1,L,AA
hRSV_SRR24833895,586,Y,OG1,L,AA
hRSV_SRR24833895,587,L,OG1,L,AA
hRSV_SRR24833895,588,R,OG1,L,AA
hRSV_SRR24833895,589,D,OG1,L,AA
hRSV_SRR24833895,590,N,OG1,L,AA
hRSV_SRR24833895,591,K,OG1,L,AA
hRSV_SRR24833895,592,F,OG1,L,AA
hRSV_SRR24833895,593,N,OG1,L,AA
hRSV_SRR24833895,594,E,OG1,L,AA
hRSV_SRR24833895,595,C,OG1,L,AA
hRSV_SRR24833895,596,D,OG1,L,AA
hRSV_SRR24833895,597,L,OG1,L,AA
hRSV_SRR24833895,598,H,OG1,L,AA
hRSV_SRR24833895,599,N,OG1,L,AA
hRSV_SRR24833895,600,C,OG1,L,AA
hRSV_SRR24833895,601,V,OG1,L,AA
hRSV_SRR24833895,602,V,OG1,L,AA
hRSV_SRR24833895,603,N,OG1,L,AA
hRSV_SRR24833895,604,Q,OG1,L,AA
hRSV_SRR24833895,605,S,OG1,L,AA
hRSV_SRR24833895,606,Y,OG1,L,AA
hRSV_SRR24833895,607,L,OG1,L,AA
hRSV_SRR24833895,608,N,OG1,L,AA
hRSV_SRR24833895,609,N,OG1,L,AA
hRSV_SRR24833895,610,P,OG1,L,AA
hRSV_SRR24833895,611,N,OG1,L,AA
hRSV_SRR24833895,612,H,OG1,L,AA
hRSV_SRR24833895,613,V,OG1,L,AA
hRSV_SRR24833895,614,V,OG1,L,AA
hRSV_SRR24833895,615,S,OG1,L,AA
hRSV_SRR24833895,616,L,OG1,L,AA
hRSV_SRR24833895,617,T,OG1,L,AA
hRSV_SRR24833895,618,G,OG1,L,AA
hRSV_SRR24833895,619,K,OG1,L,AA
hRSV_SRR24833895,620,E,OG1,L,AA
hRSV_SRR24833895,621,R,OG1,L,AA
hRSV_SRR24833895,622,E,OG1,L,AA
hRSV_SRR24833895,623,L,OG1,L,AA
hRSV_SRR24833895,624,S,OG1,L,AA
hRSV_SRR24833895,625,V,OG1,L,AA
hRSV_SRR24833895,626,G,OG1,L,AA
hRSV_SRR24833895,627,R,OG1,L,AA
hRSV_SRR24833895,628,M,OG1,L,AA
hRSV_SRR24833895,629,F,OG1,L,AA
hRSV_SRR24833895,630,A,OG1,L,AA
hRSV_SRR24833895,631,M,OG1,L,AA
hRSV_SRR24833895,632,Q,OG1,L,AA
hRSV_SRR24833895,633,P,OG1,L,AA
hRSV_SRR24833895,634,G,OG1,L,AA
hRSV_SRR24833895,635,M,OG1,L,AA
hRSV_SRR24833895,636,F,OG1,L,AA
hRSV_SRR24833895,637,R,OG1,L,AA
hRSV_SRR24833895,638,Q,OG1,L,AA
hRSV_SRR24833895,639,V,OG1,L,AA
hRSV_SRR24833895,640,Q,OG1,L,AA
hRSV_SRR24833895,641,I,OG1,L,AA
hRSV_SRR24833895,642,L,OG1,L,AA
hRSV_SRR24833895,643,A,OG1,L,AA
hRSV_SRR24833895,644,E,OG1,L,AA
hRSV_SRR24833895,645,K,OG1,L,AA
hRSV_SRR24833895,646,M,OG1,L,AA
hRSV_SRR24833895,647,I,OG1,L,AA
hRSV_SRR24833895,648,A,OG1,L,AA
hRSV_SRR24833895,649,E,OG1,L,AA
hRSV_SRR24833895,650,N,OG1,L,AA
hRSV_SRR24833895,651,I,OG1,L,AA
hRSV_SRR24833895,652,L,OG1,L,AA
hRSV_SRR24833895,653,Q,OG1,L,AA
hRSV_SRR24833895,654,F,OG1,L,AA
hRSV_SRR24833895,655,F,OG1,L,AA
hRSV_SRR24833895,656,P,OG1,L,AA
hRSV_SRR24833895,657,E,OG1,L,AA
hRSV_SRR24833895,658,S,OG1,L,AA
hRSV_SRR24833895,659,L,OG1,L,AA
hRSV_SRR24833895,660,T,OG1,L,AA
hRSV_SRR24833895,661,R,OG1,L,AA
hRSV_SRR24833895,662,Y,OG1,L,AA
hRSV_SRR24833895,663,G,OG1,L,AA
hRSV_SRR24833895,664,D,OG1,L,AA
hRSV_SRR24833895,665,L,OG1,L,AA
hRSV_SRR24833895,666,E,OG1,L,AA
hRSV_SRR24833895,667,L,OG1,L,AA
hRSV_SRR24833895,668,Q,OG1,L,AA
hRSV_SRR24833895,669,K,OG1,L,AA
hRSV_SRR24833895,670,I,OG1,L,AA
hRSV_SRR24833895,671,L,OG1,L,AA
hRSV_SRR24833895,672,E,OG1,L,AA
hRSV_SRR24833895,673,L,OG1,L,AA
hRSV_SRR24833895,674,K,OG1,L,AA
hRSV_SRR24833895,675,A,OG1,L,AA
hRSV_SRR24833895,676,G,OG1,L,AA
hRSV_SRR24833895,677,I,OG1,L,AA
hRSV_SRR24833895,678,S,OG1,L,AA
hRSV_SRR24833895,679,N,OG1,L,AA
hRSV_SRR24833895,680,K,OG1,L,AA
hRSV_SRR24833895,681,S,OG1,L,AA
hRSV_SRR24833895,682,N,OG1,L,AA
hRSV_SRR24833895,683,R,OG1,L,AA
hRSV_SRR24833895,684,Y,OG1,L,AA
hRSV_SRR24833895,685,N,OG1,L,AA
hRSV_SRR24833895,686,D,OG1,L,AA
hRSV_SRR24833895,687,N,OG1,L,AA
hRSV_SRR24833895,688,Y,OG1,L,AA
hRSV_SRR24833895,689,N,OG1,L,AA
hRSV_SRR24833895,690,N,OG1,L,AA
hRSV_SRR24833895,691,Y,OG1,L,AA
hRSV_SRR24833895,692,I,OG1,L,AA
hRSV_SRR24833895,693,S,OG1,L,AA
hRSV_SRR24833895,694,K,OG1,L,AA
hRSV_SRR24833895,695,C,OG1,L,AA
hRSV_SRR24833895,696,S,OG1,L,AA
hRSV_SRR24833895,697,I,OG1,L,AA
hRSV_SRR24833895,698,I,OG1,L,AA
hRSV_SRR24833895,699,T,OG1,L,AA
hRSV_SRR24833895,700,D,OG1,L,AA
hRSV_SRR24833895,701,L,OG1,L,AA
hRSV_SRR24833895,702,S,OG1,L,AA
hRSV_SRR24833895,703,K,OG1,L,AA
hRSV_SRR24833895,704,F,OG1,L,AA
hRSV_SRR24833895,705,N,OG1,L,AA
hRSV_SRR24833895,706,Q,OG1,L,AA
hRSV_SRR24833895,707,A,OG1,L,AA
hRSV_SRR24833895,708,F,OG1,L,AA
hRSV_SRR24833895,709,R,OG1,L,AA
hRSV_SRR24833895,710,Y,OG1,L,AA
hRSV_SRR24833895,711,E,OG1,L,AA
hRSV_SRR24833895,712,T,OG1,L,AA
hRSV_SRR24833895,713,S,OG1,L,AA
hRSV_SRR24833895,714,C,OG1,L,AA
hRSV_SRR24833895,715,I,OG1,L,AA
hRSV_SRR24833895,716,C,OG1,L,AA
hRSV_SRR24833895,717,S,OG1,L,AA
hRSV_SRR24833895,718,D,OG1,L,AA
hRSV_SRR24833895,719,V,OG1,L,AA
hRSV_SRR24833895,720,L,OG1,L,AA
hRSV_SRR24833895,721,D,OG1,L,AA
hRSV_SRR24833895,722,E,OG1,L,AA
hRSV_SRR24833895,723,L,OG1,L,AA
hRSV_SRR24833895,724,H,OG1,L,AA
hRSV_SRR24833895,725,G,OG1,L,AA
hRSV_SRR24833895,726,V,OG1,L,AA
hRSV_SRR24833895,727,Q,OG1,L,AA
hRSV_SRR24833895,728,S,OG1,L,AA
hRSV_SRR24833895,729,L,OG1,L,AA
hRSV_SRR24833895,730,F,OG1,L,AA
hRSV_SRR24833895,731,S,OG1,L,AA
hRSV_SRR24833895,732,W,OG1,L,AA
hRSV_SRR24833895,733,L,OG1,L,AA
hRSV_SRR24833895,734,H,OG1,L,AA
hRSV_SRR24833895,735,L,OG1,L,AA
hRSV_SRR24833895,736,T,OG1,L,AA
hRSV_SRR24833895,737,I,OG1,L,AA
hRSV_SRR24833895,738,P,OG1,L,AA
hRSV_SRR24833895,739,H,OG1,L,AA
hRSV_SRR24833895,740,V,OG1,L,AA
hRSV_SRR24833895,741,T,OG1,L,AA
hRSV_SRR24833895,742,I,OG1,L,AA
hRSV_SRR24833895,743,I,OG1,L,AA
hRSV_SRR24833895,744,C,OG1,L,AA
hRSV_SRR24833895,745,T,OG1,L,AA
hRSV_SRR24833895,746,Y,OG1,L,AA
hRSV_SRR24833895,747,R,OG1,L,AA
hRSV_SRR24833895,748,H,OG1,L,AA
hRSV_SRR24833895,749,A,OG1,L,AA
hRSV_SRR24833895,750,P,OG1,L,AA
hRSV_SRR24833895,751,P,OG1,L,AA
hRSV_SRR24833895,752,Y,OG1,L,AA
hRSV_SRR24833895,753,I,OG1,L,AA
hRSV_SRR24833895,754,K,OG1,L,AA
hRSV_SRR24833895,755,D,OG1,L,AA
hRSV_SRR24833895,756,H,OG1,L,AA
hRSV_SRR24833895,757,I,OG1,L,AA
hRSV_SRR24833895,758,V,OG1,L,AA
hRSV_SRR24833895,759,D,OG1,L,AA
hRSV_SRR24833895,760,L,OG1,L,AA
hRSV_SRR24833895,761,N,OG1,L,AA
hRSV_SRR24833895,762,N,OG1,L,AA
hRSV_SRR24833895,763,V,OG1,L,AA
hRSV_SRR24833895,764,D,OG1,L,AA
hRSV_SRR24833895,765,E,OG1,L,AA
hRSV_SRR24833895,766,Q,OG1,L,AA
hRSV_SRR24833895,767,S,OG1,L,AA
hRSV_SRR24833895,768,G,OG1,L,AA
hRSV_SRR24833895,769,L,OG1,L,AA
hRSV_SRR24833895,770,Y,OG1,L,AA
hRSV_SRR24833895,771,R,OG1,L,AA
hRSV_SRR24833895,772,Y,OG1,L,AA
hRSV_SRR24833895,773,H,OG1,L,AA
hRSV_SRR24833895,774,M,OG1,L,AA
hRSV_SRR24833895,775,G,OG1,L,AA
hRSV_SRR24833895,776,G,OG1,L,AA
hRSV_SRR24833895,777,I,OG1,L,AA
hRSV_SRR24833895,778,E,OG1,L,AA
hRSV_SRR24833895,779,G,OG1,L,AA
hRSV_SRR24833895,780,W,OG1,L,AA
hRSV_SRR24833895,781,C,OG1,L,AA
hRSV_SRR24833895,782,Q,OG1,L,AA
hRSV_SRR24833895,783,K,OG1,L,AA
hRSV_SRR24833895,784,L,OG1,L,AA
hRSV_SRR24833895,785,W,OG1,L,AA
hRSV_SRR24833895,786,T,OG1,L,AA
hRSV_SRR24833895,787,I,OG1,L,AA
hRSV_SRR24833895,788,E,OG1,L,AA
hRSV_SRR24833895,789,A,OG1,L,AA
hRSV_SRR24833895,790,I,OG1,L,AA
hRSV_SRR24833895,791,S,OG1,L,AA
hRSV_SRR24833895,792,L,OG1,L,AA
hRSV_SRR24833895,793,L,OG1,L,AA
hRSV_SRR24833895,794,D,OG1,L,AA
hRSV_SRR24833895,795,L,OG1,L,AA
hRSV_SRR24833895,796,I,OG1,L,AA
hRSV_SRR24833895,797,S,OG1,L,AA
hRSV_SRR24833895,798,L,OG1,L,AA
hRSV_SRR24833895,799,K,OG1,L,AA
hRSV_SRR24833895,800,G,OG1,L,AA
hRSV_SRR24833895,801,K,OG1,L,AA
hRSV_SRR24833895,802,F,OG1,L,AA
hRSV_SRR24833895,803,S,OG1,L,AA
hRSV_SRR24833895,804,I,OG1,L,AA
hRSV_SRR24833895,805,T,OG1,L,AA
hRSV_SRR24833895,806,A,OG1,L,AA
hRSV_SRR24833895,807,L,OG1,L,AA
hRSV_SRR24833895,808,I,OG1,L,AA
hRSV_SRR24833895,809,N,OG1,L,AA
hRSV_SRR24833895,810,G,OG1,L,AA
hRSV_SRR24833895,811,D,OG1,L,AA
hRSV_SRR24833895,812,N,OG1,L,AA
hRSV_SRR24833895,813,Q,OG1,L,AA
hRSV_SRR24833895,814,S,OG1,L,AA
hRSV_SRR24833895,815,I,OG1,L,AA
hRSV_SRR24833895,816,D,OG1,L,AA
hRSV_SRR24833895,817,I,OG1,L,AA
hRSV_SRR24833895,818,S,OG1,L,AA
hRSV_SRR24833895,819,K,OG1,L,AA
hRSV_SRR24833895,820,P,OG1,L,AA
hRSV_SRR24833895,821,V,OG1,L,AA
hRSV_SRR24833895,822,R,OG1,L,AA
hRSV_SRR24833895,823,L,OG1,L,AA
hRSV_SRR24833895,824,M,OG1,L,AA
hRSV_SRR24833895,825,E,OG1,L,AA
hRSV_SRR24833895,826,G,OG1,L,AA
hRSV_SRR24833895,827,Q,OG1,L,AA
hRSV_SRR24833895,828,T,OG1,L,AA
hRSV_SRR24833895,829,H,OG1,L,AA
hRSV_SRR24833895,830,A,OG1,L,AA
hRSV_SRR24833895,831,Q,OG1,L,AA
hRSV_SRR24833895,832,A,OG1,L,AA
hRSV_SRR24833895,833,D,OG1,L,AA
hRSV_SRR24833895,834,Y,OG1,L,AA
hRSV_SRR24833895,835,M,OG1,L,AA
hRSV_SRR24833895,836,L,OG1,L,AA
hRSV_SRR24833895,837,A,OG1,L,AA
hRSV_SRR24833895,838,L,OG1,L,AA
hRSV_SRR24833895,839,N,OG1,L,AA
hRSV_SRR24833895,840,S,OG1,L,AA
hRSV_SRR24833895,841,L,OG1,L,AA
hRSV_SRR24833895,842,K,OG1,L,AA
hRSV_SRR24833895,843,L,OG1,L,AA
hRSV_SRR24833895,844,L,OG1,L,AA
hRSV_SRR24833895,845,Y,OG1,L,AA
hRSV_SRR24833895,846,K,OG1,L,AA
hRSV_SRR24833895,847,E,OG1,L,AA
hRSV_SRR24833895,848,Y,OG1,L,AA
hRSV_SRR24833895,849,A,OG1,L,AA
hRSV_SRR24833895,850,G,OG1,L,AA
hRSV_SRR24833895,851,I,OG1,L,AA
hRSV_SRR24833895,852,G,OG1,L,AA
hRSV_SRR24833895,853,H,OG1,L,AA
hRSV_SRR24833895,854,K,OG1,L,AA
hRSV_SRR24833895,855,L,OG1,L,AA
hRSV_SRR24833895,856,K,OG1,L,AA
hRSV_SRR24833895,857,G,OG1,L,AA
hRSV_SRR24833895,858,T,OG1,L,AA
hRSV_SRR24833895,859,E,OG1,L,AA
hRSV_SRR24833895,860,T,OG1,L,AA
hRSV_SRR24833895,861,Y,OG1,L,AA
hRSV_SRR24833895,862,I,OG1,L,AA
hRSV_SRR24833895,863,S,OG1,L,AA
hRSV_SRR24833895,864,R,OG1,L,AA
hRSV_SRR24833895,865,D,OG1,L,AA
hRSV_SRR24833895,866,M,OG1,L,AA
hRSV_SRR24833895,867,Q,OG1,L,AA
hRSV_SRR24833895,868,F,OG1,L,AA
hRSV_SRR24833895,869,M,OG1,L,AA
hRSV_SRR24833895,870,S,OG1,L,AA
hRSV_SRR24833895,871,K,OG1,L,AA
hRSV_SRR24833895,872,T,OG1,L,AA
hRSV_SRR24833895,873,I,OG1,L,AA
hRSV_SRR24833895,874,Q,OG1,L,AA
hRSV_SRR24833895,875,H,OG1,L,AA
hRSV_SRR24833895,876,N,OG1,L,AA
hRSV_SRR24833895,877,G,OG1,L,AA
hRSV_SRR24833895,878,V,OG1,L,AA
hRSV_SRR24833895,879,Y,OG1,L,AA
hRSV_SRR24833895,880,Y,OG1,L,AA
hRSV_SRR24833895,881,P,OG1,L,AA
hRSV_SRR24833895,882,A,OG1,L,AA
hRSV_SRR24833895,883,S,OG1,L,AA
hRSV_SRR24833895,884,I,OG1,L,AA
hRSV_SRR24833895,885,K,OG1,L,AA
hRSV_SRR24833895,886,K,OG1,L,AA
hRSV_SRR24833895,887,V,OG1,L,AA
hRSV_SRR24833895,888,L,OG1,L,AA
hRSV_SRR24833895,889,R,OG1,L,AA
hRSV_SRR24833895,890,V,OG1,L,AA
hRSV_SRR24833895,891,G,OG1,L,AA
hRSV_SRR24833895,892,P,OG1,L,AA
hRSV_SRR24833895,893,W,OG1,L,AA
hRSV_SRR24833895,894,I,OG1,L,AA
hRSV_SRR24833895,895,N,OG1,L,AA
hRSV_SRR24833895,896,T,OG1,L,AA
hRSV_SRR24833895,897,I,OG1,L,AA
hRSV_SRR24833895,898,L,OG1,L,AA
hRSV_SRR24833895,899,D,OG1,L,AA
hRSV_SRR24833895,900,D,OG1,L,AA
hRSV_SRR24833895,901,F,OG1,L,AA
hRSV_SRR24833895,902,K,OG1,L,AA
hRSV_SRR24833895,903,V,OG1,L,AA
hRSV_SRR24833895,904,S,OG1,L,AA
hRSV_SRR24833895,905,L,OG1,L,AA
hRSV_SRR24833895,906,E,OG1,L,AA
hRSV_SRR24833895,907,S,OG1,L,AA
hRSV_SRR24833895,908,I,OG1,L,AA
hRSV_SRR24833895,909,G,OG1,L,AA
hRSV_SRR24833895,910,S,OG1,L,AA
hRSV_SRR24833895,911,L,OG1,L,AA
hRSV_SRR24833895,912,T,OG1,L,AA
hRSV_SRR24833895,913,Q,OG1,L,AA
hRSV_SRR24833895,914,E,OG1,L,AA
hRSV_SRR24833895,915,L,OG1,L,AA
hRSV_SRR24833895,916,E,OG1,L,AA
hRSV_SRR24833895,917,Y,OG1,L,AA
hRSV_SRR24833895,918,R,OG1,L,AA
hRSV_SRR24833895,919,G,OG1,L,AA
hRSV_SRR24833895,920,E,OG1,L,AA
hRSV_SRR24833895,921,S,OG1,L,AA
hRSV_SRR24833895,922,L,OG1,L,AA
hRSV_SRR24833895,923,L,OG1,L,AA
hRSV_SRR24833895,924,C,OG1,L,AA
hRSV_SRR24833895,925,S,OG1,L,AA
hRSV_SRR24833895,926,L,OG1,L,AA
hRSV_SRR24833895,927,I,OG1,L,AA
hRSV_SRR24833895,928,F,OG1,L,AA
hRSV_SRR24833895,929,R,OG1,L,AA
hRSV_SRR24833895,930,N,OG1,L,AA
hRSV_SRR24833895,931,V,OG1,L,AA
hRSV_SRR24833895,932,W,OG1,L,AA
hRSV_SRR24833895,933,L,OG1,L,AA
hRSV_SRR24833895,934,Y,OG1,L,AA
hRSV_SRR24833895,935,N,OG1,L,AA
hRSV_SRR24833895,936,Q,OG1,L,AA
hRSV_SRR24833895,937,I,OG1,L,AA
hRSV_SRR24833895,938,A,OG1,L,AA
hRSV_SRR24833895,939,L,OG1,L,AA
hRSV_SRR24833895,940,Q,OG1,L,AA
hRSV_SRR24833895,941,L,OG1,L,AA
hRSV_SRR24833895,942,K,OG1,L,AA
hRSV_SRR24833895,943,N,OG1,L,AA
hRSV_SRR24833895,944,H,OG1,L,AA
hRSV_SRR24833895,945,A,OG1,L,AA
hRSV_SRR24833895,946,L,OG1,L,AA
hRSV_SRR24833895,947,C,OG1,L,AA
hRSV_SRR24833895,948,N,OG1,L,AA
hRSV_SRR24833895,949,N,OG1,L,AA
hRSV_SRR24833895,950,K,OG1,L,AA
hRSV_SRR24833895,951,L,OG1,L,AA
hRSV_SRR24833895,952,Y,OG1,L,AA
hRSV_SRR24833895,953,L,OG1,L,AA
hRSV_SRR24833895,954,D,OG1,L,AA
hRSV_SRR24833895,955,I,OG1,L,AA
hRSV_SRR24833895,956,L,OG1,L,AA
hRSV_SRR24833895,957,K,OG1,L,AA
hRSV_SRR24833895,958,V,OG1,L,AA
hRSV_SRR24833895,959,L,OG1,L,AA
hRSV_SRR24833895,960,K,OG1,L,AA
hRSV_SRR24833895,961,H,OG1,L,AA
hRSV_SRR24833895,962,L,OG1,L,AA
hRSV_SRR24833895,963,K,OG1,L,AA
hRSV_SRR24833895,964,T,OG1,L,AA
hRSV_SRR24833895,965,F,OG1,L,AA
hRSV_SRR24833895,966,F,OG1,L,AA
hRSV_SRR24833895,967,N,OG1,L,AA
hRSV_SRR24833895,968,L,OG1,L,AA
hRSV_SRR24833895,969,D,OG1,L,AA
hRSV_SRR24833895,970,N,OG1,L,AA
hRSV_SRR24833895,971,I,OG1,L,AA
hRSV_SRR24833895,972,D,OG1,L,AA
hRSV_SRR24833895,973,T,OG1,L,AA
hRSV_SRR24833895,974,A,OG1,L,AA
hRSV_SRR24833895,975,L,OG1,L,AA
hRSV_SRR24833895,976,T,OG1,L,AA
hRSV_SRR24833895,977,L,OG1,L,AA
hRSV_SRR24833895,978,Y,OG1,L,AA
hRSV_SRR24833895,979,M,OG1,L,AA
hRSV_SRR24833895,980,N,OG1,L,AA
hRSV_SRR24833895,981,L,OG1,L,AA
hRSV_SRR24833895,982,P,OG1,L,AA
hRSV_SRR24833895,983,M,OG1,L,AA
hRSV_SRR24833895,984,L,OG1,L,AA
hRSV_SRR24833895,985,F,OG1,L,AA
hRSV_SRR24833895,986,G,OG1,L,AA
hRSV_SRR24833895,987,G,OG1,L,AA
hRSV_SRR24833895,988,G,OG1,L,AA
hRSV_SRR24833895,989,D,OG1,L,AA
hRSV_SRR24833895,990,P,OG1,L,AA
hRSV_SRR24833895,991,N,OG1,L,AA
hRSV_SRR24833895,992,L,OG1,L,AA
hRSV_SRR24833895,993,L,OG1,L,AA
hRSV_SRR24833895,994,Y,OG1,L,AA
hRSV_SRR24833895,995,R,OG1,L,AA
hRSV_SRR24833895,996,S,OG1,L,AA
hRSV_SRR24833895,997,F,OG1,L,AA
hRSV_SRR24833895,998,Y,OG1,L,AA
hRSV_SRR24833895,999,R,OG1,L,AA
hRSV_SRR24833895,1000,R,OG1,L,AA
hRSV_SRR24833895,1001,T,OG1,L,AA
hRSV_SRR24833895,1002,P,OG1,L,AA
hRSV_SRR24833895,1003,D,OG1,L,AA
hRSV_SRR24833895,1004,F,OG1,L,AA
hRSV_SRR24833895,1005,L,OG1,L,AA
hRSV_SRR24833895,1006,T,OG1,L,AA
hRSV_SRR24833895,1007,E,OG1,L,AA
hRSV_SRR24833895,1008,A,OG1,L,AA
hRSV_SRR24833895,1009,I,OG1,L,AA
hRSV_SRR24833895,1010,V,OG1,L,AA
hRSV_SRR24833895,1011,H,OG1,L,AA
hRSV_SRR24833895,1012,S,OG1,L,AA
hRSV_SRR24833895,1013,V,OG1,L,AA
hRSV_SRR24833895,1014,F,OG1,L,AA
hRSV_SRR24833895,1015,I,OG1,L,AA
hRSV_SRR24833895,1016,L,OG1,L,AA
hRSV_SRR24833895,1017,S,OG1,L,AA
hRSV_SRR24833895,1018,Y,OG1,L,AA
hRSV_SRR24833895,1019,Y,OG1,L,AA
hRSV_SRR24833895,1020,T,OG1,L,AA
hRSV_SRR24833895,1021,N,OG1,L,AA
hRSV_SRR24833895,1022,H,OG1,L,AA
hRSV_SRR24833895,1023,D,OG1,L,AA
hRSV_SRR24833895,1024,L,OG1,L,AA
hRSV_SRR24833895,1025,K,OG1,L,AA
hRSV_SRR24833895,1026,D,OG1,L,AA
hRSV_SRR24833895,1027,K,OG1,L,AA
hRSV_SRR24833895,1028,L,OG1,L,AA
hRSV_SRR24833895,1029,Q,OG1,L,AA
hRSV_SRR24833895,1030,D,OG1,L,AA
hRSV_SRR24833895,1031,L,OG1,L,AA
hRSV_SRR24833895,1032,S,OG1,L,AA
hRSV_SRR24833895,1033,D,OG1,L,AA
hRSV_SRR24833895,1034,D,OG1,L,AA
hRSV_SRR24833895,1035,R,OG1,L,AA
hRSV_SRR24833895,1036,L,OG1,L,AA
hRSV_SRR24833895,1037,N,OG1,L,AA
hRSV_SRR24833895,1038,K,OG1,L,AA
hRSV_SRR24833895,1039,F,OG1,L,AA
hRSV_SRR24833895,1040,L,OG1,L,AA
hRSV_SRR24833895,1041,T,OG1,L,AA
hRSV_SRR24833895,1042,C,OG1,L,AA
hRSV_SRR24833895,1043,I,OG1,L,AA
hRSV_SRR24833895,1044,I,OG1,L,AA
hRSV_SRR24833895,1045,T,OG1,L,AA
hRSV_SRR24833895,1046,F,OG1,L,AA
hRSV_SRR24833895,1047,D,OG1,L,AA
hRSV_SRR24833895,1048,K,OG1,L,AA
hRSV_SRR24833895,1049,N,OG1,L,AA
hRSV_SRR24833895,1050,P,OG1,L,AA
hRSV_SRR24833895,1051,N,OG1,L,AA
hRSV_SRR24833895,1052,A,OG1,L,AA
hRSV_SRR24833895,1053,E,OG1,L,AA
hRSV_SRR24833895,1054,F,OG1,L,AA
hRSV_SRR24833895,1055,V,OG1,L,AA
hRSV_SRR24833895,1056,T,OG1,L,AA
hRSV_SRR24833895,1057,L,OG1,L,AA
hRSV_SRR24833895,1058,M,OG1,L,AA
hRSV_SRR24833895,1059,R,OG1,L,AA
hRSV_SRR24833895,1060,D,OG1,L,AA
hRSV_SRR24833895,1061,P,OG1,L,AA
hRSV_SRR24833895,1062,Q,OG1,L,AA
hRSV_SRR24833895,1063,A,OG1,L,AA
hRSV_SRR24833895,1064,L,OG1,L,AA
hRSV_SRR24833895,1065,G,OG1,L,AA
hRSV_SRR24833895,1066,S,OG1,L,AA
hRSV_SRR24833895,1067,E,OG1,L,AA
hRSV_SRR24833895,1068,R,OG1,L,AA
hRSV_SRR24833895,1069,Q,OG1,L,AA
hRSV_SRR24833895,1070,A,OG1,L,AA
hRSV_SRR24833895,1071,K,OG1,L,AA
hRSV_SRR24833895,1072,I,OG1,L,AA
hRSV_SRR24833895,1073,T,OG1,L,AA
hRSV_SRR24833895,1074,S,OG1,L,AA
hRSV_SRR24833895,1075,E,OG1,L,AA
hRSV_SRR24833895,1076,I,OG1,L,AA
hRSV_SRR24833895,1077,N,OG1,L,AA
hRSV_SRR24833895,1078,R,OG1,L,AA
hRSV_SRR24833895,1079,L,OG1,L,AA
hRSV_SRR24833895,1080,A,OG1,L,AA
hRSV_SRR24833895,1081,V,OG1,L,AA
hRSV_SRR24833895,1082,T,OG1,L,AA
hRSV_SRR24833895,1083,E,OG1,L,AA
hRSV_SRR24833895,1084,V,OG1,L,AA
hRSV_SRR24833895,1085,L,OG1,L,AA
hRSV_SRR24833895,1086,S,OG1,L,AA
hRSV_SRR24833895,1087,T,OG1,L,AA
hRSV_SRR24833895,1088,A,OG1,L,AA
hRSV_SRR24833895,1089,P,OG1,L,AA
hRSV_SRR24833895,1090,N,OG1,L,AA
hRSV_SRR24833895,1091,K,OG1,L,AA
hRSV_SRR24833895,1092,I,OG1,L,AA
hRSV_SRR24833895,1093,F,OG1,L,AA
hRSV_SRR24833895,1094,S,OG1,L,AA
hRSV_SRR24833895,1095,K,OG1,L,AA
hRSV_SRR24833895,1096,S,OG1,L,AA
hRSV_SRR24833895,1097,A,OG1,L,AA
hRSV_SRR24833895,1098,Q,OG1,L,AA
hRSV_SRR24833895,1099,H,OG1,L,AA
hRSV_SRR24833895,1100,Y,OG1,L,AA
hRSV_SRR24833895,1101,T,OG1,L,AA
hRSV_SRR24833895,1102,T,OG1,L,AA
hRSV_SRR24833895,1103,T,OG1,L,AA
hRSV_SRR24833895,1104,E,OG1,L,AA
hRSV_SRR24833895,1105,I,OG1,L,AA
hRSV_SRR24833895,1106,D,OG1,L,AA
hRSV_SRR24833895,1107,L,OG1,L,AA
hRSV_SRR24833895,1108,N,OG1,L,AA
hRSV_SRR24833895,1109,D,OG1,L,AA
hRSV_SRR24833895,1110,I,OG1,L,AA
hRSV_SRR24833895,1111,M,OG1,L,AA
hRSV_SRR24833895,1112,Q,OG1,L,AA
hRSV_SRR24833895,1113,N,OG1,L,AA
hRSV_SRR24833895,1114,I,OG1,L,AA
hRSV_SRR24833895,1115,E,OG1,L,AA
hRSV_SRR24833895,1116,P,OG1,L,AA
hRSV_SRR24833895,1117,T,OG1,L,AA
hRSV_SRR24833895,1118,Y,OG1,L,AA
hRSV_SRR24833895,1119,P,OG1,L,AA
hRSV_SRR24833895,1120,H,OG1,L,AA
hRSV_SRR24833895,1121,G,OG1,L,AA
hRSV_SRR24833895,1122,L,OG1,L,AA
hRSV_SRR24833895,1123,R,OG1,L,AA
hRSV_SRR24833895,1124,V,OG1,L,AA
hRSV_SRR24833895,1125,V,OG1,L,AA
hRSV_SRR24833895,1126,Y,OG1,L,AA
hRSV_SRR24833895,1127,E,OG1,L,AA
hRSV_SRR24833895,1128,S,OG1,L,AA
hRSV_SRR24833895,1129,L,OG1,L,AA
hRSV_SRR24833895,1130,P,OG1,L,AA
hRSV_SRR24833895,1131,F,OG1,L,AA
hRSV_SRR24833895,1132,Y,OG1,L,AA
hRSV_SRR24833895,1133,K,OG1,L,AA
hRSV_SRR24833895,1134,A,OG1,L,AA
hRSV_SRR24833895,1135,E,OG1,L,AA
hRSV_SRR24833895,1136,K,OG1,L,AA
hRSV_SRR24833895,1137,I,OG1,L,AA
hRSV_SRR24833895,1138,V,OG1,L,AA
hRSV_SRR24833895,1139,N,OG1,L,AA
hRSV_SRR24833895,1140,L,OG1,L,AA
hRSV_SRR24833895,1141,I,OG1,L,AA
hRSV_SRR24833895,1142,S,OG1,L,AA
hRSV_SRR24833895,1143,G,OG1,L,AA
hRSV_SRR24833895,1144,T,OG1,L,AA
hRSV_SRR24833895,1145,K,OG1,L,AA
hRSV_SRR24833895,1146,S,OG1,L,AA
hRSV_SRR24833895,1147,I,OG1,L,AA
hRSV_SRR24833895,1148,T,OG1,L,AA
hRSV_SRR24833895,1149,N,OG1,L,AA
hRSV_SRR24833895,1150,I,OG1,L,AA
hRSV_SRR24833895,1151,L,OG1,L,AA
hRSV_SRR24833895,1152,E,OG1,L,AA
hRSV_SRR24833895,1153,K,OG1,L,AA
hRSV_SRR24833895,1154,T,OG1,L,AA
hRSV_SRR24833895,1155,S,OG1,L,AA
hRSV_SRR24833895,1156,A,OG1,L,AA
hRSV_SRR24833895,1157,I,OG1,L,AA
hRSV_SRR24833895,1158,D,OG1,L,AA
hRSV_SRR24833895,1159,L,OG1,L,AA
hRSV_SRR24833895,1160,T,OG1,L,AA
hRSV_SRR24833895,1161,D,OG1,L,AA
hRSV_SRR24833895,1162,I,OG1,L,AA
hRSV_SRR24833895,1163,D,OG1,L,AA
hRSV_SRR24833895,1164,R,OG1,L,AA
hRSV_SRR24833895,1165,A,OG1,L,AA
hRSV_SRR24833895,1166,T,OG1,L,AA
hRSV_SRR24833895,1167,E,OG1,L,AA
hRSV_SRR24833895,1168,M,OG1,L,AA
hRSV_SRR24833895,1169,M,OG1,L,AA
hRSV_SRR24833895,1170,R,OG1,L,AA
hRSV_SRR24833895,1171,K,OG1,L,AA
hRSV_SRR24833895,1172,N,OG1,L,AA
hRSV_SRR24833895,1173,I,OG1,L,AA
hRSV_SRR24833895,1174,T,OG1,L,AA
hRSV_SRR24833895,1175,L,OG1,L,AA
hRSV_SRR24833895,1176,L,OG1,L,AA
hRSV_SRR24833895,1177,I,OG1,L,AA
hRSV_SRR24833895,1178,R,OG1,L,AA
hRSV_SRR24833895,1179,I,OG1,L,AA
hRSV_SRR24833895,1180,L,OG1,L,AA
hRSV_SRR24833895,1181,P,OG1,L,AA
hRSV_SRR24833895,1182,L,OG1,L,AA
hRSV_SRR24833895,1183,D,OG1,L,AA
hRSV_SRR24833895,1184,C,OG1,L,AA
hRSV_SRR24833895,1185,N,OG1,L,AA
hRSV_SRR24833895,1186,R,OG1,L,AA
hRSV_SRR24833895,1187,D,OG1,L,AA
hRSV_SRR24833895,1188,K,OG1,L,AA
hRSV_SRR24833895,1189,R,OG1,L,AA
hRSV_SRR24833895,1190,E,OG1,L,AA
hRSV_SRR24833895,1191,I,OG1,L,AA
hRSV_SRR24833895,1192,L,OG1,L,AA
hRSV_SRR24833895,1193,S,OG1,L,AA
hRSV_SRR24833895,1194,M,OG1,L,AA
hRSV_SRR24833895,1195,E,OG1,L,AA
hRSV_SRR24833895,1196,N,OG1,L,AA
hRSV_SRR24833895,1197,L,OG1,L,AA
hRSV_SRR24833895,1198,S,OG1,L,AA
hRSV_SRR24833895,1199,I,OG1,L,AA
hRSV_SRR24833895,1200,T,OG1,L,AA
hRSV_SRR24833895,1201,E,OG1,L,AA
hRSV_SRR24833895,1202,L,OG1,L,AA
hRSV_SRR24833895,1203,S,OG1,L,AA
hRSV_SRR24833895,1204,K,OG1,L,AA
hRSV_SRR24833895,1205,Y,OG1,L,AA
hRSV_SRR24833895,1206,V,OG1,L,AA
hRSV_SRR24833895,1207,R,OG1,L,AA
hRSV_SRR24833895,1208,E,OG1,L,AA
hRSV_SRR24833895,1209,R,OG1,L,AA
hRSV_SRR24833895,1210,S,OG1,L,AA
hRSV_SRR24833895,1211,W,OG1,L,AA
hRSV_SRR24833895,1212,S,OG1,L,AA
hRSV_SRR24833895,1213,L,OG1,L,AA
hRSV_SRR24833895,1214,S,OG1,L,AA
hRSV_SRR24833895,1215,N,OG1,L,AA
hRSV_SRR24833895,1216,I,OG1,L,AA
hRSV_SRR24833895,1217,V,OG1,L,AA
hRSV_SRR24833895,1218,G,OG1,L,AA
hRSV_SRR24833895,1219,V,OG1,L,AA
hRSV_SRR24833895,1220,T,OG1,L,AA
hRSV_SRR24833895,1221,S,OG1,L,AA
hRSV_SRR24833895,1222,P,OG1,L,AA
hRSV_SRR24833895,1223,S,OG1,L,AA
hRSV_SRR24833895,1224,I,OG1,L,AA
hRSV_SRR24833895,1225,M,OG1,L,AA
hRSV_SRR24833895,1226,Y,OG1,L,AA
hRSV_SRR24833895,1227,T,OG1,L,AA
hRSV_SRR24833895,1228,M,OG1,L,AA
hRSV_SRR24833895,1229,D,OG1,L,AA
hRSV_SRR24833895,1230,I,OG1,L,AA
hRSV_SRR24833895,1231,K,OG1,L,AA
hRSV_SRR24833895,1232,Y,OG1,L,AA
hRSV_SRR24833895,1233,T,OG1,L,AA
hRSV_SRR24833895,1234,T,OG1,L,AA
hRSV_SRR24833895,1235,S,OG1,L,AA
hRSV_SRR24833895,1236,T,OG1,L,AA
hRSV_SRR24833895,1237,I,OG1,L,AA
hRSV_SRR24833895,1238,A,OG1,L,AA
hRSV_SRR24833895,1239,S,OG1,L,AA
hRSV_SRR24833895,1240,G,OG1,L,AA
hRSV_SRR24833895,1241,I,OG1,L,AA
hRSV_SRR24833895,1242,I,OG1,L,AA
hRSV_SRR24833895,1243,I,OG1,L,AA
hRSV_SRR24833895,1244,E,OG1,L,AA
hRSV_SRR24833895,1245,K,OG1,L,AA
hRSV_SRR24833895,1246,Y,OG1,L,AA
hRSV_SRR24833895,1247,N,OG1,L,AA
hRSV_SRR24833895,1248,V,OG1,L,AA
hRSV_SRR24833895,1249,N,OG1,L,AA
hRSV_SRR24833895,1250,S,OG1,L,AA
hRSV_SRR24833895,1251,L,OG1,L,AA
hRSV_SRR24833895,1252,T,OG1,L,AA
hRSV_SRR24833895,1253,R,OG1,L,AA
hRSV_SRR24833895,1254,G,OG1,L,AA
hRSV_SRR24833895,1255,E,OG1,L,AA
hRSV_SRR24833895,1256,R,OG1,L,AA
hRSV_SRR24833895,1257,G,OG1,L,AA
hRSV_SRR24833895,1258,P,OG1,L,AA
hRSV_SRR24833895,1259,T,OG1,L,AA
hRSV_SRR24833895,1260,K,OG1,L,AA
hRSV_SRR24833895,1261,P,OG1,L,AA
hRSV_SRR24833895,1262,W,OG1,L,AA
hRSV_SRR24833895,1263,V,OG1,L,AA
hRSV_SRR24833895,1264,G,OG1,L,AA
hRSV_SRR24833895,1265,S,OG1,L,AA
hRSV_SRR24833895,1266,S,OG1,L,AA
hRSV_SRR24833895,1267,T,OG1,L,AA
hRSV_SRR24833895,1268,Q,OG1,L,AA
hRSV_SRR24833895,1269,E,OG1,L,AA
hRSV_SRR24833895,1270,K,OG1,L,AA
hRSV_SRR24833895,1271,K,OG1,L,AA
hRSV_SRR24833895,1272,T,OG1,L,AA
hRSV_SRR24833895,1273,M,OG1,L,AA
hRSV_SRR24833895,1274,P,OG1,L,AA
hRSV_SRR24833895,1275,V,OG1,L,AA
hRSV_SRR24833895,1276,Y,OG1,L,AA
hRSV_SRR24833895,1277,N,OG1,L,AA
hRSV_SRR24833895,1278,R,OG1,L,AA
hRSV_SRR24833895,1279,Q,OG1,L,AA
hRSV_SRR24833895,1280,V,OG1,L,AA
hRSV_SRR24833895,1281,L,OG1,L,AA
hRSV_SRR24833895,1282,T,OG1,L,AA
hRSV_SRR24833895,1283,K,OG1,L,AA
hRSV_SRR24833895,1284,K,OG1,L,AA
hRSV_SRR24833895,1285,Q,OG1,L,AA
hRSV_SRR24833895,1286,R,OG1,L,AA
hRSV_SRR24833895,1287,D,OG1,L,AA
hRSV_SRR24833895,1288,Q,OG1,L,AA
hRSV_SRR24833895,1289,I,OG1,L,AA
hRSV_SRR24833895,1290,D,OG1,L,AA
hRSV_SRR24833895,1291,L,OG1,L,AA
hRSV_SRR24833895,1292,L,OG1,L,AA
hRSV_SRR24833895,1293,A,OG1,L,AA
hRSV_SRR24833895,1294,K,OG1,L,AA
hRSV_SRR24833895,1295,L,OG1,L,AA
hRSV_SRR24833895,1296,D,OG1,L,AA
hRSV_SRR24833895,1297,W,OG1,L,AA
hRSV_SRR24833895,1298,V,OG1,L,AA
hRSV_SRR24833895,1299,Y,OG1,L,AA
hRSV_SRR24833895,1300,A,OG1,L,AA
hRSV_SRR24833895,1301,S,OG1,L,AA
hRSV_SRR24833895,1302,I,OG1,L,AA
hRSV_SRR24833895,1303,D,OG1,L,AA
hRSV_SRR24833895,1304,N,OG1,L,AA
hRSV_SRR24833895,1305,K,OG1,L,AA
hRSV_SRR24833895,1306,D,OG1,L,AA
hRSV_SRR24833895,1307,E,OG1,L,AA
hRSV_SRR24833895,1308,F,OG1,L,AA
hRSV_SRR24833895,1309,M,OG1,L,AA
hRSV_SRR24833895,1310,E,OG1,L,AA
hRSV_SRR24833895,1311,E,OG1,L,AA
hRSV_SRR24833895,1312,L,OG1,L,AA
hRSV_SRR24833895,1313,S,OG1,L,AA
hRSV_SRR24833895,1314,I,OG1,L,AA
hRSV_SRR24833895,1315,G,OG1,L,AA
hRSV_SRR24833895,1316,T,OG1,L,AA
hRSV_SRR24833895,1317,L,OG1,L,AA
hRSV_SRR24833895,1318,G,OG1,L,AA
hRSV_SRR24833895,1319,L,OG1,L,AA
hRSV_SRR24833895,1320,T,OG1,L,AA
hRSV_SRR24833895,1321,Y,OG1,L,AA
hRSV_SRR24833895,1322,E,OG1,L,AA
hRSV_SRR24833895,1323,K,OG1,L,AA
hRSV_SRR24833895,1324,A,OG1,L,AA
hRSV_SRR24833895,1325,K,OG1,L,AA
hRSV_SRR24833895,1326,K,OG1,L,AA
hRSV_SRR24833895,1327,L,OG1,L,AA
hRSV_SRR24833895,1328,F,OG1,L,AA
hRSV_SRR24833895,1329,P,OG1,L,AA
hRSV_SRR24833895,1330,Q,OG1,L,AA
hRSV_SRR24833895,1331,Y,OG1,L,AA
hRSV_SRR24833895,1332,L,OG1,L,AA
hRSV_SRR24833895,1333,S,OG1,L,AA
hRSV_SRR24833895,1334,V,OG1,L,AA
hRSV_SRR24833895,1335,N,OG1,L,AA
hRSV_SRR24833895,1336,Y,OG1,L,AA
hRSV_SRR24833895,1337,L,OG1,L,AA
hRSV_SRR24833895,1338,H,OG1,L,AA
hRSV_SRR24833895,1339,R,OG1,L,AA
hRSV_SRR24833895,1340,L,OG1,L,AA
hRSV_SRR24833895,1341,T,OG1,L,AA
hRSV_SRR24833895,1342,V,OG1,L,AA
hRSV_SRR24833895,1343,S,OG1,L,AA
hRSV_SRR24833895,1344,S,OG1,L,AA
hRSV_SRR24833895,1345,R,OG1,L,AA
hRSV_SRR24833895,1346,P,OG1,L,AA
hRSV_SRR24833895,1347,C,OG1,L,AA
hRSV_SRR24833895,1348,E,OG1,L,AA
hRSV_SRR24833895,1349,F,OG1,L,AA
hRSV_SRR24833895,1350,P,OG1,L,AA
hRSV_SRR24833895,1351,A,OG1,L,AA
hRSV_SRR24833895,1352,S,OG1,L,AA
hRSV_SRR24833895,1353,I,OG1,L,AA
hRSV_SRR24833895,1354,P,OG1,L,AA
hRSV_SRR24833895,1355,A,OG1,L,AA
hRSV_SRR24833895,1356,Y,OG1,L,AA
hRSV_SRR24833895,1357,R,OG1,L,AA
hRSV_SRR24833895,1358,T,OG1,L,AA
hRSV_SRR24833895,1359,T,OG1,L,AA
hRSV_SRR24833895,1360,N,OG1,L,AA
hRSV_SRR24833895,1361,Y,OG1,L,AA
hRSV_SRR24833895,1362,H,OG1,L,AA
hRSV_SRR24833895,1363,F,OG1,L,AA
hRSV_SRR24833895,1364,D,OG1,L,AA
hRSV_SRR24833895,1365,T,OG1,L,AA
hRSV_SRR24833895,1366,S,OG1,L,AA
hRSV_SRR24833895,1367,P,OG1,L,AA
hRSV_SRR24833895,1368,I,OG1,L,AA
hRSV_SRR24833895,1369,N,OG1,L,AA
hRSV_SRR24833895,1370,R,OG1,L,AA
hRSV_SRR24833895,1371,I,OG1,L,AA
hRSV_SRR24833895,1372,L,OG1,L,AA
hRSV_SRR24833895,1373,T,OG1,L,AA
hRSV_SRR24833895,1374,E,OG1,L,AA
hRSV_SRR24833895,1375,K,OG1,L,AA
hRSV_SRR24833895,1376,Y,OG1,L,AA
hRSV_SRR24833895,1377,G,OG1,L,AA
hRSV_SRR24833895,1378,D,OG1,L,AA
hRSV_SRR24833895,1379,E,OG1,L,AA
hRSV_SRR24833895,1380,D,OG1,L,AA
hRSV_SRR24833895,1381,I,OG1,L,AA
hRSV_SRR24833895,1382,D,OG1,L,AA
hRSV_SRR24833895,1383,I,OG1,L,AA
hRSV_SRR24833895,1384,V,OG1,L,AA
hRSV_SRR24833895,1385,F,OG1,L,AA
hRSV_SRR24833895,1386,Q,OG1,L,AA
hRSV_SRR24833895,1387,N,OG1,L,AA
hRSV_SRR24833895,1388,C,OG1,L,AA
hRSV_SRR24833895,1389,I,OG1,L,AA
hRSV_SRR24833895,1390,S,OG1,L,AA
hRSV_SRR24833895,1391,F,OG1,L,AA
hRSV_SRR24833895,1392,G,OG1,L,AA
hRSV_SRR24833895,1393,L,OG1,L,AA
hRSV_SRR24833895,1394,S,OG1,L,AA
hRSV_SRR24833895,1395,L,OG1,L,AA
hRSV_SRR24833895,1396,M,OG1,L,AA
hRSV_SRR24833895,1397,S,OG1,L,AA
hRSV_SRR24833895,1398,V,OG1,L,AA
hRSV_SRR24833895,1399,V,OG1,L,AA
hRSV_SRR24833895,1400,E,OG1,L,AA
hRSV_SRR24833895,1401,Q,OG1,L,AA
hRSV_SRR24833895,1402,F,OG1,L,AA
hRSV_SRR24833895,1403,T,OG1,L,AA
hRSV_SRR24833895,1404,N,OG1,L,AA
hRSV_SRR24833895,1405,V,OG1,L,AA
hRSV_SRR24833895,1406,C,OG1,L,AA
hRSV_SRR24833895,1407,P,OG1,L,AA
hRSV_SRR24833895,1408,N,OG1,L,AA
hRSV_SRR24833895,1409,R,OG1,L,AA
hRSV_SRR24833895,1410,I,OG1,L,AA
hRSV_SRR24833895,1411,I,OG1,L,AA
hRSV_SRR24833895,1412,L,OG1,L,AA
hRSV_SRR24833895,1413,I,OG1,L,AA
hRSV_SRR24833895,1414,P,OG1,L,AA
hRSV_SRR24833895,1415,K,OG1,L,AA
hRSV_SRR24833895,1416,L,OG1,L,AA
hRSV_SRR24833895,1417,N,OG1,L,AA
hRSV_SRR24833895,1418,E,OG1,L,AA
hRSV_SRR24833895,1419,I,OG1,L,AA
hRSV_SRR24833895,1420,H,OG1,L,AA
hRSV_SRR24833895,1421,L,OG1,L,AA
hRSV_SRR24833895,1422,M,OG1,L,AA
hRSV_SRR24833895,1423,K,OG1,L,AA
hRSV_SRR24833895,1424,P,OG1,L,AA
hRSV_SRR24833895,1425,P,OG1,L,AA
hRSV_SRR24833895,1426,I,OG1,L,AA
hRSV_SRR24833895,1427,F,OG1,L,AA
hRSV_SRR24833895,1428,T,OG1,L,AA
hRSV_SRR24833895,1429,G,OG1,L,AA
hRSV_SRR24833895,1430,D,OG1,L,AA
hRSV_SRR24833895,1431,V,OG1,L,AA
hRSV_SRR24833895,1432,D,OG1,L,AA
hRSV_SRR24833895,1433,I,OG1,L,AA
hRSV_SRR24833895,1434,H,OG1,L,AA
hRSV_SRR24833895,1435,K,OG1,L,AA
hRSV_SRR24833895,1436,L,OG1,L,AA
hRSV_SRR24833895,1437,K,OG1,L,AA
hRSV_SRR24833895,1438,Q,OG1,L,AA
hRSV_SRR24833895,1439,V,OG1,L,AA
hRSV_SRR24833895,1440,I,OG1,L,AA
hRSV_SRR24833895,1441,Q,OG1,L,AA
hRSV_SRR24833895,1442,K,OG1,L,AA
hRSV_SRR24833895,1443,Q,OG1,L,AA
hRSV_SRR24833895,1444,H,OG1,L,AA
hRSV_SRR24833895,1445,M,OG1,L,AA
hRSV_SRR24833895,1446,F,OG1,L,AA
hRSV_SRR24833895,1447,L,OG1,L,AA
hRSV_SRR24833895,1448,P,OG1,L,AA
hRSV_SRR24833895,1449,D,OG1,L,AA
hRSV_SRR24833895,1450,K,OG1,L,AA
hRSV_SRR24833895,1451,I,OG1,L,AA
hRSV_SRR24833895,1452,S,OG1,L,AA
hRSV_SRR24833895,1453,L,OG1,L,AA
hRSV_SRR24833895,1454,T,OG1,L,AA
hRSV_SRR24833895,1455,Q,OG1,L,AA
hRSV_SRR24833895,1456,Y,OG1,L,AA
hRSV_SRR24833895,1457,V,OG1,L,AA
hRSV_SRR24833895,1458,E,OG1,L,AA
hRSV_SRR24833895,1459,L,OG1,L,AA
hRSV_SRR24833895,1460,F,OG1,L,AA
hRSV_SRR24833895,1461,L,OG1,L,AA
hRSV_SRR24833895,1462,S,OG1,L,AA
hRSV_SRR24833895,1463,N,OG1,L,AA
hRSV_SRR24833895,1464,-,OG1,L,AA
hRSV_SRR24833895,1465,K,OG1,L,AA
hRSV_SRR24833895,1466,T,OG1,L,AA
hRSV_SRR24833895,1467,L,OG1,L,AA
hRSV_SRR24833895,1468,K,OG1,L,AA
hRSV_SRR24833895,1469,S,OG1,L,AA
hRSV_SRR24833895,1470,G,OG1,L,AA
hRSV_SRR24833895,1471,S,OG1,L,AA
hRSV_SRR24833895,1472,N,OG1,L,AA
hRSV_SRR24833895,1473,V,OG1,L,AA
hRSV_SRR24833895,1474,N,OG1,L,AA
hRSV_SRR24833895,1475,S,OG1,L,AA
hRSV_SRR24833895,1476,N,OG1,L,AA
hRSV_SRR24833895,1477,L,OG1,L,AA
hRSV_SRR24833895,1478,I,OG1,L,AA
hRSV_SRR24833895,1479,L,OG1,L,AA
hRSV_SRR24833895,1480,A,OG1,L,AA
hRSV_SRR24833895,1481,H,OG1,L,AA
hRSV_SRR24833895,1482,K,OG1,L,AA
hRSV_SRR24833895,1483,I,OG1,L,AA
hRSV_SRR24833895,1484,S,OG1,L,AA
hRSV_SRR24833895,1485,D,OG1,L,AA
hRSV_SRR24833895,1486,Y,OG1,L,AA
hRSV_SRR24833895,1487,F,OG1,L,AA
hRSV_SRR24833895,1488,H,OG1,L,AA
hRSV_SRR24833895,1489,N,OG1,L,AA
hRSV_SRR24833895,1490,T,OG1,L,AA
hRSV_SRR24833895,1491,Y,OG1,L,AA
hRSV_SRR24833895,1492,I,OG1,L,AA
hRSV_SRR24833895,1493,-,OG1,L,AA
hRSV_SRR24833895,1494,-,OG1,L,AA
hRSV_SRR24833895,1495,-,OG1,L,AA
hRSV_SRR24833895,1496,L,OG1,L,AA
hRSV_SRR24833895,1497,S,OG1,L,AA
hRSV_SRR24833895,1498,T,OG1,L,AA
hRSV_SRR24833895,1499,N,OG1,L,AA
hRSV_SRR24833895,1500,L,OG1,L,AA
hRSV_SRR24833895,1501,A,OG1,L,AA
hRSV_SRR24833895,1502,G,OG1,L,AA
hRSV_SRR24833895,1503,H,OG1,L,AA
hRSV_SRR24833895,1504,W,OG1,L,AA
hRSV_SRR24833895,1505,I,OG1,L,AA
hRSV_SRR24833895,1506,L,OG1,L,AA
hRSV_SRR24833895,1507,I,OG1,L,AA
hRSV_SRR24833895,1508,I,OG1,L,AA
hRSV_SRR24833895,1509,Q,OG1,L,AA
hRSV_SRR24833895,1510,L,OG1,L,AA
hRSV_SRR24833895,1511,M,OG1,L,AA
hRSV_SRR24833895,1512,K,OG1,L,AA
hRSV_SRR24833895,1513,D,OG1,L,AA
hRSV_SRR24833895,1514,S,OG1,L,AA
hRSV_SRR24833895,1515,K,OG1,L,AA
hRSV_SRR24833895,1516,G,OG1,L,AA
hRSV_SRR24833895,1517,I,OG1,L,AA
hRSV_SRR24833895,1518,F,OG1,L,AA
hRSV_SRR24833895,1519,E,OG1,L,AA
hRSV_SRR24833895,1520,K,OG1,L,AA
hRSV_SRR24833895,1521,D,OG1,L,AA
hRSV_SRR24833895,1522,W,OG1,L,AA
hRSV_SRR24833895,1523,G,OG1,L,AA
hRSV_SRR24833895,1524,E,OG1,L,AA
hRSV_SRR24833895,1525,G,OG1,L,AA
hRSV_SRR24833895,1526,Y,OG1,L,AA
hRSV_SRR24833895,1527,I,OG1,L,AA
hRSV_SRR24833895,1528,T,OG1,L,AA
hRSV_SRR24833895,1529,D,OG1,L,AA
hRSV_SRR24833895,1530,H,OG1,L,AA
hRSV_SRR24833895,1531,M,OG1,L,AA
hRSV_SRR24833895,1532,F,OG1,L,AA
hRSV_SRR24833895,1533,I,OG1,L,AA
hRSV_SRR24833895,1534,N,OG1,L,AA
hRSV_SRR24833895,1535,L,OG1,L,AA
hRSV_SRR24833895,1536,K,OG1,L,AA
hRSV_SRR24833895,1537,V,OG1,L,AA
hRSV_SRR24833895,1538,F,OG1,L,AA
hRSV_SRR24833895,1539,F,OG1,L,AA
hRSV_SRR24833895,1540,N,OG1,L,AA
hRSV_SRR24833895,1541,A,OG1,L,AA
hRSV_SRR24833895,1542,Y,OG1,L,AA
hRSV_SRR24833895,1543,K,OG1,L,AA
hRSV_SRR24833895,1544,T,OG1,L,AA
hRSV_SRR24833895,1545,Y,OG1,L,AA
hRSV_SRR24833895,1546,L,OG1,L,AA
hRSV_SRR24833895,1547,L,OG1,L,AA
hRSV_SRR24833895,1548,C,OG1,L,AA
hRSV_SRR24833895,1549,F,OG1,L,AA
hRSV_SRR24833895,1550,H,OG1,L,AA
hRSV_SRR24833895,1551,K,OG1,L,AA
hRSV_SRR24833895,1552,G,OG1,L,AA
hRSV_SRR24833895,1553,Y,OG1,L,AA
hRSV_SRR24833895,1554,S,OG1,L,AA
hRSV_SRR24833895,1555,R,OG1,L,AA
hRSV_SRR24833895,1556,A,OG1,L,AA
hRSV_SRR24833895,1557,K,OG1,L,AA
hRSV_SRR24833895,1558,L,OG1,L,AA
hRSV_SRR24833895,1559,E,OG1,L,AA
hRSV_SRR24833895,1560,C,OG1,L,AA
hRSV_SRR24833895,1561,D,OG1,L,AA
hRSV_SRR24833895,1562,M,OG1,L,AA
hRSV_SRR24833895,1563,N,OG1,L,AA
hRSV_SRR24833895,1564,T,OG1,L,AA
hRSV_SRR24833895,1565,S,OG1,L,AA
hRSV_SRR24833895,1566,D,OG1,L,AA
hRSV_SRR24833895,1567,L,OG1,L,AA
hRSV_SRR24833895,1568,L,OG1,L,AA
hRSV_SRR24833895,1569,C,OG1,L,AA
hRSV_SRR24833895,1570,V,OG1,L,AA
hRSV_SRR24833895,1571,L,OG1,L,AA
hRSV_SRR24833895,1572,E,OG1,L,AA
hRSV_SRR24833895,1573,L,OG1,L,AA
hRSV_SRR24833895,1574,I,OG1,L,AA
hRSV_SRR24833895,1575,D,OG1,L,AA
hRSV_SRR24833895,1576,S,OG1,L,AA
hRSV_SRR24833895,1577,S,OG1,L,AA
hRSV_SRR24833895,1578,Y,OG1,L,AA
hRSV_SRR24833895,1579,W,OG1,L,AA
hRSV_SRR24833895,1580,K,OG1,L,AA
hRSV_SRR24833895,1581,S,OG1,L,AA
hRSV_SRR24833895,1582,M,OG1,L,AA
hRSV_SRR24833895,1583,S,OG1,L,AA
hRSV_SRR24833895,1584,K,OG1,L,AA
hRSV_SRR24833895,1585,V,OG1,L,AA
hRSV_SRR24833895,1586,F,OG1,L,AA
hRSV_SRR24833895,1587,L,OG1,L,AA
hRSV_SRR24833895,1588,E,OG1,L,AA
hRSV_SRR24833895,1589,Q,OG1,L,AA
hRSV_SRR24833895,1590,K,OG1,L,AA
hRSV_SRR24833895,1591,V,OG1,L,AA
hRSV_SRR24833895,1592,I,OG1,L,AA
hRSV_SRR24833895,1593,K,OG1,L,AA
hRSV_SRR24833895,1594,Y,OG1,L,AA
hRSV_SRR24833895,1595,I,OG1,L,AA
hRSV_SRR24833895,1596,L,OG1,L,AA
hRSV_SRR24833895,1597,S,OG1,L,AA
hRSV_SRR24833895,1598,Q,OG1,L,AA
hRSV_SRR24833895,1599,D,OG1,L,AA
hRSV_SRR24833895,1600,A,OG1,L,AA
hRSV_SRR24833895,1601,S,OG1,L,AA
hRSV_SRR24833895,1602,L,OG1,L,AA
hRSV_SRR24833895,1603,Y,OG1,L,AA
hRSV_SRR24833895,1604,R,OG1,L,AA
hRSV_SRR24833895,1605,V,OG1,L,AA
hRSV_SRR24833895,1606,K,OG1,L,AA
hRSV_SRR24833895,1607,G,OG1,L,AA
hRSV_SRR24833895,1608,C,OG1,L,AA
hRSV_SRR24833895,1609,H,OG1,L,AA
hRSV_SRR24833895,1610,S,OG1,L,AA
hRSV_SRR24833895,1611,F,OG1,L,AA
hRSV_SRR24833895,1612,K,OG1,L,AA
hRSV_SRR24833895,1613,L,OG1,L,AA
hRSV_SRR24833895,1614,W,OG1,L,AA
hRSV_SRR24833895,1615,F,OG1,L,AA
hRSV_SRR24833895,1616,L,OG1,L,AA
hRSV_SRR24833895,1617,K,OG1,L,AA
hRSV_SRR24833895,1618,R,OG1,L,AA
hRSV_SRR24833895,1619,L,OG1,L,AA
hRSV_SRR24833895,1620,N,OG1,L,AA
hRSV_SRR24833895,1621,V,OG1,L,AA
hRSV_SRR24833895,1622,A,OG1,L,AA
hRSV_SRR24833895,1623,E,OG1,L,AA
hRSV_SRR24833895,1624,F,OG1,L,AA
hRSV_SRR24833895,1625,T,OG1,L,AA
hRSV_SRR24833895,1626,V,OG1,L,AA
hRSV_SRR24833895,1627,C,OG1,L,AA
hRSV_SRR24833895,1628,P,OG1,L,AA
hRSV_SRR24833895,1629,X,OG1,L,AA
hRSV_SRR24833895,1630,X,OG1,L,AA
hRSV_SRR24833895,1631,X,OG1,L,AA
hRSV_SRR24833895,1632,X,OG1,L,AA
hRSV_SRR24833895,1633,X,OG1,L,AA
hRSV_SRR24833895,1634,X,OG1,L,AA
hRSV_SRR24833895,1635,X,OG1,L,AA
hRSV_SRR24833895,1636,X,OG1,L,AA
hRSV_SRR24833895,1637,X,OG1,L,AA
hRSV_SRR24833895,1638,X,OG1,L,AA
hRSV_SRR24833895,1639,X,OG1,L,AA
hRSV_SRR24833895,1640,X,OG1,L,AA
hRSV_SRR24833895,1641,X,OG1,L,AA
hRSV_SRR24833895,1642,X,OG1,L,AA
hRSV_SRR24833895,1643,X,OG1,L,AA
hRSV_SRR24833895,1644,X,OG1,L,AA
hRSV_SRR24833895,1645,X,OG1,L,AA
hRSV_SRR24833895,1646,X,OG1,L,AA
hRSV_SRR24833895,1647,X,OG1,L,AA
hRSV_SRR24833895,1648,X,OG1,L,AA
hRSV_SRR24833895,1649,X,OG1,L,AA
hRSV_SRR24833895,1650,X,OG1,L,AA
hRSV_SRR24833895,1651,X,OG1,L,AA
hRSV_SRR24833895,1652,X,OG1,L,AA
hRSV_SRR24833895,1653,X,OG1,L,AA
hRSV_SRR24833895,1654,X,OG1,L,AA
hRSV_SRR24833895,1655,X,OG1,L,AA
hRSV_SRR24833895,1656,X,OG1,L,AA
hRSV_SRR24833895,1657,X,OG1,L,AA
hRSV_SRR24833895,1658,X,OG1,L,AA
hRSV_SRR24833895,1659,X,OG1,L,AA
hRSV_SRR24833895,1660,X,OG1,L,AA
hRSV_SRR24833895,1661,X,OG1,L,AA
hRSV_SRR24833895,1662,X,OG1,L,AA
hRSV_SRR24833895,1663,X,OG1,L,AA
hRSV_SRR24833895,1664,X,OG1,L,AA
hRSV_SRR24833895,1665,X,OG1,L,AA
hRSV_SRR24833895,1666,X,OG1,L,AA
hRSV_SRR24833895,1667,X,OG1,L,AA
hRSV_SRR24833895,1668,X,OG1,L,AA
hRSV_SRR24833895,1669,X,OG1,L,AA
hRSV_SRR24833895,1670,X,OG1,L,AA
hRSV_SRR24833895,1671,X,OG1,L,AA
hRSV_SRR24833895,1672,X,OG1,L,AA
hRSV_SRR24833895,1673,X,OG1,L,AA
hRSV_SRR24833895,1674,X,OG1,L,AA
hRSV_SRR24833895,1675,X,OG1,L,AA
hRSV_SRR24833895,1676,X,OG1,L,AA
hRSV_SRR24833895,1677,X,OG1,L,AA
hRSV_SRR24833895,1678,X,OG1,L,AA
hRSV_SRR24833895,1679,X,OG1,L,AA
hRSV_SRR24833895,1680,X,OG1,L,AA
hRSV_SRR24833895,1681,X,OG1,L,AA
hRSV_SRR24833895,1682,X,OG1,L,AA
hRSV_SRR24833895,1683,X,OG1,L,AA
hRSV_SRR24833895,1684,X,OG1,L,AA
hRSV_SRR24833895,1685,X,OG1,L,AA
hRSV_SRR24833895,1686,X,OG1,L,AA
hRSV_SRR24833895,1687,X,OG1,L,AA
hRSV_SRR24833895,1688,X,OG1,L,AA
hRSV_SRR24833895,1689,X,OG1,L,AA
hRSV_SRR24833895,1690,X,OG1,L,AA
hRSV_SRR24833895,1691,X,OG1,L,AA
hRSV_SRR24833895,1692,X,OG1,L,AA
hRSV_SRR24833895,1693,X,OG1,L,AA
hRSV_SRR24833895,1694,X,OG1,L,AA
hRSV_SRR24833895,1695,X,OG1,L,AA
hRSV_SRR24833895,1696,X,OG1,L,AA
hRSV_SRR24833895,1697,X,OG1,L,AA
hRSV_SRR24833895,1698,X,OG1,L,AA
hRSV_SRR24833895,1699,X,OG1,L,AA
hRSV_SRR24833895,1700,S,OG1,L,AA
hRSV_SRR24833895,1701,E,OG1,L,AA
hRSV_SRR24833895,1702,L,OG1,L,AA
hRSV_SRR24833895,1703,E,OG1,L,AA
hRSV_SRR24833895,1704,S,OG1,L,AA
hRSV_SRR24833895,1705,N,OG1,L,AA
hRSV_SRR24833895,1706,Y,OG1,L,AA
hRSV_SRR24833895,1707,N,OG1,L,AA
hRSV_SRR24833895,1708,K,OG1,L,AA
hRSV_SRR24833895,1709,L,OG1,L,AA
hRSV_SRR24833895,1710,Y,OG1,L,AA
hRSV_SRR24833895,1711,H,OG1,L,AA
hRSV_SRR24833895,1712,P,OG1,L,AA
hRSV_SRR24833895,1713,T,OG1,L,AA
hRSV_SRR24833895,1714,P,OG1,L,AA
hRSV_SRR24833895,1715,E,OG1,L,AA
hRSV_SRR24833895,1716,T,OG1,L,AA
hRSV_SRR24833895,1717,L,OG1,L,AA
hRSV_SRR24833895,1718,E,OG1,L,AA
hRSV_SRR24833895,1719,N,OG1,L,AA
hRSV_SRR24833895,1720,I,OG1,L,AA
hRSV_SRR24833895,1721,L,OG1,L,AA
hRSV_SRR24833895,1722,T,OG1,L,AA
hRSV_SRR24833895,1723,N,OG1,L,AA
hRSV_SRR24833895,1724,P,OG1,L,AA
hRSV_SRR24833895,1725,V,OG1,L,AA
hRSV_SRR24833895,1726,K,OG1,L,AA
hRSV_SRR24833895,1727,S,OG1,L,AA
hRSV_SRR24833895,1728,N,OG1,L,AA
hRSV_SRR24833895,1729,G,OG1,L,AA
hRSV_SRR24833895,1730,K,OG1,L,AA
hRSV_SRR24833895,1731,K,OG1,L,AA
hRSV_SRR24833895,1732,T,OG1,L,AA
hRSV_SRR24833895,1733,L,OG1,L,AA
hRSV_SRR24833895,1734,S,OG1,L,AA
hRSV_SRR24833895,1735,D,OG1,L,AA
hRSV_SRR24833895,1736,Y,OG1,L,AA
hRSV_SRR24833895,1737,C,OG1,L,AA
hRSV_SRR24833895,1738,I,OG1,L,AA
hRSV_SRR24833895,1739,G,OG1,L,AA
hRSV_SRR24833895,1740,K,OG1,L,AA
hRSV_SRR24833895,1741,N,OG1,L,AA
hRSV_SRR24833895,1742,V,OG1,L,AA
hRSV_SRR24833895,1743,D,OG1,L,AA
hRSV_SRR24833895,1744,S,OG1,L,AA
hRSV_SRR24833895,1745,I,OG1,L,AA
hRSV_SRR24833895,1746,M,OG1,L,AA
hRSV_SRR24833895,1747,L,OG1,L,AA
hRSV_SRR24833895,1748,P,OG1,L,AA
hRSV_SRR24833895,1749,S,OG1,L,AA
hRSV_SRR24833895,1750,L,OG1,L,AA
hRSV_SRR24833895,1751,S,OG1,L,AA
hRSV_SRR24833895,1752,N,OG1,L,AA
hRSV_SRR24833895,1753,K,OG1,L,AA
hRSV_SRR24833895,1754,K,OG1,L,AA
hRSV_SRR24833895,1755,L,OG1,L,AA
hRSV_SRR24833895,1756,I,OG1,L,AA
hRSV_SRR24833895,1757,K,OG1,L,AA
hRSV_SRR24833895,1758,S,OG1,L,AA
hRSV_SRR24833895,1759,S,OG1,L,AA
hRSV_SRR24833895,1760,T,OG1,L,AA
hRSV_SRR24833895,1761,M,OG1,L,AA
hRSV_SRR24833895,1762,-,OG1,L,AA
hRSV_SRR24833895,1763,I,OG1,L,AA
hRSV_SRR24833895,1764,R,OG1,L,AA
hRSV_SRR24833895,1765,T,OG1,L,AA
hRSV_SRR24833895,1766,N,OG1,L,AA
hRSV_SRR24833895,1767,Y,OG1,L,AA
hRSV_SRR24833895,1768,S,OG1,L,AA
hRSV_SRR24833895,1769,R,OG1,L,AA
hRSV_SRR24833895,1770,Q,OG1,L,AA
hRSV_SRR24833895,1771,D,OG1,L,AA
hRSV_SRR24833895,1772,L,OG1,L,AA
hRSV_SRR24833895,1773,Y,OG1,L,AA
hRSV_SRR24833895,1774,N,OG1,L,AA
hRSV_SRR24833895,1775,L,OG1,L,AA
hRSV_SRR24833895,1776,F,OG1,L,AA
hRSV_SRR24833895,1777,P,OG1,L,AA
hRSV_SRR24833895,1778,T,OG1,L,AA
hRSV_SRR24833895,1779,V,OG1,L,AA
hRSV_SRR24833895,1780,V,OG1,L,AA
hRSV_SRR24833895,1781,I,OG1,L,AA
hRSV_SRR24833895,1782,D,OG1,L,AA
hRSV_SRR24833895,1783,K,OG1,L,AA
hRSV_SRR24833895,1784,I,OG1,L,AA
hRSV_SRR24833895,1785,-,OG1,L,AA
hRSV_SRR24833895,1786,-,OG1,L,AA
hRSV_SRR24833895,1787,I,OG1,L,AA
hRSV_SRR24833895,1788,D,OG1,L,AA
hRSV_SRR24833895,1789,H,OG1,L,AA
hRSV_SRR24833895,1790,S,OG1,L,AA
hRSV_SRR24833895,1791,G,OG1,L,AA
hRSV_SRR24833895,1792,N,OG1,L,AA
hRSV_SRR24833895,1793,T,OG1,L,AA
hRSV_SRR24833895,1794,A,OG1,L,AA
hRSV_SRR24833895,1795,K,OG1,L,AA
hRSV_SRR24833895,1796,S,OG1,L,AA
hRSV_SRR24833895,1797,N,OG1,L,AA
hRSV_SRR24833895,1798,Q,OG1,L,AA
hRSV_SRR24833895,1799,L,OG1,L,AA
hRSV_SRR24833895,1800,Y,OG1,L,AA
hRSV_SRR24833895,1801,T,OG1,L,AA
hRSV_SRR24833895,1802,T,OG1,L,AA
hRSV_SRR24833895,1803,T,OG1,L,AA
hRSV_SRR24833895,1804,S,OG1,L,AA
hRSV_SRR24833895,1805,H,OG1,L,AA
hRSV_SRR24833895,1806,Q,OG1,L,AA
hRSV_SRR24833895,1807,I,OG1,L,AA
hRSV_SRR24833895,1808,S,OG1,L,AA
hRSV_SRR24833895,1809,L,OG1,L,AA
hRSV_SRR24833895,1810,V,OG1,L,AA
hRSV_SRR24833895,1811,H,OG1,L,AA
hRSV_SRR24833895,1812,N,OG1,L,AA
hRSV_SRR24833895,1813,S,OG1,L,AA
hRSV_SRR24833895,1814,T,OG1,L,AA
hRSV_SRR24833895,1815,S,OG1,L,AA
hRSV_SRR24833895,1816,L,OG1,L,AA
hRSV_SRR24833895,1817,Y,OG1,L,AA
hRSV_SRR24833895,1818,C,OG1,L,AA
hRSV_SRR24833895,1819,M,OG1,L,AA
hRSV_SRR24833895,1820,L,OG1,L,AA
hRSV_SRR24833895,1821,P,OG1,L,AA
hRSV_SRR24833895,1822,W,OG1,L,AA
hRSV_SRR24833895,1823,H,OG1,L,AA
hRSV_SRR24833895,1824,H,OG1,L,AA
hRSV_SRR24833895,1825,I,OG1,L,AA
hRSV_SRR24833895,1826,N,OG1,L,AA
hRSV_SRR24833895,1827,R,OG1,L,AA
hRSV_SRR24833895,1828,F,OG1,L,AA
hRSV_SRR24833895,1829,N,OG1,L,AA
hRSV_SRR24833895,1830,F,OG1,L,AA
hRSV_SRR24833895,1831,V,OG1,L,AA
hRSV_SRR24833895,1832,F,OG1,L,AA
hRSV_SRR24833895,1833,X,OG1,L,AA
hRSV_SRR24833895,1834,X,OG1,L,AA
hRSV_SRR24833895,1835,X,OG1,L,AA
hRSV_SRR24833895,1836,X,OG1,L,AA
hRSV_SRR24833895,1837,X,OG1,L,AA
hRSV_SRR24833895,1838,X,OG1,L,AA
hRSV_SRR24833895,1839,X,OG1,L,AA
hRSV_SRR24833895,1840,X,OG1,L,AA
hRSV_SRR24833895,1841,X,OG1,L,AA
hRSV_SRR24833895,1842,X,OG1,L,AA
hRSV_SRR24833895,1843,X,OG1,L,AA
hRSV_SRR24833895,1844,-,OG1,L,AA
hRSV_SRR24833895,1845,X,OG1,L,AA
hRSV_SRR24833895,1846,X,OG1,L,AA
hRSV_SRR24833895,1847,X,OG1,L,AA
hRSV_SRR24833895,1848,X,OG1,L,AA
hRSV_SRR24833895,1849,X,OG1,L,AA
hRSV_SRR24833895,1850,X,OG1,L,AA
hRSV_SRR24833895,1851,X,OG1,L,AA
hRSV_SRR24833895,1852,X,OG1,L,AA
hRSV_SRR24833895,1853,X,OG1,L,AA
hRSV_SRR24833895,1854,X,OG1,L,AA
hRSV_SRR24833895,1855,X,OG1,L,AA
hRSV_SRR24833895,1856,X,OG1,L,AA
hRSV_SRR24833895,1857,X,OG1,L,AA
hRSV_SRR24833895,1858,X,OG1,L,AA
hRSV_SRR24833895,1859,X,OG1,L,AA
hRSV_SRR24833895,1860,X,OG1,L,AA
hRSV_SRR24833895,1861,X,OG1,L,AA
hRSV_SRR24833895,1862,X,OG1,L,AA
hRSV_SRR24833895,1863,X,OG1,L,AA
hRSV_SRR24833895,1864,X,OG1,L,AA
hRSV_SRR24833895,1865,X,OG1,L,AA
hRSV_SRR24833895,1866,X,OG1,L,AA
hRSV_SRR24833895,1867,X,OG1,L,AA
hRSV_SRR24833895,1868,X,OG1,L,AA
hRSV_SRR24833895,1869,X,OG1,L,AA
hRSV_SRR24833895,1870,X,OG1,L,AA
hRSV_SRR24833895,1871,X,OG1,L,AA
hRSV_SRR24833895,1872,X,OG1,L,AA
hRSV_SRR24833895,1873,X,OG1,L,AA
hRSV_SRR24833895,1874,X,OG1,L,AA
hRSV_SRR24833895,1875,X,OG1,L,AA
hRSV_SRR24833895,1876,X,OG1,L,AA
hRSV_SRR24833895,1877,X,OG1,L,AA
hRSV_SRR24833895,1878,X,OG1,L,AA
hRSV_SRR24833895,1879,X,OG1,L,AA
hRSV_SRR24833895,1880,X,OG1,L,AA
hRSV_SRR24833895,1881,X,OG1,L,AA
hRSV_SRR24833895,1882,X,OG1,L,AA
hRSV_SRR24833895,1883,X,OG1,L,AA
hRSV_SRR24833895,1884,X,OG1,L,AA
hRSV_SRR24833895,1885,X,OG1,L,AA
hRSV_SRR24833895,1886,X,OG1,L,AA
hRSV_SRR24833895,1887,X,OG1,L,AA
hRSV_SRR24833895,1888,X,OG1,L,AA
hRSV_SRR24833895,1889,X,OG1,L,AA
hRSV_SRR24833895,1890,X,OG1,L,AA
hRSV_SRR24833895,1891,X,OG1,L,AA
hRSV_SRR24833895,1892,X,OG1,L,AA
hRSV_SRR24833895,1893,X,OG1,L,AA
hRSV_SRR24833895,1894,X,OG1,L,AA
hRSV_SRR24833895,1895,X,OG1,L,AA
hRSV_SRR24833895,1896,X,OG1,L,AA
hRSV_SRR24833895,1897,X,OG1,L,AA
hRSV_SRR24833895,1898,X,OG1,L,AA
hRSV_SRR24833895,1899,X,OG1,L,AA
hRSV_SRR24833895,1900,X,OG1,L,AA
hRSV_SRR24833895,1901,X,OG1,L,AA
hRSV_SRR24833895,1902,X,OG1,L,AA
hRSV_SRR24833895,1903,X,OG1,L,AA
hRSV_SRR24833895,1904,X,OG1,L,AA
hRSV_SRR24833895,1905,X,OG1,L,AA
hRSV_SRR24833895,1906,X,OG1,L,AA
hRSV_SRR24833895,1907,X,OG1,L,AA
hRSV_SRR24833895,1908,-,OG1,L,AA
hRSV_SRR24833895,1909,-,OG1,L,AA
hRSV_SRR24833895,1910,X,OG1,L,AA
hRSV_SRR24833895,1911,X,OG1,L,AA
hRSV_SRR24833895,1912,X,OG1,L,AA
hRSV_SRR24833895,1913,X,OG1,L,AA
hRSV_SRR24833895,1914,X,OG1,L,AA
hRSV_SRR24833895,1915,X,OG1,L,AA
hRSV_SRR24833895,1916,X,OG1,L,AA
hRSV_SRR24833895,1917,T,OG1,L,AA
hRSV_SRR24833895,1918,I,OG1,L,AA
hRSV_SRR24833895,1919,P,OG1,L,AA
hRSV_SRR24833895,1920,A,OG1,L,AA
hRSV_SRR24833895,1921,T,OG1,L,AA
hRSV_SRR24833895,1922,D,OG1,L,AA
hRSV_SRR24833895,1923,A,OG1,L,AA
hRSV_SRR24833895,1924,T,OG1,L,AA
hRSV_SRR24833895,1925,N,OG1,L,AA
hRSV_SRR24833895,1926,N,OG1,L,AA
hRSV_SRR24833895,1927,I,OG1,L,AA
hRSV_SRR24833895,1928,H,OG1,L,AA
hRSV_SRR24833895,1929,W,OG1,L,AA
hRSV_SRR24833895,1930,S,OG1,L,AA
hRSV_SRR24833895,1931,Y,OG1,L,AA
hRSV_SRR24833895,1932,L,OG1,L,AA
hRSV_SRR24833895,1933,H,OG1,L,AA
hRSV_SRR24833895,1934,I,OG1,L,AA
hRSV_SRR24833895,1935,K,OG1,L,AA
hRSV_SRR24833895,1936,F,OG1,L,AA
hRSV_SRR24833895,1937,A,OG1,L,AA
hRSV_SRR24833895,1938,E,OG1,L,AA
hRSV_SRR24833895,1939,P,OG1,L,AA
hRSV_SRR24833895,1940,I,OG1,L,AA
hRSV_SRR24833895,1941,S,OG1,L,AA
hRSV_SRR24833895,1942,L,OG1,L,AA
hRSV_SRR24833895,1943,F,OG1,L,AA
hRSV_SRR24833895,1944,V,OG1,L,AA
hRSV_SRR24833895,1945,C,OG1,L,AA
hRSV_SRR24833895,1946,D,OG1,L,AA
hRSV_SRR24833895,1947,A,OG1,L,AA
hRSV_SRR24833895,1948,E,OG1,L,AA
hRSV_SRR24833895,1949,L,OG1,L,AA
hRSV_SRR24833895,1950,P,OG1,L,AA
hRSV_SRR24833895,1951,V,OG1,L,AA
hRSV_SRR24833895,1952,T,OG1,L,AA
hRSV_SRR24833895,1953,V,OG1,L,AA
hRSV_SRR24833895,1954,N,OG1,L,AA
hRSV_SRR24833895,1955,W,OG1,L,AA
hRSV_SRR24833895,1956,S,OG1,L,AA
hRSV_SRR24833895,1957,K,OG1,L,AA
hRSV_SRR24833895,1958,I,OG1,L,AA
hRSV_SRR24833895,1959,I,OG1,L,AA
hRSV_SRR24833895,1960,I,OG1,L,AA
hRSV_SRR24833895,1961,E,OG1,L,AA
hRSV_SRR24833895,1962,W,OG1,L,AA
hRSV_SRR24833895,1963,S,OG1,L,AA
hRSV_SRR24833895,1964,K,OG1,L,AA
hRSV_SRR24833895,1965,H,OG1,L,AA
hRSV_SRR24833895,1966,V,OG1,L,AA
hRSV_SRR24833895,1967,R,OG1,L,AA
hRSV_SRR24833895,1968,K,OG1,L,AA
hRSV_SRR24833895,1969,C,OG1,L,AA
hRSV_SRR24833895,1970,K,OG1,L,AA
hRSV_SRR24833895,1971,Y,OG1,L,AA
hRSV_SRR24833895,1972,C,OG1,L,AA
hRSV_SRR24833895,1973,S,OG1,L,AA
hRSV_SRR24833895,1974,S,OG1,L,AA
hRSV_SRR24833895,1975,V,OG1,L,AA
hRSV_SRR24833895,1976,N,OG1,L,AA
hRSV_SRR24833895,1977,K,OG1,L,AA
hRSV_SRR24833895,1978,C,OG1,L,AA
hRSV_SRR24833895,1979,T,OG1,L,AA
hRSV_SRR24833895,1980,-,OG1,L,AA
hRSV_SRR24833895,1981,L,OG1,L,AA
hRSV_SRR24833895,1982,I,OG1,L,AA
hRSV_SRR24833895,1983,V,OG1,L,AA
hRSV_SRR24833895,1984,K,OG1,L,AA
hRSV_SRR24833895,1985,Y,OG1,L,AA
hRSV_SRR24833895,1986,H,OG1,L,AA
hRSV_SRR24833895,1987,A,OG1,L,AA
hRSV_SRR24833895,1988,Q,OG1,L,AA
hRSV_SRR24833895,1989,D,OG1,L,AA
hRSV_SRR24833895,1990,D,OG1,L,AA
hRSV_SRR24833895,1991,I,OG1,L,AA
hRSV_SRR24833895,1992,D,OG1,L,AA
hRSV_SRR24833895,1993,F,OG1,L,AA
hRSV_SRR24833895,1994,K,OG1,L,AA
hRSV_SRR24833895,1995,L,OG1,L,AA
hRSV_SRR24833895,1996,D,OG1,L,AA
hRSV_SRR24833895,1997,-,OG1,L,AA
hRSV_SRR24833895,1998,N,OG1,L,AA
hRSV_SRR24833895,1999,I,OG1,L,AA
hRSV_SRR24833895,2000,T,OG1,L,AA
hRSV_SRR24833895,2001,I,OG1,L,AA
hRSV_SRR24833895,2002,L,OG1,L,AA
hRSV_SRR24833895,2003,K,OG1,L,AA
hRSV_SRR24833895,2004,T,OG1,L,AA
hRSV_SRR24833895,2005,Y,OG1,L,AA
hRSV_SRR24833895,2006,V,OG1,L,AA
hRSV_SRR24833895,2007,C,OG1,L,AA
hRSV_SRR24833895,2008,L,OG1,L,AA
hRSV_SRR24833895,2009,G,OG1,L,AA
hRSV_SRR24833895,2010,S,OG1,L,AA
hRSV_SRR24833895,2011,K,OG1,L,AA
hRSV_SRR24833895,2012,L,OG1,L,AA
hRSV_SRR24833895,2013,K,OG1,L,AA
hRSV_SRR24833895,2014,G,OG1,L,AA
hRSV_SRR24833895,2015,S,OG1,L,AA
hRSV_SRR24833895,2016,E,OG1,L,AA
hRSV_SRR24833895,2017,V,OG1,L,AA
hRSV_SRR24833895,2018,Y,OG1,L,AA
hRSV_SRR24833895,2019,L,OG1,L,AA
hRSV_SRR24833895,2020,V,OG1,L,AA
hRSV_SRR24833895,2021,L,OG1,L,AA
hRSV_SRR24833895,2022,T,OG1,L,AA
hRSV_SRR24833895,2023,I,OG1,L,AA
hRSV_SRR24833895,2024,G,OG1,L,AA
hRSV_SRR24833895,2025,P,OG1,L,AA
hRSV_SRR24833895,2026,A,OG1,L,AA
hRSV_SRR24833895,2027,N,OG1,L,AA
hRSV_SRR24833895,2028,V,OG1,L,AA
hRSV_SRR24833895,2029,F,OG1,L,AA
hRSV_SRR24833895,2030,P,OG1,L,AA
hRSV_SRR24833895,2031,V,OG1,L,AA
hRSV_SRR24833895,2032,F,OG1,L,AA
hRSV_SRR24833895,2033,N,OG1,L,AA
hRSV_SRR24833895,2034,V,OG1,L,AA
hRSV_SRR24833895,2035,V,OG1,L,AA
hRSV_SRR24833895,2036,Q,OG1,L,AA
hRSV_SRR24833895,2037,N,OG1,L,AA
hRSV_SRR24833895,2038,A,OG1,L,AA
hRSV_SRR24833895,2039,K,OG1,L,AA
hRSV_SRR24833895,2040,L,OG1,L,AA
hRSV_SRR24833895,2041,I,OG1,L,AA
hRSV_SRR24833895,2042,L,OG1,L,AA
hRSV_SRR24833895,2043,S,OG1,L,AA
hRSV_SRR24833895,2044,R,OG1,L,AA
hRSV_SRR24833895,2045,T,OG1,L,AA
hRSV_SRR24833895,2046,K,OG1,L,AA
hRSV_SRR24833895,2047,N,OG1,L,AA
hRSV_SRR24833895,2048,F,OG1,L,AA
hRSV_SRR24833895,2049,I,OG1,L,AA
hRSV_SRR24833895,2050,M,OG1,L,AA
hRSV_SRR24833895,2051,P,OG1,L,AA
hRSV_SRR24833895,2052,K,OG1,L,AA
hRSV_SRR24833895,2053,K,OG1,L,AA
hRSV_SRR24833895,2054,A,OG1,L,AA
hRSV_SRR24833895,2055,D,OG1,L,AA
hRSV_SRR24833895,2056,K,OG1,L,AA
hRSV_SRR24833895,2057,E,OG1,L,AA
hRSV_SRR24833895,2058,S,OG1,L,AA
hRSV_SRR24833895,2059,I,OG1,L,AA
hRSV_SRR24833895,2060,D,OG1,L,AA
hRSV_SRR24833895,2061,A,OG1,L,AA
hRSV_SRR24833895,2062,N,OG1,L,AA
hRSV_SRR24833895,2063,I,OG1,L,AA
hRSV_SRR24833895,2064,K,OG1,L,AA
hRSV_SRR24833895,2065,S,OG1,L,AA
hRSV_SRR24833895,2066,L,OG1,L,AA
hRSV_SRR24833895,2067,I,OG1,L,AA
hRSV_SRR24833895,2068,P,OG1,L,AA
hRSV_SRR24833895,2069,F,OG1,L,AA
hRSV_SRR24833895,2070,L,OG1,L,AA
hRSV_SRR24833895,2071,C,OG1,L,AA
hRSV_SRR24833895,2072,Y,OG1,L,AA
hRSV_SRR24833895,2073,P,OG1,L,AA
hRSV_SRR24833895,2074,I,OG1,L,AA
hRSV_SRR24833895,2075,T,OG1,L,AA
hRSV_SRR24833895,2076,K,OG1,L,AA
hRSV_SRR24833895,2077,K,OG1,L,AA
hRSV_SRR24833895,2078,G,OG1,L,AA
hRSV_SRR24833895,2079,I,OG1,L,AA
hRSV_SRR24833895,2080,N,OG1,L,AA
hRSV_SRR24833895,2081,T,OG1,L,AA
hRSV_SRR24833895,2082,A,OG1,L,AA
hRSV_SRR24833895,2083,L,OG1,L,AA
hRSV_SRR24833895,2084,S,OG1,L,AA
hRSV_SRR24833895,2085,K,OG1,L,AA
hRSV_SRR24833895,2086,L,OG1,L,AA
hRSV_SRR24833895,2087,K,OG1,L,AA
hRSV_SRR24833895,2088,S,OG1,L,AA
hRSV_SRR24833895,2089,V,OG1,L,AA
hRSV_SRR24833895,2090,V,OG1,L,AA
hRSV_SRR24833895,2091,S,OG1,L,AA
hRSV_SRR24833895,2092,G,OG1,L,AA
hRSV_SRR24833895,2093,D,OG1,L,AA
hRSV_SRR24833895,2094,I,OG1,L,AA
hRSV_SRR24833895,2095,L,OG1,L,AA
hRSV_SRR24833895,2096,S,OG1,L,AA
hRSV_SRR24833895,2097,Y,OG1,L,AA
hRSV_SRR24833895,2098,S,OG1,L,AA
hRSV_SRR24833895,2099,I,OG1,L,AA
hRSV_SRR24833895,2100,A,OG1,L,AA
hRSV_SRR24833895,2101,G,OG1,L,AA
hRSV_SRR24833895,2102,R,OG1,L,AA
hRSV_SRR24833895,2103,N,OG1,L,AA
hRSV_SRR24833895,2104,E,OG1,L,AA
hRSV_SRR24833895,2105,V,OG1,L,AA
hRSV_SRR24833895,2106,F,OG1,L,AA
hRSV_SRR24833895,2107,S,OG1,L,AA
hRSV_SRR24833895,2108,N,OG1,L,AA
hRSV_SRR24833895,2109,K,OG1,L,AA
hRSV_SRR24833895,2110,L,OG1,L,AA
hRSV_SRR24833895,2111,I,OG1,L,AA
hRSV_SRR24833895,2112,N,OG1,L,AA
hRSV_SRR24833895,2113,H,OG1,L,AA
hRSV_SRR24833895,2114,K,OG1,L,AA
hRSV_SRR24833895,2115,H,OG1,L,AA
hRSV_SRR24833895,2116,M,OG1,L,AA
hRSV_SRR24833895,2117,N,OG1,L,AA
hRSV_SRR24833895,2118,I,OG1,L,AA
hRSV_SRR24833895,2119,L,OG1,L,AA
hRSV_SRR24833895,2120,K,OG1,L,AA
hRSV_SRR24833895,2121,W,OG1,L,AA
hRSV_SRR24833895,2122,F,OG1,L,AA
hRSV_SRR24833895,2123,N,OG1,L,AA
hRSV_SRR24833895,2124,H,OG1,L,AA
hRSV_SRR24833895,2125,V,OG1,L,AA
hRSV_SRR24833895,2126,L,OG1,L,AA
hRSV_SRR24833895,2127,N,OG1,L,AA
hRSV_SRR24833895,2128,F,OG1,L,AA
hRSV_SRR24833895,2129,R,OG1,L,AA
hRSV_SRR24833895,2130,S,OG1,L,AA
hRSV_SRR24833895,2131,T,OG1,L,AA
hRSV_SRR24833895,2132,E,OG1,L,AA
hRSV_SRR24833895,2133,L,OG1,L,AA
hRSV_SRR24833895,2134,N,OG1,L,AA
hRSV_SRR24833895,2135,Y,OG1,L,AA
hRSV_SRR24833895,2136,N,OG1,L,AA
hRSV_SRR24833895,2137,H,OG1,L,AA
hRSV_SRR24833895,2138,L,OG1,L,AA
hRSV_SRR24833895,2139,Y,OG1,L,AA
hRSV_SRR24833895,2140,M,OG1,L,AA
hRSV_SRR24833895,2141,V,OG1,L,AA
hRSV_SRR24833895,2142,E,OG1,L,AA
hRSV_SRR24833895,2143,S,OG1,L,AA
hRSV_SRR24833895,2144,T,OG1,L,AA
hRSV_SRR24833895,2145,Y,OG1,L,AA
hRSV_SRR24833895,2146,P,OG1,L,AA
hRSV_SRR24833895,2147,H,OG1,L,AA
hRSV_SRR24833895,2148,L,OG1,L,AA
hRSV_SRR24833895,2149,S,OG1,L,AA
hRSV_SRR24833895,2150,E,OG1,L,AA
hRSV_SRR24833895,2151,L,OG1,L,AA
hRSV_SRR24833895,2152,L,OG1,L,AA
hRSV_SRR24833895,2153,N,OG1,L,AA
hRSV_SRR24833895,2154,S,OG1,L,AA
hRSV_SRR24833895,2155,L,OG1,L,AA
hRSV_SRR24833895,2156,T,OG1,L,AA
hRSV_SRR24833895,2157,T,OG1,L,AA
hRSV_SRR24833895,2158,N,OG1,L,AA
hRSV_SRR24833895,2159,E,OG1,L,AA
hRSV_SRR24833895,2160,L,OG1,L,AA
hRSV_SRR24833895,2161,K,OG1,L,AA
hRSV_SRR24833895,2162,K,OG1,L,AA
hRSV_SRR24833895,2163,L,OG1,L,AA
hRSV_SRR24833895,2164,I,OG1,L,AA
hRSV_SRR24833895,2165,K,OG1,L,AA
hRSV_SRR24833895,2166,I,OG1,L,AA
hRSV_SRR24833895,2167,T,OG1,L,AA
hRSV_SRR24833895,2168,G,OG1,L,AA
hRSV_SRR24833895,2169,S,OG1,L,AA
hRSV_SRR24833895,2170,L,OG1,L,AA
hRSV_SRR24833895,2171,L,OG1,L,AA
hRSV_SRR24833895,2172,Y,OG1,L,AA
hRSV_SRR24833895,2173,N,OG1,L,AA
hRSV_SRR24833895,2174,F,OG1,L,AA
hRSV_SRR24833895,2175,Y,OG1,L,AA
hRSV_SRR24833895,2176,N,OG1,L,AA
hRSV_SRR24833895,2177,E,OG1,L,AA
hRSV_SRR24833895,2178,-,OG1,L,AA
hRSV_SRR24833886,1,X,OG10,M2-2,AA
hRSV_SRR24833886,2,X,OG10,M2-2,AA
hRSV_SRR24833886,3,X,OG10,M2-2,AA
hRSV_SRR24833886,4,X,OG10,M2-2,AA
hRSV_SRR24833886,5,K,OG10,M2-2,AA
hRSV_SRR24833886,6,X,OG10,M2-2,AA
hRSV_SRR24833886,7,X,OG10,M2-2,AA
hRSV_SRR24833886,8,X,OG10,M2-2,AA
hRSV_SRR24833886,9,X,OG10,M2-2,AA
hRSV_SRR24833886,10,X,OG10,M2-2,AA
hRSV_SRR24833886,11,D,OG10,M2-2,AA
hRSV_SRR24833886,12,X,OG10,M2-2,AA
hRSV_SRR24833886,13,X,OG10,M2-2,AA
hRSV_SRR24833886,14,X,OG10,M2-2,AA
hRSV_SRR24833886,15,C,OG10,M2-2,AA
hRSV_SRR24833886,16,S,OG10,M2-2,AA
hRSV_SRR24833886,17,I,OG10,M2-2,AA
hRSV_SRR24833886,18,S,OG10,M2-2,AA
hRSV_SRR24833886,19,S,OG10,M2-2,AA
hRSV_SRR24833886,20,I,OG10,M2-2,AA
hRSV_SRR24833886,21,L,OG10,M2-2,AA
hRSV_SRR24833886,22,I,OG10,M2-2,AA
hRSV_SRR24833886,23,S,OG10,M2-2,AA
hRSV_SRR24833886,24,S,OG10,M2-2,AA
hRSV_SRR24833886,25,E,OG10,M2-2,AA
hRSV_SRR24833886,26,S,OG10,M2-2,AA
hRSV_SRR24833886,27,T,OG10,M2-2,AA
hRSV_SRR24833886,28,I,OG10,M2-2,AA
hRSV_SRR24833886,29,A,OG10,M2-2,AA
hRSV_SRR24833886,30,T,OG10,M2-2,AA
hRSV_SRR24833886,31,F,OG10,M2-2,AA
hRSV_SRR24833886,32,N,OG10,M2-2,AA
hRSV_SRR24833886,33,H,OG10,M2-2,AA
hRSV_SRR24833886,34,K,OG10,M2-2,AA
hRSV_SRR24833886,35,N,OG10,M2-2,AA
hRSV_SRR24833886,36,I,OG10,M2-2,AA
hRSV_SRR24833886,37,L,OG10,M2-2,AA
hRSV_SRR24833886,38,Q,OG10,M2-2,AA
hRSV_SRR24833886,39,F,OG10,M2-2,AA
hRSV_SRR24833886,40,N,OG10,M2-2,AA
hRSV_SRR24833886,41,H,OG10,M2-2,AA
hRSV_SRR24833886,42,N,OG10,M2-2,AA
hRSV_SRR24833886,43,H,OG10,M2-2,AA
hRSV_SRR24833886,44,L,OG10,M2-2,AA
hRSV_SRR24833886,45,D,OG10,M2-2,AA
hRSV_SRR24833886,46,N,OG10,M2-2,AA
hRSV_SRR24833886,47,H,OG10,M2-2,AA
hRSV_SRR24833886,48,Q,OG10,M2-2,AA
hRSV_SRR24833886,49,C,OG10,M2-2,AA
hRSV_SRR24833886,50,L,OG10,M2-2,AA
hRSV_SRR24833886,51,L,OG10,M2-2,AA
hRSV_SRR24833886,52,N,OG10,M2-2,AA
hRSV_SRR24833886,53,H,OG10,M2-2,AA
hRSV_SRR24833886,54,I,OG10,M2-2,AA
hRSV_SRR24833886,55,F,OG10,M2-2,AA
hRSV_SRR24833886,56,D,OG10,M2-2,AA
hRSV_SRR24833886,57,E,OG10,M2-2,AA
hRSV_SRR24833886,58,I,OG10,M2-2,AA
hRSV_SRR24833886,59,H,OG10,M2-2,AA
hRSV_SRR24833886,60,W,OG10,M2-2,AA
hRSV_SRR24833886,61,T,OG10,M2-2,AA
hRSV_SRR24833886,62,P,OG10,M2-2,AA
hRSV_SRR24833886,63,K,OG10,M2-2,AA
hRSV_SRR24833886,64,N,OG10,M2-2,AA
hRSV_SRR24833886,65,L,OG10,M2-2,AA
hRSV_SRR24833886,66,L,OG10,M2-2,AA
hRSV_SRR24833886,67,D,OG10,M2-2,AA
hRSV_SRR24833886,68,A,OG10,M2-2,AA
hRSV_SRR24833886,69,T,OG10,M2-2,AA
hRSV_SRR24833886,70,Q,OG10,M2-2,AA
hRSV_SRR24833886,71,Q,OG10,M2-2,AA
hRSV_SRR24833886,72,F,OG10,M2-2,AA
hRSV_SRR24833886,73,L,OG10,M2-2,AA
hRSV_SRR24833886,74,Q,OG10,M2-2,AA
hRSV_SRR24833886,75,H,OG10,M2-2,AA
hRSV_SRR24833886,76,L,OG10,M2-2,AA
hRSV_SRR24833886,77,N,OG10,M2-2,AA
hRSV_SRR24833886,78,I,OG10,M2-2,AA
hRSV_SRR24833886,79,P,OG10,M2-2,AA
hRSV_SRR24833886,80,E,OG10,M2-2,AA
hRSV_SRR24833886,81,D,OG10,M2-2,AA
hRSV_SRR24833886,82,I,OG10,M2-2,AA
hRSV_SRR24833886,83,Y,OG10,M2-2,AA
hRSV_SRR24833886,84,T,OG10,M2-2,AA
hRSV_SRR24833886,85,V,OG10,M2-2,AA
hRSV_SRR24833886,86,Y,OG10,M2-2,AA
hRSV_SRR24833886,87,I,OG10,M2-2,AA
hRSV_SRR24833886,88,L,OG10,M2-2,AA
hRSV_SRR24833886,89,V,OG10,M2-2,AA
hRSV_SRR24833886,90,S,OG10,M2-2,AA
hRSV_SRR24833879,1,-,OG10,M2-2,AA
hRSV_SRR24833879,2,-,OG10,M2-2,AA
hRSV_SRR24833879,3,M,OG10,M2-2,AA
hRSV_SRR24833879,4,P,OG10,M2-2,AA
hRSV_SRR24833879,5,K,OG10,M2-2,AA
hRSV_SRR24833879,6,I,OG10,M2-2,AA
hRSV_SRR24833879,7,M,OG10,M2-2,AA
hRSV_SRR24833879,8,I,OG10,M2-2,AA
hRSV_SRR24833879,9,L,OG10,M2-2,AA
hRSV_SRR24833879,10,P,OG10,M2-2,AA
hRSV_SRR24833879,11,D,OG10,M2-2,AA
hRSV_SRR24833879,12,K,OG10,M2-2,AA
hRSV_SRR24833879,13,Y,OG10,M2-2,AA
hRSV_SRR24833879,14,P,OG10,M2-2,AA
hRSV_SRR24833879,15,C,OG10,M2-2,AA
hRSV_SRR24833879,16,S,OG10,M2-2,AA
hRSV_SRR24833879,17,I,OG10,M2-2,AA
hRSV_SRR24833879,18,N,OG10,M2-2,AA
hRSV_SRR24833879,19,S,OG10,M2-2,AA
hRSV_SRR24833879,20,I,OG10,M2-2,AA
hRSV_SRR24833879,21,L,OG10,M2-2,AA
hRSV_SRR24833879,22,I,OG10,M2-2,AA
hRSV_SRR24833879,23,T,OG10,M2-2,AA
hRSV_SRR24833879,24,S,OG10,M2-2,AA
hRSV_SRR24833879,25,N,OG10,M2-2,AA
hRSV_SRR24833879,26,C,OG10,M2-2,AA
hRSV_SRR24833879,27,R,OG10,M2-2,AA
hRSV_SRR24833879,28,V,OG10,M2-2,AA
hRSV_SRR24833879,29,T,OG10,M2-2,AA
hRSV_SRR24833879,30,M,OG10,M2-2,AA
hRSV_SRR24833879,31,Y,OG10,M2-2,AA
hRSV_SRR24833879,32,N,OG10,M2-2,AA
hRSV_SRR24833879,33,Q,OG10,M2-2,AA
hRSV_SRR24833879,34,K,OG10,M2-2,AA
hRSV_SRR24833879,35,N,OG10,M2-2,AA
hRSV_SRR24833879,36,T,OG10,M2-2,AA
hRSV_SRR24833879,37,L,OG10,M2-2,AA
hRSV_SRR24833879,38,Y,OG10,M2-2,AA
hRSV_SRR24833879,39,I,OG10,M2-2,AA
hRSV_SRR24833879,40,N,OG10,M2-2,AA
hRSV_SRR24833879,41,Q,OG10,M2-2,AA
hRSV_SRR24833879,42,N,OG10,M2-2,AA
hRSV_SRR24833879,43,N,OG10,M2-2,AA
hRSV_SRR24833879,44,Q,OG10,M2-2,AA
hRSV_SRR24833879,45,N,OG10,M2-2,AA
hRSV_SRR24833879,46,N,OG10,M2-2,AA
hRSV_SRR24833879,47,H,OG10,M2-2,AA
hRSV_SRR24833879,48,I,OG10,M2-2,AA
hRSV_SRR24833879,49,Y,OG10,M2-2,AA
hRSV_SRR24833879,50,P,OG10,M2-2,AA
hRSV_SRR24833879,51,P,OG10,M2-2,AA
hRSV_SRR24833879,52,D,OG10,M2-2,AA
hRSV_SRR24833879,53,Q,OG10,M2-2,AA
hRSV_SRR24833879,54,P,OG10,M2-2,AA
hRSV_SRR24833879,55,F,OG10,M2-2,AA
hRSV_SRR24833879,56,N,OG10,M2-2,AA
hRSV_SRR24833879,57,E,OG10,M2-2,AA
hRSV_SRR24833879,58,I,OG10,M2-2,AA
hRSV_SRR24833879,59,H,OG10,M2-2,AA
hRSV_SRR24833879,60,W,OG10,M2-2,AA
hRSV_SRR24833879,61,T,OG10,M2-2,AA
hRSV_SRR24833879,62,S,OG10,M2-2,AA
hRSV_SRR24833879,63,Q,OG10,M2-2,AA
hRSV_SRR24833879,64,D,OG10,M2-2,AA
hRSV_SRR24833879,65,L,OG10,M2-2,AA
hRSV_SRR24833879,66,I,OG10,M2-2,AA
hRSV_SRR24833879,67,D,OG10,M2-2,AA
hRSV_SRR24833879,68,A,OG10,M2-2,AA
hRSV_SRR24833879,69,T,OG10,M2-2,AA
hRSV_SRR24833879,70,Q,OG10,M2-2,AA
hRSV_SRR24833879,71,N,OG10,M2-2,AA
hRSV_SRR24833879,72,F,OG10,M2-2,AA
hRSV_SRR24833879,73,L,OG10,M2-2,AA
hRSV_SRR24833879,74,Q,OG10,M2-2,AA
hRSV_SRR24833879,75,H,OG10,M2-2,AA
hRSV_SRR24833879,76,L,OG10,M2-2,AA
hRSV_SRR24833879,77,G,OG10,M2-2,AA
hRSV_SRR24833879,78,I,OG10,M2-2,AA
hRSV_SRR24833879,79,T,OG10,M2-2,AA
hRSV_SRR24833879,80,D,OG10,M2-2,AA
hRSV_SRR24833879,81,D,OG10,M2-2,AA
hRSV_SRR24833879,82,I,OG10,M2-2,AA
hRSV_SRR24833879,83,Y,OG10,M2-2,AA
hRSV_SRR24833879,84,T,OG10,M2-2,AA
hRSV_SRR24833879,85,I,OG10,M2-2,AA
hRSV_SRR24833879,86,Y,OG10,M2-2,AA
hRSV_SRR24833879,87,I,OG10,M2-2,AA
hRSV_SRR24833879,88,L,OG10,M2-2,AA
hRSV_SRR24833879,89,V,OG10,M2-2,AA
hRSV_SRR24833879,90,S,OG10,M2-2,AA
hRSV_SRR24833895,1,M,OG10,M2-2,AA
hRSV_SRR24833895,2,T,OG10,M2-2,AA
hRSV_SRR24833895,3,M,OG10,M2-2,AA
hRSV_SRR24833895,4,P,OG10,M2-2,AA
hRSV_SRR24833895,5,K,OG10,M2-2,AA
hRSV_SRR24833895,6,I,OG10,M2-2,AA
hRSV_SRR24833895,7,M,OG10,M2-2,AA
hRSV_SRR24833895,8,I,OG10,M2-2,AA
hRSV_SRR24833895,9,L,OG10,M2-2,AA
hRSV_SRR24833895,10,P,OG10,M2-2,AA
hRSV_SRR24833895,11,D,OG10,M2-2,AA
hRSV_SRR24833895,12,K,OG10,M2-2,AA
hRSV_SRR24833895,13,Y,OG10,M2-2,AA
hRSV_SRR24833895,14,P,OG10,M2-2,AA
hRSV_SRR24833895,15,C,OG10,M2-2,AA
hRSV_SRR24833895,16,S,OG10,M2-2,AA
hRSV_SRR24833895,17,I,OG10,M2-2,AA
hRSV_SRR24833895,18,N,OG10,M2-2,AA
hRSV_SRR24833895,19,S,OG10,M2-2,AA
hRSV_SRR24833895,20,I,OG10,M2-2,AA
hRSV_SRR24833895,21,L,OG10,M2-2,AA
hRSV_SRR24833895,22,I,OG10,M2-2,AA
hRSV_SRR24833895,23,T,OG10,M2-2,AA
hRSV_SRR24833895,24,S,OG10,M2-2,AA
hRSV_SRR24833895,25,N,OG10,M2-2,AA
hRSV_SRR24833895,26,C,OG10,M2-2,AA
hRSV_SRR24833895,27,R,OG10,M2-2,AA
hRSV_SRR24833895,28,V,OG10,M2-2,AA
hRSV_SRR24833895,29,T,OG10,M2-2,AA
hRSV_SRR24833895,30,M,OG10,M2-2,AA
hRSV_SRR24833895,31,Y,OG10,M2-2,AA
hRSV_SRR24833895,32,N,OG10,M2-2,AA
hRSV_SRR24833895,33,Q,OG10,M2-2,AA
hRSV_SRR24833895,34,K,OG10,M2-2,AA
hRSV_SRR24833895,35,N,OG10,M2-2,AA
hRSV_SRR24833895,36,T,OG10,M2-2,AA
hRSV_SRR24833895,37,L,OG10,M2-2,AA
hRSV_SRR24833895,38,Y,OG10,M2-2,AA
hRSV_SRR24833895,39,I,OG10,M2-2,AA
hRSV_SRR24833895,40,N,OG10,M2-2,AA
hRSV_SRR24833895,41,Q,OG10,M2-2,AA
hRSV_SRR24833895,42,N,OG10,M2-2,AA
hRSV_SRR24833895,43,N,OG10,M2-2,AA
hRSV_SRR24833895,44,Q,OG10,M2-2,AA
hRSV_SRR24833895,45,N,OG10,M2-2,AA
hRSV_SRR24833895,46,N,OG10,M2-2,AA
hRSV_SRR24833895,47,H,OG10,M2-2,AA
hRSV_SRR24833895,48,S,OG10,M2-2,AA
hRSV_SRR24833895,49,Y,OG10,M2-2,AA
hRSV_SRR24833895,50,P,OG10,M2-2,AA
hRSV_SRR24833895,51,P,OG10,M2-2,AA
hRSV_SRR24833895,52,D,OG10,M2-2,AA
hRSV_SRR24833895,53,Q,OG10,M2-2,AA
hRSV_SRR24833895,54,P,OG10,M2-2,AA
hRSV_SRR24833895,55,F,OG10,M2-2,AA
hRSV_SRR24833895,56,N,OG10,M2-2,AA
hRSV_SRR24833895,57,E,OG10,M2-2,AA
hRSV_SRR24833895,58,I,OG10,M2-2,AA
hRSV_SRR24833895,59,H,OG10,M2-2,AA
hRSV_SRR24833895,60,W,OG10,M2-2,AA
hRSV_SRR24833895,61,T,OG10,M2-2,AA
hRSV_SRR24833895,62,S,OG10,M2-2,AA
hRSV_SRR24833895,63,Q,OG10,M2-2,AA
hRSV_SRR24833895,64,D,OG10,M2-2,AA
hRSV_SRR24833895,65,L,OG10,M2-2,AA
hRSV_SRR24833895,66,I,OG10,M2-2,AA
hRSV_SRR24833895,67,D,OG10,M2-2,AA
hRSV_SRR24833895,68,A,OG10,M2-2,AA
hRSV_SRR24833895,69,T,OG10,M2-2,AA
hRSV_SRR24833895,70,Q,OG10,M2-2,AA
hRSV_SRR24833895,71,N,OG10,M2-2,AA
hRSV_SRR24833895,72,F,OG10,M2-2,AA
hRSV_SRR24833895,73,L,OG10,M2-2,AA
hRSV_SRR24833895,74,Q,OG10,M2-2,AA
hRSV_SRR24833895,75,H,OG10,M2-2,AA
hRSV_SRR24833895,76,L,OG10,M2-2,AA
hRSV_SRR24833895,77,G,OG10,M2-2,AA
hRSV_SRR24833895,78,I,OG10,M2-2,AA
hRSV_SRR24833895,79,A,OG10,M2-2,AA
hRSV_SRR24833895,80,D,OG10,M2-2,AA
hRSV_SRR24833895,81,D,OG10,M2-2,AA
hRSV_SRR24833895,82,I,OG10,M2-2,AA
hRSV_SRR24833895,83,Y,OG10,M2-2,AA
hRSV_SRR24833895,84,T,OG10,M2-2,AA
hRSV_SRR24833895,85,I,OG10,M2-2,AA
hRSV_SRR24833895,86,Y,OG10,M2-2,AA
hRSV_SRR24833895,87,I,OG10,M2-2,AA
hRSV_SRR24833895,88,L,OG10,M2-2,AA
hRSV_SRR24833895,89,V,OG10,M2-2,AA
hRSV_SRR24833895,90,S,OG10,M2-2,AA
hRSV_SRR24833888,1,X,OG11,SH,AA
hRSV_SRR24833888,2,X,OG11,SH,AA
hRSV_SRR24833888,3,X,OG11,SH,AA
hRSV_SRR24833888,4,X,OG11,SH,AA
hRSV_SRR24833888,5,X,OG11,SH,AA
hRSV_SRR24833888,6,X,OG11,SH,AA
hRSV_SRR24833888,7,X,OG11,SH,AA
hRSV_SRR24833888,8,X,OG11,SH,AA
hRSV_SRR24833888,9,X,OG11,SH,AA
hRSV_SRR24833888,10,X,OG11,SH,AA
hRSV_SRR24833888,11,X,OG11,SH,AA
hRSV_SRR24833888,12,X,OG11,SH,AA
hRSV_SRR24833888,13,X,OG11,SH,AA
hRSV_SRR24833888,14,X,OG11,SH,AA
hRSV_SRR24833888,15,X,OG11,SH,AA
hRSV_SRR24833888,16,X,OG11,SH,AA
hRSV_SRR24833888,17,Y,OG11,SH,AA
hRSV_SRR24833888,18,F,OG11,SH,AA
hRSV_SRR24833888,19,T,OG11,SH,AA
hRSV_SRR24833888,20,L,OG11,SH,AA
hRSV_SRR24833888,21,I,OG11,SH,AA
hRSV_SRR24833888,22,H,OG11,SH,AA
hRSV_SRR24833888,23,M,OG11,SH,AA
hRSV_SRR24833888,24,I,OG11,SH,AA
hRSV_SRR24833888,25,T,OG11,SH,AA
hRSV_SRR24833888,26,T,OG11,SH,AA
hRSV_SRR24833888,27,I,OG11,SH,AA
hRSV_SRR24833888,28,I,OG11,SH,AA
hRSV_SRR24833888,29,S,OG11,SH,AA
hRSV_SRR24833888,30,L,OG11,SH,AA
hRSV_SRR24833888,31,I,OG11,SH,AA
hRSV_SRR24833888,32,I,OG11,SH,AA
hRSV_SRR24833888,33,I,OG11,SH,AA
hRSV_SRR24833888,34,I,OG11,SH,AA
hRSV_SRR24833888,35,S,OG11,SH,AA
hRSV_SRR24833888,36,I,OG11,SH,AA
hRSV_SRR24833888,37,M,OG11,SH,AA
hRSV_SRR24833888,38,I,OG11,SH,AA
hRSV_SRR24833888,39,A,OG11,SH,AA
hRSV_SRR24833888,40,I,OG11,SH,AA
hRSV_SRR24833888,41,L,OG11,SH,AA
hRSV_SRR24833888,42,N,OG11,SH,AA
hRSV_SRR24833888,43,K,OG11,SH,AA
hRSV_SRR24833888,44,L,OG11,SH,AA
hRSV_SRR24833888,45,C,OG11,SH,AA
hRSV_SRR24833888,46,E,OG11,SH,AA
hRSV_SRR24833888,47,Y,OG11,SH,AA
hRSV_SRR24833888,48,N,OG11,SH,AA
hRSV_SRR24833888,49,V,OG11,SH,AA
hRSV_SRR24833888,50,F,OG11,SH,AA
hRSV_SRR24833888,51,H,OG11,SH,AA
hRSV_SRR24833888,52,N,OG11,SH,AA
hRSV_SRR24833888,53,K,OG11,SH,AA
hRSV_SRR24833888,54,T,OG11,SH,AA
hRSV_SRR24833888,55,F,OG11,SH,AA
hRSV_SRR24833888,56,E,OG11,SH,AA
hRSV_SRR24833888,57,L,OG11,SH,AA
hRSV_SRR24833888,58,P,OG11,SH,AA
hRSV_SRR24833888,59,R,OG11,SH,AA
hRSV_SRR24833888,60,A,OG11,SH,AA
hRSV_SRR24833888,61,-,OG11,SH,AA
hRSV_SRR24833888,62,R,OG11,SH,AA
hRSV_SRR24833888,63,V,OG11,SH,AA
hRSV_SRR24833888,64,N,OG11,SH,AA
hRSV_SRR24833888,65,T,OG11,SH,AA
hRSV_SRR24833879,1,M,OG11,SH,AA
hRSV_SRR24833879,2,E,OG11,SH,AA
hRSV_SRR24833879,3,N,OG11,SH,AA
hRSV_SRR24833879,4,T,OG11,SH,AA
hRSV_SRR24833879,5,S,OG11,SH,AA
hRSV_SRR24833879,6,I,OG11,SH,AA
hRSV_SRR24833879,7,T,OG11,SH,AA
hRSV_SRR24833879,8,I,OG11,SH,AA
hRSV_SRR24833879,9,E,OG11,SH,AA
hRSV_SRR24833879,10,F,OG11,SH,AA
hRSV_SRR24833879,11,S,OG11,SH,AA
hRSV_SRR24833879,12,S,OG11,SH,AA
hRSV_SRR24833879,13,K,OG11,SH,AA
hRSV_SRR24833879,14,F,OG11,SH,AA
hRSV_SRR24833879,15,W,OG11,SH,AA
hRSV_SRR24833879,16,P,OG11,SH,AA
hRSV_SRR24833879,17,Y,OG11,SH,AA
hRSV_SRR24833879,18,F,OG11,SH,AA
hRSV_SRR24833879,19,T,OG11,SH,AA
hRSV_SRR24833879,20,L,OG11,SH,AA
hRSV_SRR24833879,21,I,OG11,SH,AA
hRSV_SRR24833879,22,H,OG11,SH,AA
hRSV_SRR24833879,23,M,OG11,SH,AA
hRSV_SRR24833879,24,I,OG11,SH,AA
hRSV_SRR24833879,25,T,OG11,SH,AA
hRSV_SRR24833879,26,T,OG11,SH,AA
hRSV_SRR24833879,27,I,OG11,SH,AA
hRSV_SRR24833879,28,I,OG11,SH,AA
hRSV_SRR24833879,29,S,OG11,SH,AA
hRSV_SRR24833879,30,L,OG11,SH,AA
hRSV_SRR24833879,31,I,OG11,SH,AA
hRSV_SRR24833879,32,I,OG11,SH,AA
hRSV_SRR24833879,33,I,OG11,SH,AA
hRSV_SRR24833879,34,I,OG11,SH,AA
hRSV_SRR24833879,35,S,OG11,SH,AA
hRSV_SRR24833879,36,I,OG11,SH,AA
hRSV_SRR24833879,37,M,OG11,SH,AA
hRSV_SRR24833879,38,S,OG11,SH,AA
hRSV_SRR24833879,39,A,OG11,SH,AA
hRSV_SRR24833879,40,I,OG11,SH,AA
hRSV_SRR24833879,41,L,OG11,SH,AA
hRSV_SRR24833879,42,N,OG11,SH,AA
hRSV_SRR24833879,43,K,OG11,SH,AA
hRSV_SRR24833879,44,L,OG11,SH,AA
hRSV_SRR24833879,45,C,OG11,SH,AA
hRSV_SRR24833879,46,E,OG11,SH,AA
hRSV_SRR24833879,47,Y,OG11,SH,AA
hRSV_SRR24833879,48,N,OG11,SH,AA
hRSV_SRR24833879,49,V,OG11,SH,AA
hRSV_SRR24833879,50,F,OG11,SH,AA
hRSV_SRR24833879,51,H,OG11,SH,AA
hRSV_SRR24833879,52,N,OG11,SH,AA
hRSV_SRR24833879,53,K,OG11,SH,AA
hRSV_SRR24833879,54,T,OG11,SH,AA
hRSV_SRR24833879,55,F,OG11,SH,AA
hRSV_SRR24833879,56,E,OG11,SH,AA
hRSV_SRR24833879,57,L,OG11,SH,AA
hRSV_SRR24833879,58,P,OG11,SH,AA
hRSV_SRR24833879,59,R,OG11,SH,AA
hRSV_SRR24833879,60,A,OG11,SH,AA
hRSV_SRR24833879,61,-,OG11,SH,AA
hRSV_SRR24833879,62,R,OG11,SH,AA
hRSV_SRR24833879,63,V,OG11,SH,AA
hRSV_SRR24833879,64,N,OG11,SH,AA
hRSV_SRR24833879,65,T,OG11,SH,AA
hRSV_SRR24833895,1,M,OG11,SH,AA
hRSV_SRR24833895,2,E,OG11,SH,AA
hRSV_SRR24833895,3,N,OG11,SH,AA
hRSV_SRR24833895,4,T,OG11,SH,AA
hRSV_SRR24833895,5,S,OG11,SH,AA
hRSV_SRR24833895,6,I,OG11,SH,AA
hRSV_SRR24833895,7,T,OG11,SH,AA
hRSV_SRR24833895,8,I,OG11,SH,AA
hRSV_SRR24833895,9,E,OG11,SH,AA
hRSV_SRR24833895,10,F,OG11,SH,AA
hRSV_SRR24833895,11,S,OG11,SH,AA
hRSV_SRR24833895,12,S,OG11,SH,AA
hRSV_SRR24833895,13,K,OG11,SH,AA
hRSV_SRR24833895,14,F,OG11,SH,AA
hRSV_SRR24833895,15,W,OG11,SH,AA
hRSV_SRR24833895,16,P,OG11,SH,AA
hRSV_SRR24833895,17,Y,OG11,SH,AA
hRSV_SRR24833895,18,F,OG11,SH,AA
hRSV_SRR24833895,19,T,OG11,SH,AA
hRSV_SRR24833895,20,L,OG11,SH,AA
hRSV_SRR24833895,21,I,OG11,SH,AA
hRSV_SRR24833895,22,H,OG11,SH,AA
hRSV_SRR24833895,23,M,OG11,SH,AA
hRSV_SRR24833895,24,I,OG11,SH,AA
hRSV_SRR24833895,25,T,OG11,SH,AA
hRSV_SRR24833895,26,T,OG11,SH,AA
hRSV_SRR24833895,27,I,OG11,SH,AA
hRSV_SRR24833895,28,I,OG11,SH,AA
hRSV_SRR24833895,29,S,OG11,SH,AA
hRSV_SRR24833895,30,L,OG11,SH,AA
hRSV_SRR24833895,31,I,OG11,SH,AA
hRSV_SRR24833895,32,I,OG11,SH,AA
hRSV_SRR24833895,33,I,OG11,SH,AA
hRSV_SRR24833895,34,I,OG11,SH,AA
hRSV_SRR24833895,35,S,OG11,SH,AA
hRSV_SRR24833895,36,I,OG11,SH,AA
hRSV_SRR24833895,37,M,OG11,SH,AA
hRSV_SRR24833895,38,I,OG11,SH,AA
hRSV_SRR24833895,39,A,OG11,SH,AA
hRSV_SRR24833895,40,I,OG11,SH,AA
hRSV_SRR24833895,41,L,OG11,SH,AA
hRSV_SRR24833895,42,N,OG11,SH,AA
hRSV_SRR24833895,43,K,OG11,SH,AA
hRSV_SRR24833895,44,L,OG11,SH,AA
hRSV_SRR24833895,45,C,OG11,SH,AA
hRSV_SRR24833895,46,E,OG11,SH,AA
hRSV_SRR24833895,47,Y,OG11,SH,AA
hRSV_SRR24833895,48,N,OG11,SH,AA
hRSV_SRR24833895,49,V,OG11,SH,AA
hRSV_SRR24833895,50,F,OG11,SH,AA
hRSV_SRR24833895,51,H,OG11,SH,AA
hRSV_SRR24833895,52,N,OG11,SH,AA
hRSV_SRR24833895,53,K,OG11,SH,AA
hRSV_SRR24833895,54,T,OG11,SH,AA
hRSV_SRR24833895,55,F,OG11,SH,AA
hRSV_SRR24833895,56,E,OG11,SH,AA
hRSV_SRR24833895,57,L,OG11,SH,AA
hRSV_SRR24833895,58,P,OG11,SH,AA
hRSV_SRR24833895,59,R,OG11,SH,AA
hRSV_SRR24833895,60,A,OG11,SH,AA
hRSV_SRR24833895,61,-,OG11,SH,AA
hRSV_SRR24833895,62,R,OG11,SH,AA
hRSV_SRR24833895,63,V,OG11,SH,AA
hRSV_SRR24833895,64,N,OG11,SH,AA
hRSV_SRR24833895,65,T,OG11,SH,AA
hRSV_SRR24833888,1,M,OG2,F,AA
hRSV_SRR24833888,2,E,OG2,F,AA
hRSV_SRR24833888,3,L,OG2,F,AA
hRSV_SRR24833888,4,P,OG2,F,AA
hRSV_SRR24833888,5,I,OG2,F,AA
hRSV_SRR24833888,6,L,OG2,F,AA
hRSV_SRR24833888,7,K,OG2,F,AA
hRSV_SRR24833888,8,T,OG2,F,AA
hRSV_SRR24833888,9,N,OG2,F,AA
hRSV_SRR24833888,10,A,OG2,F,AA
hRSV_SRR24833888,11,I,OG2,F,AA
hRSV_SRR24833888,12,T,OG2,F,AA
hRSV_SRR24833888,13,T,OG2,F,AA
hRSV_SRR24833888,14,I,OG2,F,AA
hRSV_SRR24833888,15,L,OG2,F,AA
hRSV_SRR24833888,16,A,OG2,F,AA
hRSV_SRR24833888,17,A,OG2,F,AA
hRSV_SRR24833888,18,V,OG2,F,AA
hRSV_SRR24833888,19,T,OG2,F,AA
hRSV_SRR24833888,20,L,OG2,F,AA
hRSV_SRR24833888,21,C,OG2,F,AA
hRSV_SRR24833888,22,F,OG2,F,AA
hRSV_SRR24833888,23,A,OG2,F,AA
hRSV_SRR24833888,24,S,OG2,F,AA
hRSV_SRR24833888,25,S,OG2,F,AA
hRSV_SRR24833888,26,Q,OG2,F,AA
hRSV_SRR24833888,27,N,OG2,F,AA
hRSV_SRR24833888,28,I,OG2,F,AA
hRSV_SRR24833888,29,T,OG2,F,AA
hRSV_SRR24833888,30,E,OG2,F,AA
hRSV_SRR24833888,31,E,OG2,F,AA
hRSV_SRR24833888,32,F,OG2,F,AA
hRSV_SRR24833888,33,Y,OG2,F,AA
hRSV_SRR24833888,34,Q,OG2,F,AA
hRSV_SRR24833888,35,S,OG2,F,AA
hRSV_SRR24833888,36,T,OG2,F,AA
hRSV_SRR24833888,37,C,OG2,F,AA
hRSV_SRR24833888,38,S,OG2,F,AA
hRSV_SRR24833888,39,A,OG2,F,AA
hRSV_SRR24833888,40,V,OG2,F,AA
hRSV_SRR24833888,41,S,OG2,F,AA
hRSV_SRR24833888,42,K,OG2,F,AA
hRSV_SRR24833888,43,G,OG2,F,AA
hRSV_SRR24833888,44,Y,OG2,F,AA
hRSV_SRR24833888,45,L,OG2,F,AA
hRSV_SRR24833888,46,S,OG2,F,AA
hRSV_SRR24833888,47,A,OG2,F,AA
hRSV_SRR24833888,48,L,OG2,F,AA
hRSV_SRR24833888,49,R,OG2,F,AA
hRSV_SRR24833888,50,T,OG2,F,AA
hRSV_SRR24833888,51,G,OG2,F,AA
hRSV_SRR24833888,52,W,OG2,F,AA
hRSV_SRR24833888,53,Y,OG2,F,AA
hRSV_SRR24833888,54,T,OG2,F,AA
hRSV_SRR24833888,55,S,OG2,F,AA
hRSV_SRR24833888,56,X,OG2,F,AA
hRSV_SRR24833888,57,X,OG2,F,AA
hRSV_SRR24833888,58,X,OG2,F,AA
hRSV_SRR24833888,59,X,OG2,F,AA
hRSV_SRR24833888,60,X,OG2,F,AA
hRSV_SRR24833888,61,X,OG2,F,AA
hRSV_SRR24833888,62,X,OG2,F,AA
hRSV_SRR24833888,63,X,OG2,F,AA
hRSV_SRR24833888,64,X,OG2,F,AA
hRSV_SRR24833888,65,X,OG2,F,AA
hRSV_SRR24833888,66,X,OG2,F,AA
hRSV_SRR24833888,67,X,OG2,F,AA
hRSV_SRR24833888,68,X,OG2,F,AA
hRSV_SRR24833888,69,X,OG2,F,AA
hRSV_SRR24833888,70,X,OG2,F,AA
hRSV_SRR24833888,71,X,OG2,F,AA
hRSV_SRR24833888,72,X,OG2,F,AA
hRSV_SRR24833888,73,X,OG2,F,AA
hRSV_SRR24833888,74,X,OG2,F,AA
hRSV_SRR24833888,75,X,OG2,F,AA
hRSV_SRR24833888,76,X,OG2,F,AA
hRSV_SRR24833888,77,X,OG2,F,AA
hRSV_SRR24833888,78,X,OG2,F,AA
hRSV_SRR24833888,79,X,OG2,F,AA
hRSV_SRR24833888,80,X,OG2,F,AA
hRSV_SRR24833888,81,X,OG2,F,AA
hRSV_SRR24833888,82,X,OG2,F,AA
hRSV_SRR24833888,83,X,OG2,F,AA
hRSV_SRR24833888,84,X,OG2,F,AA
hRSV_SRR24833888,85,X,OG2,F,AA
hRSV_SRR24833888,86,X,OG2,F,AA
hRSV_SRR24833888,87,X,OG2,F,AA
hRSV_SRR24833888,88,X,OG2,F,AA
hRSV_SRR24833888,89,X,OG2,F,AA
hRSV_SRR24833888,90,X,OG2,F,AA
hRSV_SRR24833888,91,X,OG2,F,AA
hRSV_SRR24833888,92,X,OG2,F,AA
hRSV_SRR24833888,93,X,OG2,F,AA
hRSV_SRR24833888,94,X,OG2,F,AA
hRSV_SRR24833888,95,X,OG2,F,AA
hRSV_SRR24833888,96,X,OG2,F,AA
hRSV_SRR24833888,97,X,OG2,F,AA
hRSV_SRR24833888,98,X,OG2,F,AA
hRSV_SRR24833888,99,X,OG2,F,AA
hRSV_SRR24833888,100,X,OG2,F,AA
hRSV_SRR24833888,101,X,OG2,F,AA
hRSV_SRR24833888,102,X,OG2,F,AA
hRSV_SRR24833888,103,X,OG2,F,AA
hRSV_SRR24833888,104,X,OG2,F,AA
hRSV_SRR24833888,105,X,OG2,F,AA
hRSV_SRR24833888,106,X,OG2,F,AA
hRSV_SRR24833888,107,X,OG2,F,AA
hRSV_SRR24833888,108,X,OG2,F,AA
hRSV_SRR24833888,109,X,OG2,F,AA
hRSV_SRR24833888,110,X,OG2,F,AA
hRSV_SRR24833888,111,X,OG2,F,AA
hRSV_SRR24833888,112,X,OG2,F,AA
hRSV_SRR24833888,113,X,OG2,F,AA
hRSV_SRR24833888,114,X,OG2,F,AA
hRSV_SRR24833888,115,X,OG2,F,AA
hRSV_SRR24833888,116,X,OG2,F,AA
hRSV_SRR24833888,117,X,OG2,F,AA
hRSV_SRR24833888,118,X,OG2,F,AA
hRSV_SRR24833888,119,X,OG2,F,AA
hRSV_SRR24833888,120,X,OG2,F,AA
hRSV_SRR24833888,121,X,OG2,F,AA
hRSV_SRR24833888,122,X,OG2,F,AA
hRSV_SRR24833888,123,X,OG2,F,AA
hRSV_SRR24833888,124,N,OG2,F,AA
hRSV_SRR24833888,125,T,OG2,F,AA
hRSV_SRR24833888,126,N,OG2,F,AA
hRSV_SRR24833888,127,V,OG2,F,AA
hRSV_SRR24833888,128,T,OG2,F,AA
hRSV_SRR24833888,129,L,OG2,F,AA
hRSV_SRR24833888,130,S,OG2,F,AA
hRSV_SRR24833888,131,K,OG2,F,AA
hRSV_SRR24833888,132,K,OG2,F,AA
hRSV_SRR24833888,133,R,OG2,F,AA
hRSV_SRR24833888,134,K,OG2,F,AA
hRSV_SRR24833888,135,R,OG2,F,AA
hRSV_SRR24833888,136,R,OG2,F,AA
hRSV_SRR24833888,137,F,OG2,F,AA
hRSV_SRR24833888,138,L,OG2,F,AA
hRSV_SRR24833888,139,-,OG2,F,AA
hRSV_SRR24833888,140,-,OG2,F,AA
hRSV_SRR24833888,141,G,OG2,F,AA
hRSV_SRR24833888,142,F,OG2,F,AA
hRSV_SRR24833888,143,L,OG2,F,AA
hRSV_SRR24833888,144,L,OG2,F,AA
hRSV_SRR24833888,145,G,OG2,F,AA
hRSV_SRR24833888,146,V,OG2,F,AA
hRSV_SRR24833888,147,G,OG2,F,AA
hRSV_SRR24833888,148,S,OG2,F,AA
hRSV_SRR24833888,149,A,OG2,F,AA
hRSV_SRR24833888,150,I,OG2,F,AA
hRSV_SRR24833888,151,A,OG2,F,AA
hRSV_SRR24833888,152,-,OG2,F,AA
hRSV_SRR24833888,153,-,OG2,F,AA
hRSV_SRR24833888,154,S,OG2,F,AA
hRSV_SRR24833888,155,G,OG2,F,AA
hRSV_SRR24833888,156,I,OG2,F,AA
hRSV_SRR24833888,157,A,OG2,F,AA
hRSV_SRR24833888,158,V,OG2,F,AA
hRSV_SRR24833888,159,S,OG2,F,AA
hRSV_SRR24833888,160,K,OG2,F,AA
hRSV_SRR24833888,161,V,OG2,F,AA
hRSV_SRR24833888,162,L,OG2,F,AA
hRSV_SRR24833888,163,H,OG2,F,AA
hRSV_SRR24833888,164,L,OG2,F,AA
hRSV_SRR24833888,165,E,OG2,F,AA
hRSV_SRR24833888,166,G,OG2,F,AA
hRSV_SRR24833888,167,E,OG2,F,AA
hRSV_SRR24833888,168,V,OG2,F,AA
hRSV_SRR24833888,169,N,OG2,F,AA
hRSV_SRR24833888,170,K,OG2,F,AA
hRSV_SRR24833888,171,I,OG2,F,AA
hRSV_SRR24833888,172,K,OG2,F,AA
hRSV_SRR24833888,173,S,OG2,F,AA
hRSV_SRR24833888,174,A,OG2,F,AA
hRSV_SRR24833888,175,L,OG2,F,AA
hRSV_SRR24833888,176,L,OG2,F,AA
hRSV_SRR24833888,177,S,OG2,F,AA
hRSV_SRR24833888,178,T,OG2,F,AA
hRSV_SRR24833888,179,N,OG2,F,AA
hRSV_SRR24833888,180,K,OG2,F,AA
hRSV_SRR24833888,181,A,OG2,F,AA
hRSV_SRR24833888,182,V,OG2,F,AA
hRSV_SRR24833888,183,V,OG2,F,AA
hRSV_SRR24833888,184,S,OG2,F,AA
hRSV_SRR24833888,185,L,OG2,F,AA
hRSV_SRR24833888,186,S,OG2,F,AA
hRSV_SRR24833888,187,N,OG2,F,AA
hRSV_SRR24833888,188,G,OG2,F,AA
hRSV_SRR24833888,189,V,OG2,F,AA
hRSV_SRR24833888,190,S,OG2,F,AA
hRSV_SRR24833888,191,V,OG2,F,AA
hRSV_SRR24833888,192,L,OG2,F,AA
hRSV_SRR24833888,193,T,OG2,F,AA
hRSV_SRR24833888,194,S,OG2,F,AA
hRSV_SRR24833888,195,K,OG2,F,AA
hRSV_SRR24833888,196,V,OG2,F,AA
hRSV_SRR24833888,197,L,OG2,F,AA
hRSV_SRR24833888,198,D,OG2,F,AA
hRSV_SRR24833888,199,L,OG2,F,AA
hRSV_SRR24833888,200,K,OG2,F,AA
hRSV_SRR24833888,201,N,OG2,F,AA
hRSV_SRR24833888,202,Y,OG2,F,AA
hRSV_SRR24833888,203,I,OG2,F,AA
hRSV_SRR24833888,204,D,OG2,F,AA
hRSV_SRR24833888,205,K,OG2,F,AA
hRSV_SRR24833888,206,Q,OG2,F,AA
hRSV_SRR24833888,207,L,OG2,F,AA
hRSV_SRR24833888,208,L,OG2,F,AA
hRSV_SRR24833888,209,P,OG2,F,AA
hRSV_SRR24833888,210,I,OG2,F,AA
hRSV_SRR24833888,211,V,OG2,F,AA
hRSV_SRR24833888,212,N,OG2,F,AA
hRSV_SRR24833888,213,K,OG2,F,AA
hRSV_SRR24833888,214,Q,OG2,F,AA
hRSV_SRR24833888,215,S,OG2,F,AA
hRSV_SRR24833888,216,C,OG2,F,AA
hRSV_SRR24833888,217,S,OG2,F,AA
hRSV_SRR24833888,218,I,OG2,F,AA
hRSV_SRR24833888,219,S,OG2,F,AA
hRSV_SRR24833888,220,N,OG2,F,AA
hRSV_SRR24833888,221,I,OG2,F,AA
hRSV_SRR24833888,222,E,OG2,F,AA
hRSV_SRR24833888,223,T,OG2,F,AA
hRSV_SRR24833888,224,V,OG2,F,AA
hRSV_SRR24833888,225,I,OG2,F,AA
hRSV_SRR24833888,226,E,OG2,F,AA
hRSV_SRR24833888,227,F,OG2,F,AA
hRSV_SRR24833888,228,Q,OG2,F,AA
hRSV_SRR24833888,229,Q,OG2,F,AA
hRSV_SRR24833888,230,K,OG2,F,AA
hRSV_SRR24833888,231,N,OG2,F,AA
hRSV_SRR24833888,232,N,OG2,F,AA
hRSV_SRR24833888,233,R,OG2,F,AA
hRSV_SRR24833888,234,L,OG2,F,AA
hRSV_SRR24833888,235,L,OG2,F,AA
hRSV_SRR24833888,236,E,OG2,F,AA
hRSV_SRR24833888,237,I,OG2,F,AA
hRSV_SRR24833888,238,T,OG2,F,AA
hRSV_SRR24833888,239,R,OG2,F,AA
hRSV_SRR24833888,240,E,OG2,F,AA
hRSV_SRR24833888,241,F,OG2,F,AA
hRSV_SRR24833888,242,S,OG2,F,AA
hRSV_SRR24833888,243,V,OG2,F,AA
hRSV_SRR24833888,244,N,OG2,F,AA
hRSV_SRR24833888,245,A,OG2,F,AA
hRSV_SRR24833888,246,G,OG2,F,AA
hRSV_SRR24833888,247,V,OG2,F,AA
hRSV_SRR24833888,248,T,OG2,F,AA
hRSV_SRR24833888,249,T,OG2,F,AA
hRSV_SRR24833888,250,P,OG2,F,AA
hRSV_SRR24833888,251,V,OG2,F,AA
hRSV_SRR24833888,252,S,OG2,F,AA
hRSV_SRR24833888,253,T,OG2,F,AA
hRSV_SRR24833888,254,Y,OG2,F,AA
hRSV_SRR24833888,255,M,OG2,F,AA
hRSV_SRR24833888,256,L,OG2,F,AA
hRSV_SRR24833888,257,T,OG2,F,AA
hRSV_SRR24833888,258,N,OG2,F,AA
hRSV_SRR24833888,259,S,OG2,F,AA
hRSV_SRR24833888,260,E,OG2,F,AA
hRSV_SRR24833888,261,L,OG2,F,AA
hRSV_SRR24833888,262,L,OG2,F,AA
hRSV_SRR24833888,263,S,OG2,F,AA
hRSV_SRR24833888,264,L,OG2,F,AA
hRSV_SRR24833888,265,I,OG2,F,AA
hRSV_SRR24833888,266,N,OG2,F,AA
hRSV_SRR24833888,267,D,OG2,F,AA
hRSV_SRR24833888,268,M,OG2,F,AA
hRSV_SRR24833888,269,P,OG2,F,AA
hRSV_SRR24833888,270,I,OG2,F,AA
hRSV_SRR24833888,271,T,OG2,F,AA
hRSV_SRR24833888,272,N,OG2,F,AA
hRSV_SRR24833888,273,D,OG2,F,AA
hRSV_SRR24833888,274,Q,OG2,F,AA
hRSV_SRR24833888,275,K,OG2,F,AA
hRSV_SRR24833888,276,K,OG2,F,AA
hRSV_SRR24833888,277,L,OG2,F,AA
hRSV_SRR24833888,278,M,OG2,F,AA
hRSV_SRR24833888,279,S,OG2,F,AA
hRSV_SRR24833888,280,S,OG2,F,AA
hRSV_SRR24833888,281,N,OG2,F,AA
hRSV_SRR24833888,282,V,OG2,F,AA
hRSV_SRR24833888,283,Q,OG2,F,AA
hRSV_SRR24833888,284,I,OG2,F,AA
hRSV_SRR24833888,285,V,OG2,F,AA
hRSV_SRR24833888,286,R,OG2,F,AA
hRSV_SRR24833888,287,Q,OG2,F,AA
hRSV_SRR24833888,288,Q,OG2,F,AA
hRSV_SRR24833888,289,S,OG2,F,AA
hRSV_SRR24833888,290,Y,OG2,F,AA
hRSV_SRR24833888,291,S,OG2,F,AA
hRSV_SRR24833888,292,I,OG2,F,AA
hRSV_SRR24833888,293,M,OG2,F,AA
hRSV_SRR24833888,294,S,OG2,F,AA
hRSV_SRR24833888,295,I,OG2,F,AA
hRSV_SRR24833888,296,I,OG2,F,AA
hRSV_SRR24833888,297,K,OG2,F,AA
hRSV_SRR24833888,298,E,OG2,F,AA
hRSV_SRR24833888,299,E,OG2,F,AA
hRSV_SRR24833888,300,V,OG2,F,AA
hRSV_SRR24833888,301,L,OG2,F,AA
hRSV_SRR24833888,302,A,OG2,F,AA
hRSV_SRR24833888,303,Y,OG2,F,AA
hRSV_SRR24833888,304,V,OG2,F,AA
hRSV_SRR24833888,305,V,OG2,F,AA
hRSV_SRR24833888,306,Q,OG2,F,AA
hRSV_SRR24833888,307,L,OG2,F,AA
hRSV_SRR24833888,308,P,OG2,F,AA
hRSV_SRR24833888,309,L,OG2,F,AA
hRSV_SRR24833888,310,Y,OG2,F,AA
hRSV_SRR24833888,311,G,OG2,F,AA
hRSV_SRR24833888,312,V,OG2,F,AA
hRSV_SRR24833888,313,I,OG2,F,AA
hRSV_SRR24833888,314,D,OG2,F,AA
hRSV_SRR24833888,315,T,OG2,F,AA
hRSV_SRR24833888,316,P,OG2,F,AA
hRSV_SRR24833888,317,C,OG2,F,AA
hRSV_SRR24833888,318,W,OG2,F,AA
hRSV_SRR24833888,319,K,OG2,F,AA
hRSV_SRR24833888,320,L,OG2,F,AA
hRSV_SRR24833888,321,H,OG2,F,AA
hRSV_SRR24833888,322,T,OG2,F,AA
hRSV_SRR24833888,323,S,OG2,F,AA
hRSV_SRR24833888,324,P,OG2,F,AA
hRSV_SRR24833888,325,L,OG2,F,AA
hRSV_SRR24833888,326,C,OG2,F,AA
hRSV_SRR24833888,327,T,OG2,F,AA
hRSV_SRR24833888,328,T,OG2,F,AA
hRSV_SRR24833888,329,N,OG2,F,AA
hRSV_SRR24833888,330,T,OG2,F,AA
hRSV_SRR24833888,331,K,OG2,F,AA
hRSV_SRR24833888,332,E,OG2,F,AA
hRSV_SRR24833888,333,G,OG2,F,AA
hRSV_SRR24833888,334,S,OG2,F,AA
hRSV_SRR24833888,335,N,OG2,F,AA
hRSV_SRR24833888,336,I,OG2,F,AA
hRSV_SRR24833888,337,C,OG2,F,AA
hRSV_SRR24833888,338,L,OG2,F,AA
hRSV_SRR24833888,339,T,OG2,F,AA
hRSV_SRR24833888,340,R,OG2,F,AA
hRSV_SRR24833888,341,T,OG2,F,AA
hRSV_SRR24833888,342,D,OG2,F,AA
hRSV_SRR24833888,343,R,OG2,F,AA
hRSV_SRR24833888,344,G,OG2,F,AA
hRSV_SRR24833888,345,W,OG2,F,AA
hRSV_SRR24833888,346,Y,OG2,F,AA
hRSV_SRR24833888,347,C,OG2,F,AA
hRSV_SRR24833888,348,D,OG2,F,AA
hRSV_SRR24833888,349,N,OG2,F,AA
hRSV_SRR24833888,350,A,OG2,F,AA
hRSV_SRR24833888,351,G,OG2,F,AA
hRSV_SRR24833888,352,S,OG2,F,AA
hRSV_SRR24833888,353,V,OG2,F,AA
hRSV_SRR24833888,354,S,OG2,F,AA
hRSV_SRR24833888,355,F,OG2,F,AA
hRSV_SRR24833888,356,F,OG2,F,AA
hRSV_SRR24833888,357,P,OG2,F,AA
hRSV_SRR24833888,358,Q,OG2,F,AA
hRSV_SRR24833888,359,A,OG2,F,AA
hRSV_SRR24833888,360,E,OG2,F,AA
hRSV_SRR24833888,361,T,OG2,F,AA
hRSV_SRR24833888,362,C,OG2,F,AA
hRSV_SRR24833888,363,K,OG2,F,AA
hRSV_SRR24833888,364,V,OG2,F,AA
hRSV_SRR24833888,365,Q,OG2,F,AA
hRSV_SRR24833888,366,S,OG2,F,AA
hRSV_SRR24833888,367,N,OG2,F,AA
hRSV_SRR24833888,368,R,OG2,F,AA
hRSV_SRR24833888,369,V,OG2,F,AA
hRSV_SRR24833888,370,F,OG2,F,AA
hRSV_SRR24833888,371,C,OG2,F,AA
hRSV_SRR24833888,372,D,OG2,F,AA
hRSV_SRR24833888,373,T,OG2,F,AA
hRSV_SRR24833888,374,M,OG2,F,AA
hRSV_SRR24833888,375,N,OG2,F,AA
hRSV_SRR24833888,376,S,OG2,F,AA
hRSV_SRR24833888,377,L,OG2,F,AA
hRSV_SRR24833888,378,T,OG2,F,AA
hRSV_SRR24833888,379,L,OG2,F,AA
hRSV_SRR24833888,380,P,OG2,F,AA
hRSV_SRR24833888,381,S,OG2,F,AA
hRSV_SRR24833888,382,E,OG2,F,AA
hRSV_SRR24833888,383,V,OG2,F,AA
hRSV_SRR24833888,384,N,OG2,F,AA
hRSV_SRR24833888,385,L,OG2,F,AA
hRSV_SRR24833888,386,C,OG2,F,AA
hRSV_SRR24833888,387,N,OG2,F,AA
hRSV_SRR24833888,388,I,OG2,F,AA
hRSV_SRR24833888,389,D,OG2,F,AA
hRSV_SRR24833888,390,I,OG2,F,AA
hRSV_SRR24833888,391,F,OG2,F,AA
hRSV_SRR24833888,392,N,OG2,F,AA
hRSV_SRR24833888,393,P,OG2,F,AA
hRSV_SRR24833888,394,K,OG2,F,AA
hRSV_SRR24833888,395,Y,OG2,F,AA
hRSV_SRR24833888,396,D,OG2,F,AA
hRSV_SRR24833888,397,C,OG2,F,AA
hRSV_SRR24833888,398,K,OG2,F,AA
hRSV_SRR24833888,399,I,OG2,F,AA
hRSV_SRR24833888,400,M,OG2,F,AA
hRSV_SRR24833888,401,T,OG2,F,AA
hRSV_SRR24833888,402,S,OG2,F,AA
hRSV_SRR24833888,403,K,OG2,F,AA
hRSV_SRR24833888,404,T,OG2,F,AA
hRSV_SRR24833888,405,D,OG2,F,AA
hRSV_SRR24833888,406,V,OG2,F,AA
hRSV_SRR24833888,407,S,OG2,F,AA
hRSV_SRR24833888,408,S,OG2,F,AA
hRSV_SRR24833888,409,S,OG2,F,AA
hRSV_SRR24833888,410,V,OG2,F,AA
hRSV_SRR24833888,411,I,OG2,F,AA
hRSV_SRR24833888,412,T,OG2,F,AA
hRSV_SRR24833888,413,S,OG2,F,AA
hRSV_SRR24833888,414,L,OG2,F,AA
hRSV_SRR24833888,415,G,OG2,F,AA
hRSV_SRR24833888,416,A,OG2,F,AA
hRSV_SRR24833888,417,I,OG2,F,AA
hRSV_SRR24833888,418,V,OG2,F,AA
hRSV_SRR24833888,419,S,OG2,F,AA
hRSV_SRR24833888,420,C,OG2,F,AA
hRSV_SRR24833888,421,Y,OG2,F,AA
hRSV_SRR24833888,422,G,OG2,F,AA
hRSV_SRR24833888,423,K,OG2,F,AA
hRSV_SRR24833888,424,T,OG2,F,AA
hRSV_SRR24833888,425,K,OG2,F,AA
hRSV_SRR24833888,426,C,OG2,F,AA
hRSV_SRR24833888,427,T,OG2,F,AA
hRSV_SRR24833888,428,A,OG2,F,AA
hRSV_SRR24833888,429,S,OG2,F,AA
hRSV_SRR24833888,430,N,OG2,F,AA
hRSV_SRR24833888,431,K,OG2,F,AA
hRSV_SRR24833888,432,N,OG2,F,AA
hRSV_SRR24833888,433,R,OG2,F,AA
hRSV_SRR24833888,434,G,OG2,F,AA
hRSV_SRR24833888,435,I,OG2,F,AA
hRSV_SRR24833888,436,I,OG2,F,AA
hRSV_SRR24833888,437,K,OG2,F,AA
hRSV_SRR24833888,438,T,OG2,F,AA
hRSV_SRR24833888,439,F,OG2,F,AA
hRSV_SRR24833888,440,S,OG2,F,AA
hRSV_SRR24833888,441,N,OG2,F,AA
hRSV_SRR24833888,442,G,OG2,F,AA
hRSV_SRR24833888,443,C,OG2,F,AA
hRSV_SRR24833888,444,D,OG2,F,AA
hRSV_SRR24833888,445,Y,OG2,F,AA
hRSV_SRR24833888,446,V,OG2,F,AA
hRSV_SRR24833888,447,S,OG2,F,AA
hRSV_SRR24833888,448,N,OG2,F,AA
hRSV_SRR24833888,449,K,OG2,F,AA
hRSV_SRR24833888,450,G,OG2,F,AA
hRSV_SRR24833888,451,V,OG2,F,AA
hRSV_SRR24833888,452,D,OG2,F,AA
hRSV_SRR24833888,453,T,OG2,F,AA
hRSV_SRR24833888,454,V,OG2,F,AA
hRSV_SRR24833888,455,S,OG2,F,AA
hRSV_SRR24833888,456,V,OG2,F,AA
hRSV_SRR24833888,457,G,OG2,F,AA
hRSV_SRR24833888,458,N,OG2,F,AA
hRSV_SRR24833888,459,T,OG2,F,AA
hRSV_SRR24833888,460,L,OG2,F,AA
hRSV_SRR24833888,461,Y,OG2,F,AA
hRSV_SRR24833888,462,Y,OG2,F,AA
hRSV_SRR24833888,463,V,OG2,F,AA
hRSV_SRR24833888,464,N,OG2,F,AA
hRSV_SRR24833888,465,K,OG2,F,AA
hRSV_SRR24833888,466,Q,OG2,F,AA
hRSV_SRR24833888,467,E,OG2,F,AA
hRSV_SRR24833888,468,G,OG2,F,AA
hRSV_SRR24833888,469,K,OG2,F,AA
hRSV_SRR24833888,470,S,OG2,F,AA
hRSV_SRR24833888,471,L,OG2,F,AA
hRSV_SRR24833888,472,Y,OG2,F,AA
hRSV_SRR24833888,473,V,OG2,F,AA
hRSV_SRR24833888,474,K,OG2,F,AA
hRSV_SRR24833888,475,G,OG2,F,AA
hRSV_SRR24833888,476,E,OG2,F,AA
hRSV_SRR24833888,477,P,OG2,F,AA
hRSV_SRR24833888,478,I,OG2,F,AA
hRSV_SRR24833888,479,I,OG2,F,AA
hRSV_SRR24833888,480,N,OG2,F,AA
hRSV_SRR24833888,481,F,OG2,F,AA
hRSV_SRR24833888,482,Y,OG2,F,AA
hRSV_SRR24833888,483,D,OG2,F,AA
hRSV_SRR24833888,484,P,OG2,F,AA
hRSV_SRR24833888,485,L,OG2,F,AA
hRSV_SRR24833888,486,V,OG2,F,AA
hRSV_SRR24833888,487,F,OG2,F,AA
hRSV_SRR24833888,488,P,OG2,F,AA
hRSV_SRR24833888,489,S,OG2,F,AA
hRSV_SRR24833888,490,D,OG2,F,AA
hRSV_SRR24833888,491,E,OG2,F,AA
hRSV_SRR24833888,492,F,OG2,F,AA
hRSV_SRR24833888,493,D,OG2,F,AA
hRSV_SRR24833888,494,A,OG2,F,AA
hRSV_SRR24833888,495,S,OG2,F,AA
hRSV_SRR24833888,496,I,OG2,F,AA
hRSV_SRR24833888,497,S,OG2,F,AA
hRSV_SRR24833888,498,Q,OG2,F,AA
hRSV_SRR24833888,499,V,OG2,F,AA
hRSV_SRR24833888,500,N,OG2,F,AA
hRSV_SRR24833888,501,E,OG2,F,AA
hRSV_SRR24833888,502,K,OG2,F,AA
hRSV_SRR24833888,503,I,OG2,F,AA
hRSV_SRR24833888,504,N,OG2,F,AA
hRSV_SRR24833888,505,Q,OG2,F,AA
hRSV_SRR24833888,506,S,OG2,F,AA
hRSV_SRR24833888,507,L,OG2,F,AA
hRSV_SRR24833888,508,A,OG2,F,AA
hRSV_SRR24833888,509,F,OG2,F,AA
hRSV_SRR24833888,510,I,OG2,F,AA
hRSV_SRR24833888,511,R,OG2,F,AA
hRSV_SRR24833888,512,K,OG2,F,AA
hRSV_SRR24833888,513,S,OG2,F,AA
hRSV_SRR24833888,514,D,OG2,F,AA
hRSV_SRR24833888,515,E,OG2,F,AA
hRSV_SRR24833888,516,L,OG2,F,AA
hRSV_SRR24833888,517,L,OG2,F,AA
hRSV_SRR24833888,518,H,OG2,F,AA
hRSV_SRR24833888,519,N,OG2,F,AA
hRSV_SRR24833888,520,V,OG2,F,AA
hRSV_SRR24833888,521,N,OG2,F,AA
hRSV_SRR24833888,522,A,OG2,F,AA
hRSV_SRR24833888,523,G,OG2,F,AA
hRSV_SRR24833888,524,K,OG2,F,AA
hRSV_SRR24833888,525,S,OG2,F,AA
hRSV_SRR24833888,526,T,OG2,F,AA
hRSV_SRR24833888,527,T,OG2,F,AA
hRSV_SRR24833888,528,N,OG2,F,AA
hRSV_SRR24833888,529,I,OG2,F,AA
hRSV_SRR24833888,530,M,OG2,F,AA
hRSV_SRR24833888,531,I,OG2,F,AA
hRSV_SRR24833888,532,T,OG2,F,AA
hRSV_SRR24833888,533,T,OG2,F,AA
hRSV_SRR24833888,534,I,OG2,F,AA
hRSV_SRR24833888,535,I,OG2,F,AA
hRSV_SRR24833888,536,I,OG2,F,AA
hRSV_SRR24833888,537,V,OG2,F,AA
hRSV_SRR24833888,538,I,OG2,F,AA
hRSV_SRR24833888,539,I,OG2,F,AA
hRSV_SRR24833888,540,V,OG2,F,AA
hRSV_SRR24833888,541,I,OG2,F,AA
hRSV_SRR24833888,542,L,OG2,F,AA
hRSV_SRR24833888,543,L,OG2,F,AA
hRSV_SRR24833888,544,A,OG2,F,AA
hRSV_SRR24833888,545,L,OG2,F,AA
hRSV_SRR24833888,546,I,OG2,F,AA
hRSV_SRR24833888,547,A,OG2,F,AA
hRSV_SRR24833888,548,V,OG2,F,AA
hRSV_SRR24833888,549,G,OG2,F,AA
hRSV_SRR24833888,550,L,OG2,F,AA
hRSV_SRR24833888,551,L,OG2,F,AA
hRSV_SRR24833888,552,L,OG2,F,AA
hRSV_SRR24833888,553,Y,OG2,F,AA
hRSV_SRR24833888,554,C,OG2,F,AA
hRSV_SRR24833888,555,K,OG2,F,AA
hRSV_SRR24833888,556,A,OG2,F,AA
hRSV_SRR24833888,557,R,OG2,F,AA
hRSV_SRR24833888,558,S,OG2,F,AA
hRSV_SRR24833888,559,T,OG2,F,AA
hRSV_SRR24833888,560,P,OG2,F,AA
hRSV_SRR24833888,561,V,OG2,F,AA
hRSV_SRR24833888,562,T,OG2,F,AA
hRSV_SRR24833888,563,L,OG2,F,AA
hRSV_SRR24833888,564,S,OG2,F,AA
hRSV_SRR24833888,565,K,OG2,F,AA
hRSV_SRR24833888,566,D,OG2,F,AA
hRSV_SRR24833888,567,Q,OG2,F,AA
hRSV_SRR24833888,568,L,OG2,F,AA
hRSV_SRR24833888,569,S,OG2,F,AA
hRSV_SRR24833888,570,G,OG2,F,AA
hRSV_SRR24833888,571,I,OG2,F,AA
hRSV_SRR24833888,572,N,OG2,F,AA
hRSV_SRR24833888,573,N,OG2,F,AA
hRSV_SRR24833888,574,I,OG2,F,AA
hRSV_SRR24833888,575,A,OG2,F,AA
hRSV_SRR24833888,576,F,OG2,F,AA
hRSV_SRR24833888,577,-,OG2,F,AA
hRSV_SRR24833888,578,-,OG2,F,AA
hRSV_SRR24833888,579,S,OG2,F,AA
hRSV_SRR24833888,580,N,OG2,F,AA
hRSV_SRR24833879,1,M,OG2,F,AA
hRSV_SRR24833879,2,E,OG2,F,AA
hRSV_SRR24833879,3,L,OG2,F,AA
hRSV_SRR24833879,4,P,OG2,F,AA
hRSV_SRR24833879,5,I,OG2,F,AA
hRSV_SRR24833879,6,L,OG2,F,AA
hRSV_SRR24833879,7,K,OG2,F,AA
hRSV_SRR24833879,8,T,OG2,F,AA
hRSV_SRR24833879,9,N,OG2,F,AA
hRSV_SRR24833879,10,A,OG2,F,AA
hRSV_SRR24833879,11,I,OG2,F,AA
hRSV_SRR24833879,12,T,OG2,F,AA
hRSV_SRR24833879,13,T,OG2,F,AA
hRSV_SRR24833879,14,I,OG2,F,AA
hRSV_SRR24833879,15,L,OG2,F,AA
hRSV_SRR24833879,16,A,OG2,F,AA
hRSV_SRR24833879,17,A,OG2,F,AA
hRSV_SRR24833879,18,V,OG2,F,AA
hRSV_SRR24833879,19,T,OG2,F,AA
hRSV_SRR24833879,20,L,OG2,F,AA
hRSV_SRR24833879,21,C,OG2,F,AA
hRSV_SRR24833879,22,F,OG2,F,AA
hRSV_SRR24833879,23,A,OG2,F,AA
hRSV_SRR24833879,24,S,OG2,F,AA
hRSV_SRR24833879,25,S,OG2,F,AA
hRSV_SRR24833879,26,Q,OG2,F,AA
hRSV_SRR24833879,27,N,OG2,F,AA
hRSV_SRR24833879,28,I,OG2,F,AA
hRSV_SRR24833879,29,T,OG2,F,AA
hRSV_SRR24833879,30,E,OG2,F,AA
hRSV_SRR24833879,31,E,OG2,F,AA
hRSV_SRR24833879,32,F,OG2,F,AA
hRSV_SRR24833879,33,Y,OG2,F,AA
hRSV_SRR24833879,34,Q,OG2,F,AA
hRSV_SRR24833879,35,S,OG2,F,AA
hRSV_SRR24833879,36,T,OG2,F,AA
hRSV_SRR24833879,37,C,OG2,F,AA
hRSV_SRR24833879,38,S,OG2,F,AA
hRSV_SRR24833879,39,A,OG2,F,AA
hRSV_SRR24833879,40,V,OG2,F,AA
hRSV_SRR24833879,41,S,OG2,F,AA
hRSV_SRR24833879,42,K,OG2,F,AA
hRSV_SRR24833879,43,G,OG2,F,AA
hRSV_SRR24833879,44,Y,OG2,F,AA
hRSV_SRR24833879,45,L,OG2,F,AA
hRSV_SRR24833879,46,S,OG2,F,AA
hRSV_SRR24833879,47,A,OG2,F,AA
hRSV_SRR24833879,48,L,OG2,F,AA
hRSV_SRR24833879,49,R,OG2,F,AA
hRSV_SRR24833879,50,T,OG2,F,AA
hRSV_SRR24833879,51,G,OG2,F,AA
hRSV_SRR24833879,52,W,OG2,F,AA
hRSV_SRR24833879,53,Y,OG2,F,AA
hRSV_SRR24833879,54,T,OG2,F,AA
hRSV_SRR24833879,55,S,OG2,F,AA
hRSV_SRR24833879,56,V,OG2,F,AA
hRSV_SRR24833879,57,I,OG2,F,AA
hRSV_SRR24833879,58,T,OG2,F,AA
hRSV_SRR24833879,59,I,OG2,F,AA
hRSV_SRR24833879,60,E,OG2,F,AA
hRSV_SRR24833879,61,L,OG2,F,AA
hRSV_SRR24833879,62,S,OG2,F,AA
hRSV_SRR24833879,63,N,OG2,F,AA
hRSV_SRR24833879,64,I,OG2,F,AA
hRSV_SRR24833879,65,K,OG2,F,AA
hRSV_SRR24833879,66,E,OG2,F,AA
hRSV_SRR24833879,67,N,OG2,F,AA
hRSV_SRR24833879,68,K,OG2,F,AA
hRSV_SRR24833879,69,C,OG2,F,AA
hRSV_SRR24833879,70,N,OG2,F,AA
hRSV_SRR24833879,71,G,OG2,F,AA
hRSV_SRR24833879,72,T,OG2,F,AA
hRSV_SRR24833879,73,D,OG2,F,AA
hRSV_SRR24833879,74,A,OG2,F,AA
hRSV_SRR24833879,75,K,OG2,F,AA
hRSV_SRR24833879,76,V,OG2,F,AA
hRSV_SRR24833879,77,K,OG2,F,AA
hRSV_SRR24833879,78,L,OG2,F,AA
hRSV_SRR24833879,79,I,OG2,F,AA
hRSV_SRR24833879,80,K,OG2,F,AA
hRSV_SRR24833879,81,Q,OG2,F,AA
hRSV_SRR24833879,82,E,OG2,F,AA
hRSV_SRR24833879,83,L,OG2,F,AA
hRSV_SRR24833879,84,D,OG2,F,AA
hRSV_SRR24833879,85,K,OG2,F,AA
hRSV_SRR24833879,86,Y,OG2,F,AA
hRSV_SRR24833879,87,K,OG2,F,AA
hRSV_SRR24833879,88,N,OG2,F,AA
hRSV_SRR24833879,89,A,OG2,F,AA
hRSV_SRR24833879,90,V,OG2,F,AA
hRSV_SRR24833879,91,T,OG2,F,AA
hRSV_SRR24833879,92,E,OG2,F,AA
hRSV_SRR24833879,93,L,OG2,F,AA
hRSV_SRR24833879,94,Q,OG2,F,AA
hRSV_SRR24833879,95,L,OG2,F,AA
hRSV_SRR24833879,96,L,OG2,F,AA
hRSV_SRR24833879,97,M,OG2,F,AA
hRSV_SRR24833879,98,Q,OG2,F,AA
hRSV_SRR24833879,99,S,OG2,F,AA
hRSV_SRR24833879,100,T,OG2,F,AA
hRSV_SRR24833879,101,P,OG2,F,AA
hRSV_SRR24833879,102,A,OG2,F,AA
hRSV_SRR24833879,103,A,OG2,F,AA
hRSV_SRR24833879,104,N,OG2,F,AA
hRSV_SRR24833879,105,S,OG2,F,AA
hRSV_SRR24833879,106,R,OG2,F,AA
hRSV_SRR24833879,107,A,OG2,F,AA
hRSV_SRR24833879,108,R,OG2,F,AA
hRSV_SRR24833879,109,R,OG2,F,AA
hRSV_SRR24833879,110,E,OG2,F,AA
hRSV_SRR24833879,111,L,OG2,F,AA
hRSV_SRR24833879,112,P,OG2,F,AA
hRSV_SRR24833879,113,R,OG2,F,AA
hRSV_SRR24833879,114,F,OG2,F,AA
hRSV_SRR24833879,115,M,OG2,F,AA
hRSV_SRR24833879,116,N,OG2,F,AA
hRSV_SRR24833879,117,Y,OG2,F,AA
hRSV_SRR24833879,118,T,OG2,F,AA
hRSV_SRR24833879,119,L,OG2,F,AA
hRSV_SRR24833879,120,N,OG2,F,AA
hRSV_SRR24833879,121,N,OG2,F,AA
hRSV_SRR24833879,122,T,OG2,F,AA
hRSV_SRR24833879,123,K,OG2,F,AA
hRSV_SRR24833879,124,N,OG2,F,AA
hRSV_SRR24833879,125,T,OG2,F,AA
hRSV_SRR24833879,126,N,OG2,F,AA
hRSV_SRR24833879,127,V,OG2,F,AA
hRSV_SRR24833879,128,T,OG2,F,AA
hRSV_SRR24833879,129,L,OG2,F,AA
hRSV_SRR24833879,130,S,OG2,F,AA
hRSV_SRR24833879,131,K,OG2,F,AA
hRSV_SRR24833879,132,K,OG2,F,AA
hRSV_SRR24833879,133,R,OG2,F,AA
hRSV_SRR24833879,134,K,OG2,F,AA
hRSV_SRR24833879,135,R,OG2,F,AA
hRSV_SRR24833879,136,R,OG2,F,AA
hRSV_SRR24833879,137,F,OG2,F,AA
hRSV_SRR24833879,138,L,OG2,F,AA
hRSV_SRR24833879,139,-,OG2,F,AA
hRSV_SRR24833879,140,-,OG2,F,AA
hRSV_SRR24833879,141,G,OG2,F,AA
hRSV_SRR24833879,142,F,OG2,F,AA
hRSV_SRR24833879,143,L,OG2,F,AA
hRSV_SRR24833879,144,L,OG2,F,AA
hRSV_SRR24833879,145,G,OG2,F,AA
hRSV_SRR24833879,146,V,OG2,F,AA
hRSV_SRR24833879,147,G,OG2,F,AA
hRSV_SRR24833879,148,S,OG2,F,AA
hRSV_SRR24833879,149,A,OG2,F,AA
hRSV_SRR24833879,150,I,OG2,F,AA
hRSV_SRR24833879,151,A,OG2,F,AA
hRSV_SRR24833879,152,-,OG2,F,AA
hRSV_SRR24833879,153,-,OG2,F,AA
hRSV_SRR24833879,154,S,OG2,F,AA
hRSV_SRR24833879,155,G,OG2,F,AA
hRSV_SRR24833879,156,I,OG2,F,AA
hRSV_SRR24833879,157,A,OG2,F,AA
hRSV_SRR24833879,158,V,OG2,F,AA
hRSV_SRR24833879,159,S,OG2,F,AA
hRSV_SRR24833879,160,K,OG2,F,AA
hRSV_SRR24833879,161,V,OG2,F,AA
hRSV_SRR24833879,162,L,OG2,F,AA
hRSV_SRR24833879,163,H,OG2,F,AA
hRSV_SRR24833879,164,L,OG2,F,AA
hRSV_SRR24833879,165,E,OG2,F,AA
hRSV_SRR24833879,166,G,OG2,F,AA
hRSV_SRR24833879,167,E,OG2,F,AA
hRSV_SRR24833879,168,V,OG2,F,AA
hRSV_SRR24833879,169,N,OG2,F,AA
hRSV_SRR24833879,170,K,OG2,F,AA
hRSV_SRR24833879,171,I,OG2,F,AA
hRSV_SRR24833879,172,K,OG2,F,AA
hRSV_SRR24833879,173,S,OG2,F,AA
hRSV_SRR24833879,174,A,OG2,F,AA
hRSV_SRR24833879,175,L,OG2,F,AA
hRSV_SRR24833879,176,L,OG2,F,AA
hRSV_SRR24833879,177,S,OG2,F,AA
hRSV_SRR24833879,178,T,OG2,F,AA
hRSV_SRR24833879,179,N,OG2,F,AA
hRSV_SRR24833879,180,K,OG2,F,AA
hRSV_SRR24833879,181,A,OG2,F,AA
hRSV_SRR24833879,182,V,OG2,F,AA
hRSV_SRR24833879,183,V,OG2,F,AA
hRSV_SRR24833879,184,S,OG2,F,AA
hRSV_SRR24833879,185,L,OG2,F,AA
hRSV_SRR24833879,186,S,OG2,F,AA
hRSV_SRR24833879,187,N,OG2,F,AA
hRSV_SRR24833879,188,G,OG2,F,AA
hRSV_SRR24833879,189,V,OG2,F,AA
hRSV_SRR24833879,190,S,OG2,F,AA
hRSV_SRR24833879,191,V,OG2,F,AA
hRSV_SRR24833879,192,L,OG2,F,AA
hRSV_SRR24833879,193,T,OG2,F,AA
hRSV_SRR24833879,194,S,OG2,F,AA
hRSV_SRR24833879,195,K,OG2,F,AA
hRSV_SRR24833879,196,V,OG2,F,AA
hRSV_SRR24833879,197,L,OG2,F,AA
hRSV_SRR24833879,198,D,OG2,F,AA
hRSV_SRR24833879,199,L,OG2,F,AA
hRSV_SRR24833879,200,K,OG2,F,AA
hRSV_SRR24833879,201,N,OG2,F,AA
hRSV_SRR24833879,202,Y,OG2,F,AA
hRSV_SRR24833879,203,I,OG2,F,AA
hRSV_SRR24833879,204,D,OG2,F,AA
hRSV_SRR24833879,205,K,OG2,F,AA
hRSV_SRR24833879,206,Q,OG2,F,AA
hRSV_SRR24833879,207,L,OG2,F,AA
hRSV_SRR24833879,208,L,OG2,F,AA
hRSV_SRR24833879,209,P,OG2,F,AA
hRSV_SRR24833879,210,I,OG2,F,AA
hRSV_SRR24833879,211,V,OG2,F,AA
hRSV_SRR24833879,212,N,OG2,F,AA
hRSV_SRR24833879,213,K,OG2,F,AA
hRSV_SRR24833879,214,Q,OG2,F,AA
hRSV_SRR24833879,215,S,OG2,F,AA
hRSV_SRR24833879,216,C,OG2,F,AA
hRSV_SRR24833879,217,S,OG2,F,AA
hRSV_SRR24833879,218,I,OG2,F,AA
hRSV_SRR24833879,219,S,OG2,F,AA
hRSV_SRR24833879,220,N,OG2,F,AA
hRSV_SRR24833879,221,I,OG2,F,AA
hRSV_SRR24833879,222,E,OG2,F,AA
hRSV_SRR24833879,223,T,OG2,F,AA
hRSV_SRR24833879,224,V,OG2,F,AA
hRSV_SRR24833879,225,I,OG2,F,AA
hRSV_SRR24833879,226,E,OG2,F,AA
hRSV_SRR24833879,227,F,OG2,F,AA
hRSV_SRR24833879,228,Q,OG2,F,AA
hRSV_SRR24833879,229,Q,OG2,F,AA
hRSV_SRR24833879,230,K,OG2,F,AA
hRSV_SRR24833879,231,N,OG2,F,AA
hRSV_SRR24833879,232,N,OG2,F,AA
hRSV_SRR24833879,233,R,OG2,F,AA
hRSV_SRR24833879,234,L,OG2,F,AA
hRSV_SRR24833879,235,L,OG2,F,AA
hRSV_SRR24833879,236,E,OG2,F,AA
hRSV_SRR24833879,237,I,OG2,F,AA
hRSV_SRR24833879,238,T,OG2,F,AA
hRSV_SRR24833879,239,R,OG2,F,AA
hRSV_SRR24833879,240,E,OG2,F,AA
hRSV_SRR24833879,241,F,OG2,F,AA
hRSV_SRR24833879,242,S,OG2,F,AA
hRSV_SRR24833879,243,V,OG2,F,AA
hRSV_SRR24833879,244,N,OG2,F,AA
hRSV_SRR24833879,245,A,OG2,F,AA
hRSV_SRR24833879,246,G,OG2,F,AA
hRSV_SRR24833879,247,V,OG2,F,AA
hRSV_SRR24833879,248,T,OG2,F,AA
hRSV_SRR24833879,249,T,OG2,F,AA
hRSV_SRR24833879,250,P,OG2,F,AA
hRSV_SRR24833879,251,V,OG2,F,AA
hRSV_SRR24833879,252,S,OG2,F,AA
hRSV_SRR24833879,253,T,OG2,F,AA
hRSV_SRR24833879,254,Y,OG2,F,AA
hRSV_SRR24833879,255,M,OG2,F,AA
hRSV_SRR24833879,256,L,OG2,F,AA
hRSV_SRR24833879,257,T,OG2,F,AA
hRSV_SRR24833879,258,N,OG2,F,AA
hRSV_SRR24833879,259,S,OG2,F,AA
hRSV_SRR24833879,260,E,OG2,F,AA
hRSV_SRR24833879,261,L,OG2,F,AA
hRSV_SRR24833879,262,L,OG2,F,AA
hRSV_SRR24833879,263,S,OG2,F,AA
hRSV_SRR24833879,264,L,OG2,F,AA
hRSV_SRR24833879,265,I,OG2,F,AA
hRSV_SRR24833879,266,N,OG2,F,AA
hRSV_SRR24833879,267,D,OG2,F,AA
hRSV_SRR24833879,268,M,OG2,F,AA
hRSV_SRR24833879,269,P,OG2,F,AA
hRSV_SRR24833879,270,I,OG2,F,AA
hRSV_SRR24833879,271,T,OG2,F,AA
hRSV_SRR24833879,272,N,OG2,F,AA
hRSV_SRR24833879,273,D,OG2,F,AA
hRSV_SRR24833879,274,Q,OG2,F,AA
hRSV_SRR24833879,275,K,OG2,F,AA
hRSV_SRR24833879,276,K,OG2,F,AA
hRSV_SRR24833879,277,L,OG2,F,AA
hRSV_SRR24833879,278,M,OG2,F,AA
hRSV_SRR24833879,279,S,OG2,F,AA
hRSV_SRR24833879,280,S,OG2,F,AA
hRSV_SRR24833879,281,N,OG2,F,AA
hRSV_SRR24833879,282,V,OG2,F,AA
hRSV_SRR24833879,283,Q,OG2,F,AA
hRSV_SRR24833879,284,I,OG2,F,AA
hRSV_SRR24833879,285,V,OG2,F,AA
hRSV_SRR24833879,286,R,OG2,F,AA
hRSV_SRR24833879,287,Q,OG2,F,AA
hRSV_SRR24833879,288,Q,OG2,F,AA
hRSV_SRR24833879,289,S,OG2,F,AA
hRSV_SRR24833879,290,Y,OG2,F,AA
hRSV_SRR24833879,291,S,OG2,F,AA
hRSV_SRR24833879,292,I,OG2,F,AA
hRSV_SRR24833879,293,M,OG2,F,AA
hRSV_SRR24833879,294,S,OG2,F,AA
hRSV_SRR24833879,295,I,OG2,F,AA
hRSV_SRR24833879,296,I,OG2,F,AA
hRSV_SRR24833879,297,K,OG2,F,AA
hRSV_SRR24833879,298,E,OG2,F,AA
hRSV_SRR24833879,299,E,OG2,F,AA
hRSV_SRR24833879,300,V,OG2,F,AA
hRSV_SRR24833879,301,L,OG2,F,AA
hRSV_SRR24833879,302,A,OG2,F,AA
hRSV_SRR24833879,303,Y,OG2,F,AA
hRSV_SRR24833879,304,V,OG2,F,AA
hRSV_SRR24833879,305,V,OG2,F,AA
hRSV_SRR24833879,306,Q,OG2,F,AA
hRSV_SRR24833879,307,L,OG2,F,AA
hRSV_SRR24833879,308,P,OG2,F,AA
hRSV_SRR24833879,309,L,OG2,F,AA
hRSV_SRR24833879,310,Y,OG2,F,AA
hRSV_SRR24833879,311,G,OG2,F,AA
hRSV_SRR24833879,312,V,OG2,F,AA
hRSV_SRR24833879,313,I,OG2,F,AA
hRSV_SRR24833879,314,D,OG2,F,AA
hRSV_SRR24833879,315,T,OG2,F,AA
hRSV_SRR24833879,316,P,OG2,F,AA
hRSV_SRR24833879,317,C,OG2,F,AA
hRSV_SRR24833879,318,W,OG2,F,AA
hRSV_SRR24833879,319,K,OG2,F,AA
hRSV_SRR24833879,320,L,OG2,F,AA
hRSV_SRR24833879,321,H,OG2,F,AA
hRSV_SRR24833879,322,T,OG2,F,AA
hRSV_SRR24833879,323,S,OG2,F,AA
hRSV_SRR24833879,324,P,OG2,F,AA
hRSV_SRR24833879,325,L,OG2,F,AA
hRSV_SRR24833879,326,C,OG2,F,AA
hRSV_SRR24833879,327,T,OG2,F,AA
hRSV_SRR24833879,328,T,OG2,F,AA
hRSV_SRR24833879,329,N,OG2,F,AA
hRSV_SRR24833879,330,T,OG2,F,AA
hRSV_SRR24833879,331,K,OG2,F,AA
hRSV_SRR24833879,332,E,OG2,F,AA
hRSV_SRR24833879,333,G,OG2,F,AA
hRSV_SRR24833879,334,S,OG2,F,AA
hRSV_SRR24833879,335,N,OG2,F,AA
hRSV_SRR24833879,336,I,OG2,F,AA
hRSV_SRR24833879,337,C,OG2,F,AA
hRSV_SRR24833879,338,L,OG2,F,AA
hRSV_SRR24833879,339,T,OG2,F,AA
hRSV_SRR24833879,340,R,OG2,F,AA
hRSV_SRR24833879,341,T,OG2,F,AA
hRSV_SRR24833879,342,D,OG2,F,AA
hRSV_SRR24833879,343,R,OG2,F,AA
hRSV_SRR24833879,344,G,OG2,F,AA
hRSV_SRR24833879,345,W,OG2,F,AA
hRSV_SRR24833879,346,Y,OG2,F,AA
hRSV_SRR24833879,347,C,OG2,F,AA
hRSV_SRR24833879,348,D,OG2,F,AA
hRSV_SRR24833879,349,N,OG2,F,AA
hRSV_SRR24833879,350,A,OG2,F,AA
hRSV_SRR24833879,351,G,OG2,F,AA
hRSV_SRR24833879,352,S,OG2,F,AA
hRSV_SRR24833879,353,V,OG2,F,AA
hRSV_SRR24833879,354,S,OG2,F,AA
hRSV_SRR24833879,355,F,OG2,F,AA
hRSV_SRR24833879,356,F,OG2,F,AA
hRSV_SRR24833879,357,P,OG2,F,AA
hRSV_SRR24833879,358,Q,OG2,F,AA
hRSV_SRR24833879,359,A,OG2,F,AA
hRSV_SRR24833879,360,E,OG2,F,AA
hRSV_SRR24833879,361,T,OG2,F,AA
hRSV_SRR24833879,362,C,OG2,F,AA
hRSV_SRR24833879,363,K,OG2,F,AA
hRSV_SRR24833879,364,V,OG2,F,AA
hRSV_SRR24833879,365,Q,OG2,F,AA
hRSV_SRR24833879,366,S,OG2,F,AA
hRSV_SRR24833879,367,N,OG2,F,AA
hRSV_SRR24833879,368,R,OG2,F,AA
hRSV_SRR24833879,369,V,OG2,F,AA
hRSV_SRR24833879,370,F,OG2,F,AA
hRSV_SRR24833879,371,C,OG2,F,AA
hRSV_SRR24833879,372,D,OG2,F,AA
hRSV_SRR24833879,373,T,OG2,F,AA
hRSV_SRR24833879,374,M,OG2,F,AA
hRSV_SRR24833879,375,N,OG2,F,AA
hRSV_SRR24833879,376,S,OG2,F,AA
hRSV_SRR24833879,377,L,OG2,F,AA
hRSV_SRR24833879,378,T,OG2,F,AA
hRSV_SRR24833879,379,L,OG2,F,AA
hRSV_SRR24833879,380,P,OG2,F,AA
hRSV_SRR24833879,381,N,OG2,F,AA
hRSV_SRR24833879,382,E,OG2,F,AA
hRSV_SRR24833879,383,V,OG2,F,AA
hRSV_SRR24833879,384,N,OG2,F,AA
hRSV_SRR24833879,385,L,OG2,F,AA
hRSV_SRR24833879,386,C,OG2,F,AA
hRSV_SRR24833879,387,N,OG2,F,AA
hRSV_SRR24833879,388,I,OG2,F,AA
hRSV_SRR24833879,389,D,OG2,F,AA
hRSV_SRR24833879,390,I,OG2,F,AA
hRSV_SRR24833879,391,F,OG2,F,AA
hRSV_SRR24833879,392,N,OG2,F,AA
hRSV_SRR24833879,393,P,OG2,F,AA
hRSV_SRR24833879,394,K,OG2,F,AA
hRSV_SRR24833879,395,Y,OG2,F,AA
hRSV_SRR24833879,396,D,OG2,F,AA
hRSV_SRR24833879,397,C,OG2,F,AA
hRSV_SRR24833879,398,K,OG2,F,AA
hRSV_SRR24833879,399,I,OG2,F,AA
hRSV_SRR24833879,400,M,OG2,F,AA
hRSV_SRR24833879,401,T,OG2,F,AA
hRSV_SRR24833879,402,S,OG2,F,AA
hRSV_SRR24833879,403,K,OG2,F,AA
hRSV_SRR24833879,404,T,OG2,F,AA
hRSV_SRR24833879,405,D,OG2,F,AA
hRSV_SRR24833879,406,V,OG2,F,AA
hRSV_SRR24833879,407,S,OG2,F,AA
hRSV_SRR24833879,408,S,OG2,F,AA
hRSV_SRR24833879,409,S,OG2,F,AA
hRSV_SRR24833879,410,V,OG2,F,AA
hRSV_SRR24833879,411,I,OG2,F,AA
hRSV_SRR24833879,412,T,OG2,F,AA
hRSV_SRR24833879,413,S,OG2,F,AA
hRSV_SRR24833879,414,L,OG2,F,AA
hRSV_SRR24833879,415,G,OG2,F,AA
hRSV_SRR24833879,416,A,OG2,F,AA
hRSV_SRR24833879,417,I,OG2,F,AA
hRSV_SRR24833879,418,V,OG2,F,AA
hRSV_SRR24833879,419,S,OG2,F,AA
hRSV_SRR24833879,420,C,OG2,F,AA
hRSV_SRR24833879,421,Y,OG2,F,AA
hRSV_SRR24833879,422,G,OG2,F,AA
hRSV_SRR24833879,423,K,OG2,F,AA
hRSV_SRR24833879,424,T,OG2,F,AA
hRSV_SRR24833879,425,K,OG2,F,AA
hRSV_SRR24833879,426,C,OG2,F,AA
hRSV_SRR24833879,427,T,OG2,F,AA
hRSV_SRR24833879,428,A,OG2,F,AA
hRSV_SRR24833879,429,S,OG2,F,AA
hRSV_SRR24833879,430,N,OG2,F,AA
hRSV_SRR24833879,431,K,OG2,F,AA
hRSV_SRR24833879,432,N,OG2,F,AA
hRSV_SRR24833879,433,R,OG2,F,AA
hRSV_SRR24833879,434,G,OG2,F,AA
hRSV_SRR24833879,435,I,OG2,F,AA
hRSV_SRR24833879,436,I,OG2,F,AA
hRSV_SRR24833879,437,K,OG2,F,AA
hRSV_SRR24833879,438,T,OG2,F,AA
hRSV_SRR24833879,439,F,OG2,F,AA
hRSV_SRR24833879,440,S,OG2,F,AA
hRSV_SRR24833879,441,N,OG2,F,AA
hRSV_SRR24833879,442,G,OG2,F,AA
hRSV_SRR24833879,443,C,OG2,F,AA
hRSV_SRR24833879,444,D,OG2,F,AA
hRSV_SRR24833879,445,Y,OG2,F,AA
hRSV_SRR24833879,446,V,OG2,F,AA
hRSV_SRR24833879,447,S,OG2,F,AA
hRSV_SRR24833879,448,N,OG2,F,AA
hRSV_SRR24833879,449,K,OG2,F,AA
hRSV_SRR24833879,450,G,OG2,F,AA
hRSV_SRR24833879,451,V,OG2,F,AA
hRSV_SRR24833879,452,D,OG2,F,AA
hRSV_SRR24833879,453,T,OG2,F,AA
hRSV_SRR24833879,454,V,OG2,F,AA
hRSV_SRR24833879,455,S,OG2,F,AA
hRSV_SRR24833879,456,V,OG2,F,AA
hRSV_SRR24833879,457,G,OG2,F,AA
hRSV_SRR24833879,458,N,OG2,F,AA
hRSV_SRR24833879,459,T,OG2,F,AA
hRSV_SRR24833879,460,L,OG2,F,AA
hRSV_SRR24833879,461,Y,OG2,F,AA
hRSV_SRR24833879,462,Y,OG2,F,AA
hRSV_SRR24833879,463,V,OG2,F,AA
hRSV_SRR24833879,464,N,OG2,F,AA
hRSV_SRR24833879,465,K,OG2,F,AA
hRSV_SRR24833879,466,Q,OG2,F,AA
hRSV_SRR24833879,467,E,OG2,F,AA
hRSV_SRR24833879,468,G,OG2,F,AA
hRSV_SRR24833879,469,K,OG2,F,AA
hRSV_SRR24833879,470,S,OG2,F,AA
hRSV_SRR24833879,471,L,OG2,F,AA
hRSV_SRR24833879,472,Y,OG2,F,AA
hRSV_SRR24833879,473,V,OG2,F,AA
hRSV_SRR24833879,474,K,OG2,F,AA
hRSV_SRR24833879,475,G,OG2,F,AA
hRSV_SRR24833879,476,E,OG2,F,AA
hRSV_SRR24833879,477,P,OG2,F,AA
hRSV_SRR24833879,478,I,OG2,F,AA
hRSV_SRR24833879,479,I,OG2,F,AA
hRSV_SRR24833879,480,N,OG2,F,AA
hRSV_SRR24833879,481,F,OG2,F,AA
hRSV_SRR24833879,482,Y,OG2,F,AA
hRSV_SRR24833879,483,D,OG2,F,AA
hRSV_SRR24833879,484,P,OG2,F,AA
hRSV_SRR24833879,485,L,OG2,F,AA
hRSV_SRR24833879,486,V,OG2,F,AA
hRSV_SRR24833879,487,F,OG2,F,AA
hRSV_SRR24833879,488,P,OG2,F,AA
hRSV_SRR24833879,489,S,OG2,F,AA
hRSV_SRR24833879,490,D,OG2,F,AA
hRSV_SRR24833879,491,E,OG2,F,AA
hRSV_SRR24833879,492,F,OG2,F,AA
hRSV_SRR24833879,493,D,OG2,F,AA
hRSV_SRR24833879,494,A,OG2,F,AA
hRSV_SRR24833879,495,S,OG2,F,AA
hRSV_SRR24833879,496,I,OG2,F,AA
hRSV_SRR24833879,497,S,OG2,F,AA
hRSV_SRR24833879,498,Q,OG2,F,AA
hRSV_SRR24833879,499,V,OG2,F,AA
hRSV_SRR24833879,500,N,OG2,F,AA
hRSV_SRR24833879,501,E,OG2,F,AA
hRSV_SRR24833879,502,K,OG2,F,AA
hRSV_SRR24833879,503,I,OG2,F,AA
hRSV_SRR24833879,504,N,OG2,F,AA
hRSV_SRR24833879,505,Q,OG2,F,AA
hRSV_SRR24833879,506,S,OG2,F,AA
hRSV_SRR24833879,507,L,OG2,F,AA
hRSV_SRR24833879,508,A,OG2,F,AA
hRSV_SRR24833879,509,F,OG2,F,AA
hRSV_SRR24833879,510,I,OG2,F,AA
hRSV_SRR24833879,511,R,OG2,F,AA
hRSV_SRR24833879,512,K,OG2,F,AA
hRSV_SRR24833879,513,S,OG2,F,AA
hRSV_SRR24833879,514,D,OG2,F,AA
hRSV_SRR24833879,515,E,OG2,F,AA
hRSV_SRR24833879,516,L,OG2,F,AA
hRSV_SRR24833879,517,L,OG2,F,AA
hRSV_SRR24833879,518,H,OG2,F,AA
hRSV_SRR24833879,519,N,OG2,F,AA
hRSV_SRR24833879,520,V,OG2,F,AA
hRSV_SRR24833879,521,N,OG2,F,AA
hRSV_SRR24833879,522,A,OG2,F,AA
hRSV_SRR24833879,523,G,OG2,F,AA
hRSV_SRR24833879,524,K,OG2,F,AA
hRSV_SRR24833879,525,S,OG2,F,AA
hRSV_SRR24833879,526,T,OG2,F,AA
hRSV_SRR24833879,527,T,OG2,F,AA
hRSV_SRR24833879,528,N,OG2,F,AA
hRSV_SRR24833879,529,I,OG2,F,AA
hRSV_SRR24833879,530,M,OG2,F,AA
hRSV_SRR24833879,531,I,OG2,F,AA
hRSV_SRR24833879,532,T,OG2,F,AA
hRSV_SRR24833879,533,T,OG2,F,AA
hRSV_SRR24833879,534,I,OG2,F,AA
hRSV_SRR24833879,535,I,OG2,F,AA
hRSV_SRR24833879,536,I,OG2,F,AA
hRSV_SRR24833879,537,V,OG2,F,AA
hRSV_SRR24833879,538,I,OG2,F,AA
hRSV_SRR24833879,539,I,OG2,F,AA
hRSV_SRR24833879,540,V,OG2,F,AA
hRSV_SRR24833879,541,I,OG2,F,AA
hRSV_SRR24833879,542,L,OG2,F,AA
hRSV_SRR24833879,543,L,OG2,F,AA
hRSV_SRR24833879,544,A,OG2,F,AA
hRSV_SRR24833879,545,L,OG2,F,AA
hRSV_SRR24833879,546,I,OG2,F,AA
hRSV_SRR24833879,547,A,OG2,F,AA
hRSV_SRR24833879,548,V,OG2,F,AA
hRSV_SRR24833879,549,G,OG2,F,AA
hRSV_SRR24833879,550,L,OG2,F,AA
hRSV_SRR24833879,551,L,OG2,F,AA
hRSV_SRR24833879,552,L,OG2,F,AA
hRSV_SRR24833879,553,Y,OG2,F,AA
hRSV_SRR24833879,554,C,OG2,F,AA
hRSV_SRR24833879,555,K,OG2,F,AA
hRSV_SRR24833879,556,A,OG2,F,AA
hRSV_SRR24833879,557,R,OG2,F,AA
hRSV_SRR24833879,558,S,OG2,F,AA
hRSV_SRR24833879,559,T,OG2,F,AA
hRSV_SRR24833879,560,P,OG2,F,AA
hRSV_SRR24833879,561,V,OG2,F,AA
hRSV_SRR24833879,562,T,OG2,F,AA
hRSV_SRR24833879,563,L,OG2,F,AA
hRSV_SRR24833879,564,S,OG2,F,AA
hRSV_SRR24833879,565,K,OG2,F,AA
hRSV_SRR24833879,566,D,OG2,F,AA
hRSV_SRR24833879,567,Q,OG2,F,AA
hRSV_SRR24833879,568,L,OG2,F,AA
hRSV_SRR24833879,569,S,OG2,F,AA
hRSV_SRR24833879,570,G,OG2,F,AA
hRSV_SRR24833879,571,I,OG2,F,AA
hRSV_SRR24833879,572,N,OG2,F,AA
hRSV_SRR24833879,573,N,OG2,F,AA
hRSV_SRR24833879,574,I,OG2,F,AA
hRSV_SRR24833879,575,A,OG2,F,AA
hRSV_SRR24833879,576,F,OG2,F,AA
hRSV_SRR24833879,577,-,OG2,F,AA
hRSV_SRR24833879,578,-,OG2,F,AA
hRSV_SRR24833879,579,S,OG2,F,AA
hRSV_SRR24833879,580,N,OG2,F,AA
hRSV_SRR24833895,1,M,OG2,F,AA
hRSV_SRR24833895,2,E,OG2,F,AA
hRSV_SRR24833895,3,L,OG2,F,AA
hRSV_SRR24833895,4,P,OG2,F,AA
hRSV_SRR24833895,5,I,OG2,F,AA
hRSV_SRR24833895,6,L,OG2,F,AA
hRSV_SRR24833895,7,K,OG2,F,AA
hRSV_SRR24833895,8,T,OG2,F,AA
hRSV_SRR24833895,9,N,OG2,F,AA
hRSV_SRR24833895,10,A,OG2,F,AA
hRSV_SRR24833895,11,I,OG2,F,AA
hRSV_SRR24833895,12,I,OG2,F,AA
hRSV_SRR24833895,13,T,OG2,F,AA
hRSV_SRR24833895,14,I,OG2,F,AA
hRSV_SRR24833895,15,L,OG2,F,AA
hRSV_SRR24833895,16,A,OG2,F,AA
hRSV_SRR24833895,17,A,OG2,F,AA
hRSV_SRR24833895,18,V,OG2,F,AA
hRSV_SRR24833895,19,T,OG2,F,AA
hRSV_SRR24833895,20,F,OG2,F,AA
hRSV_SRR24833895,21,C,OG2,F,AA
hRSV_SRR24833895,22,F,OG2,F,AA
hRSV_SRR24833895,23,A,OG2,F,AA
hRSV_SRR24833895,24,S,OG2,F,AA
hRSV_SRR24833895,25,S,OG2,F,AA
hRSV_SRR24833895,26,Q,OG2,F,AA
hRSV_SRR24833895,27,N,OG2,F,AA
hRSV_SRR24833895,28,I,OG2,F,AA
hRSV_SRR24833895,29,T,OG2,F,AA
hRSV_SRR24833895,30,E,OG2,F,AA
hRSV_SRR24833895,31,E,OG2,F,AA
hRSV_SRR24833895,32,F,OG2,F,AA
hRSV_SRR24833895,33,Y,OG2,F,AA
hRSV_SRR24833895,34,Q,OG2,F,AA
hRSV_SRR24833895,35,S,OG2,F,AA
hRSV_SRR24833895,36,T,OG2,F,AA
hRSV_SRR24833895,37,C,OG2,F,AA
hRSV_SRR24833895,38,S,OG2,F,AA
hRSV_SRR24833895,39,A,OG2,F,AA
hRSV_SRR24833895,40,V,OG2,F,AA
hRSV_SRR24833895,41,S,OG2,F,AA
hRSV_SRR24833895,42,K,OG2,F,AA
hRSV_SRR24833895,43,G,OG2,F,AA
hRSV_SRR24833895,44,Y,OG2,F,AA
hRSV_SRR24833895,45,L,OG2,F,AA
hRSV_SRR24833895,46,S,OG2,F,AA
hRSV_SRR24833895,47,A,OG2,F,AA
hRSV_SRR24833895,48,L,OG2,F,AA
hRSV_SRR24833895,49,R,OG2,F,AA
hRSV_SRR24833895,50,T,OG2,F,AA
hRSV_SRR24833895,51,G,OG2,F,AA
hRSV_SRR24833895,52,W,OG2,F,AA
hRSV_SRR24833895,53,Y,OG2,F,AA
hRSV_SRR24833895,54,T,OG2,F,AA
hRSV_SRR24833895,55,S,OG2,F,AA
hRSV_SRR24833895,56,V,OG2,F,AA
hRSV_SRR24833895,57,I,OG2,F,AA
hRSV_SRR24833895,58,T,OG2,F,AA
hRSV_SRR24833895,59,I,OG2,F,AA
hRSV_SRR24833895,60,E,OG2,F,AA
hRSV_SRR24833895,61,L,OG2,F,AA
hRSV_SRR24833895,62,S,OG2,F,AA
hRSV_SRR24833895,63,N,OG2,F,AA
hRSV_SRR24833895,64,I,OG2,F,AA
hRSV_SRR24833895,65,R,OG2,F,AA
hRSV_SRR24833895,66,E,OG2,F,AA
hRSV_SRR24833895,67,N,OG2,F,AA
hRSV_SRR24833895,68,K,OG2,F,AA
hRSV_SRR24833895,69,C,OG2,F,AA
hRSV_SRR24833895,70,N,OG2,F,AA
hRSV_SRR24833895,71,G,OG2,F,AA
hRSV_SRR24833895,72,T,OG2,F,AA
hRSV_SRR24833895,73,D,OG2,F,AA
hRSV_SRR24833895,74,A,OG2,F,AA
hRSV_SRR24833895,75,K,OG2,F,AA
hRSV_SRR24833895,76,V,OG2,F,AA
hRSV_SRR24833895,77,K,OG2,F,AA
hRSV_SRR24833895,78,L,OG2,F,AA
hRSV_SRR24833895,79,I,OG2,F,AA
hRSV_SRR24833895,80,K,OG2,F,AA
hRSV_SRR24833895,81,Q,OG2,F,AA
hRSV_SRR24833895,82,E,OG2,F,AA
hRSV_SRR24833895,83,L,OG2,F,AA
hRSV_SRR24833895,84,D,OG2,F,AA
hRSV_SRR24833895,85,K,OG2,F,AA
hRSV_SRR24833895,86,Y,OG2,F,AA
hRSV_SRR24833895,87,K,OG2,F,AA
hRSV_SRR24833895,88,N,OG2,F,AA
hRSV_SRR24833895,89,A,OG2,F,AA
hRSV_SRR24833895,90,V,OG2,F,AA
hRSV_SRR24833895,91,T,OG2,F,AA
hRSV_SRR24833895,92,E,OG2,F,AA
hRSV_SRR24833895,93,L,OG2,F,AA
hRSV_SRR24833895,94,Q,OG2,F,AA
hRSV_SRR24833895,95,L,OG2,F,AA
hRSV_SRR24833895,96,L,OG2,F,AA
hRSV_SRR24833895,97,M,OG2,F,AA
hRSV_SRR24833895,98,Q,OG2,F,AA
hRSV_SRR24833895,99,S,OG2,F,AA
hRSV_SRR24833895,100,T,OG2,F,AA
hRSV_SRR24833895,101,P,OG2,F,AA
hRSV_SRR24833895,102,A,OG2,F,AA
hRSV_SRR24833895,103,A,OG2,F,AA
hRSV_SRR24833895,104,N,OG2,F,AA
hRSV_SRR24833895,105,S,OG2,F,AA
hRSV_SRR24833895,106,R,OG2,F,AA
hRSV_SRR24833895,107,A,OG2,F,AA
hRSV_SRR24833895,108,R,OG2,F,AA
hRSV_SRR24833895,109,R,OG2,F,AA
hRSV_SRR24833895,110,E,OG2,F,AA
hRSV_SRR24833895,111,L,OG2,F,AA
hRSV_SRR24833895,112,P,OG2,F,AA
hRSV_SRR24833895,113,R,OG2,F,AA
hRSV_SRR24833895,114,F,OG2,F,AA
hRSV_SRR24833895,115,M,OG2,F,AA
hRSV_SRR24833895,116,N,OG2,F,AA
hRSV_SRR24833895,117,Y,OG2,F,AA
hRSV_SRR24833895,118,T,OG2,F,AA
hRSV_SRR24833895,119,L,OG2,F,AA
hRSV_SRR24833895,120,N,OG2,F,AA
hRSV_SRR24833895,121,N,OG2,F,AA
hRSV_SRR24833895,122,T,OG2,F,AA
hRSV_SRR24833895,123,K,OG2,F,AA
hRSV_SRR24833895,124,N,OG2,F,AA
hRSV_SRR24833895,125,T,OG2,F,AA
hRSV_SRR24833895,126,N,OG2,F,AA
hRSV_SRR24833895,127,V,OG2,F,AA
hRSV_SRR24833895,128,T,OG2,F,AA
hRSV_SRR24833895,129,L,OG2,F,AA
hRSV_SRR24833895,130,S,OG2,F,AA
hRSV_SRR24833895,131,K,OG2,F,AA
hRSV_SRR24833895,132,K,OG2,F,AA
hRSV_SRR24833895,133,R,OG2,F,AA
hRSV_SRR24833895,134,K,OG2,F,AA
hRSV_SRR24833895,135,R,OG2,F,AA
hRSV_SRR24833895,136,R,OG2,F,AA
hRSV_SRR24833895,137,F,OG2,F,AA
hRSV_SRR24833895,138,L,OG2,F,AA
hRSV_SRR24833895,139,-,OG2,F,AA
hRSV_SRR24833895,140,-,OG2,F,AA
hRSV_SRR24833895,141,G,OG2,F,AA
hRSV_SRR24833895,142,F,OG2,F,AA
hRSV_SRR24833895,143,L,OG2,F,AA
hRSV_SRR24833895,144,L,OG2,F,AA
hRSV_SRR24833895,145,G,OG2,F,AA
hRSV_SRR24833895,146,V,OG2,F,AA
hRSV_SRR24833895,147,G,OG2,F,AA
hRSV_SRR24833895,148,S,OG2,F,AA
hRSV_SRR24833895,149,A,OG2,F,AA
hRSV_SRR24833895,150,I,OG2,F,AA
hRSV_SRR24833895,151,A,OG2,F,AA
hRSV_SRR24833895,152,-,OG2,F,AA
hRSV_SRR24833895,153,-,OG2,F,AA
hRSV_SRR24833895,154,S,OG2,F,AA
hRSV_SRR24833895,155,G,OG2,F,AA
hRSV_SRR24833895,156,I,OG2,F,AA
hRSV_SRR24833895,157,A,OG2,F,AA
hRSV_SRR24833895,158,V,OG2,F,AA
hRSV_SRR24833895,159,S,OG2,F,AA
hRSV_SRR24833895,160,K,OG2,F,AA
hRSV_SRR24833895,161,V,OG2,F,AA
hRSV_SRR24833895,162,L,OG2,F,AA
hRSV_SRR24833895,163,H,OG2,F,AA
hRSV_SRR24833895,164,L,OG2,F,AA
hRSV_SRR24833895,165,E,OG2,F,AA
hRSV_SRR24833895,166,G,OG2,F,AA
hRSV_SRR24833895,167,E,OG2,F,AA
hRSV_SRR24833895,168,V,OG2,F,AA
hRSV_SRR24833895,169,N,OG2,F,AA
hRSV_SRR24833895,170,K,OG2,F,AA
hRSV_SRR24833895,171,I,OG2,F,AA
hRSV_SRR24833895,172,K,OG2,F,AA
hRSV_SRR24833895,173,S,OG2,F,AA
hRSV_SRR24833895,174,A,OG2,F,AA
hRSV_SRR24833895,175,L,OG2,F,AA
hRSV_SRR24833895,176,L,OG2,F,AA
hRSV_SRR24833895,177,S,OG2,F,AA
hRSV_SRR24833895,178,T,OG2,F,AA
hRSV_SRR24833895,179,N,OG2,F,AA
hRSV_SRR24833895,180,K,OG2,F,AA
hRSV_SRR24833895,181,A,OG2,F,AA
hRSV_SRR24833895,182,V,OG2,F,AA
hRSV_SRR24833895,183,V,OG2,F,AA
hRSV_SRR24833895,184,S,OG2,F,AA
hRSV_SRR24833895,185,L,OG2,F,AA
hRSV_SRR24833895,186,S,OG2,F,AA
hRSV_SRR24833895,187,N,OG2,F,AA
hRSV_SRR24833895,188,G,OG2,F,AA
hRSV_SRR24833895,189,V,OG2,F,AA
hRSV_SRR24833895,190,S,OG2,F,AA
hRSV_SRR24833895,191,V,OG2,F,AA
hRSV_SRR24833895,192,L,OG2,F,AA
hRSV_SRR24833895,193,T,OG2,F,AA
hRSV_SRR24833895,194,S,OG2,F,AA
hRSV_SRR24833895,195,K,OG2,F,AA
hRSV_SRR24833895,196,V,OG2,F,AA
hRSV_SRR24833895,197,L,OG2,F,AA
hRSV_SRR24833895,198,D,OG2,F,AA
hRSV_SRR24833895,199,L,OG2,F,AA
hRSV_SRR24833895,200,K,OG2,F,AA
hRSV_SRR24833895,201,N,OG2,F,AA
hRSV_SRR24833895,202,Y,OG2,F,AA
hRSV_SRR24833895,203,I,OG2,F,AA
hRSV_SRR24833895,204,D,OG2,F,AA
hRSV_SRR24833895,205,K,OG2,F,AA
hRSV_SRR24833895,206,Q,OG2,F,AA
hRSV_SRR24833895,207,L,OG2,F,AA
hRSV_SRR24833895,208,L,OG2,F,AA
hRSV_SRR24833895,209,P,OG2,F,AA
hRSV_SRR24833895,210,I,OG2,F,AA
hRSV_SRR24833895,211,V,OG2,F,AA
hRSV_SRR24833895,212,N,OG2,F,AA
hRSV_SRR24833895,213,K,OG2,F,AA
hRSV_SRR24833895,214,Q,OG2,F,AA
hRSV_SRR24833895,215,S,OG2,F,AA
hRSV_SRR24833895,216,C,OG2,F,AA
hRSV_SRR24833895,217,S,OG2,F,AA
hRSV_SRR24833895,218,I,OG2,F,AA
hRSV_SRR24833895,219,S,OG2,F,AA
hRSV_SRR24833895,220,N,OG2,F,AA
hRSV_SRR24833895,221,I,OG2,F,AA
hRSV_SRR24833895,222,E,OG2,F,AA
hRSV_SRR24833895,223,T,OG2,F,AA
hRSV_SRR24833895,224,V,OG2,F,AA
hRSV_SRR24833895,225,I,OG2,F,AA
hRSV_SRR24833895,226,E,OG2,F,AA
hRSV_SRR24833895,227,F,OG2,F,AA
hRSV_SRR24833895,228,Q,OG2,F,AA
hRSV_SRR24833895,229,Q,OG2,F,AA
hRSV_SRR24833895,230,K,OG2,F,AA
hRSV_SRR24833895,231,N,OG2,F,AA
hRSV_SRR24833895,232,N,OG2,F,AA
hRSV_SRR24833895,233,R,OG2,F,AA
hRSV_SRR24833895,234,L,OG2,F,AA
hRSV_SRR24833895,235,L,OG2,F,AA
hRSV_SRR24833895,236,E,OG2,F,AA
hRSV_SRR24833895,237,I,OG2,F,AA
hRSV_SRR24833895,238,T,OG2,F,AA
hRSV_SRR24833895,239,R,OG2,F,AA
hRSV_SRR24833895,240,E,OG2,F,AA
hRSV_SRR24833895,241,F,OG2,F,AA
hRSV_SRR24833895,242,S,OG2,F,AA
hRSV_SRR24833895,243,V,OG2,F,AA
hRSV_SRR24833895,244,N,OG2,F,AA
hRSV_SRR24833895,245,A,OG2,F,AA
hRSV_SRR24833895,246,G,OG2,F,AA
hRSV_SRR24833895,247,V,OG2,F,AA
hRSV_SRR24833895,248,T,OG2,F,AA
hRSV_SRR24833895,249,T,OG2,F,AA
hRSV_SRR24833895,250,P,OG2,F,AA
hRSV_SRR24833895,251,V,OG2,F,AA
hRSV_SRR24833895,252,S,OG2,F,AA
hRSV_SRR24833895,253,T,OG2,F,AA
hRSV_SRR24833895,254,Y,OG2,F,AA
hRSV_SRR24833895,255,M,OG2,F,AA
hRSV_SRR24833895,256,L,OG2,F,AA
hRSV_SRR24833895,257,T,OG2,F,AA
hRSV_SRR24833895,258,N,OG2,F,AA
hRSV_SRR24833895,259,S,OG2,F,AA
hRSV_SRR24833895,260,E,OG2,F,AA
hRSV_SRR24833895,261,L,OG2,F,AA
hRSV_SRR24833895,262,L,OG2,F,AA
hRSV_SRR24833895,263,S,OG2,F,AA
hRSV_SRR24833895,264,L,OG2,F,AA
hRSV_SRR24833895,265,I,OG2,F,AA
hRSV_SRR24833895,266,N,OG2,F,AA
hRSV_SRR24833895,267,D,OG2,F,AA
hRSV_SRR24833895,268,M,OG2,F,AA
hRSV_SRR24833895,269,P,OG2,F,AA
hRSV_SRR24833895,270,I,OG2,F,AA
hRSV_SRR24833895,271,T,OG2,F,AA
hRSV_SRR24833895,272,N,OG2,F,AA
hRSV_SRR24833895,273,D,OG2,F,AA
hRSV_SRR24833895,274,Q,OG2,F,AA
hRSV_SRR24833895,275,K,OG2,F,AA
hRSV_SRR24833895,276,K,OG2,F,AA
hRSV_SRR24833895,277,L,OG2,F,AA
hRSV_SRR24833895,278,M,OG2,F,AA
hRSV_SRR24833895,279,S,OG2,F,AA
hRSV_SRR24833895,280,N,OG2,F,AA
hRSV_SRR24833895,281,N,OG2,F,AA
hRSV_SRR24833895,282,V,OG2,F,AA
hRSV_SRR24833895,283,Q,OG2,F,AA
hRSV_SRR24833895,284,I,OG2,F,AA
hRSV_SRR24833895,285,V,OG2,F,AA
hRSV_SRR24833895,286,R,OG2,F,AA
hRSV_SRR24833895,287,Q,OG2,F,AA
hRSV_SRR24833895,288,Q,OG2,F,AA
hRSV_SRR24833895,289,S,OG2,F,AA
hRSV_SRR24833895,290,Y,OG2,F,AA
hRSV_SRR24833895,291,S,OG2,F,AA
hRSV_SRR24833895,292,I,OG2,F,AA
hRSV_SRR24833895,293,M,OG2,F,AA
hRSV_SRR24833895,294,S,OG2,F,AA
hRSV_SRR24833895,295,V,OG2,F,AA
hRSV_SRR24833895,296,I,OG2,F,AA
hRSV_SRR24833895,297,K,OG2,F,AA
hRSV_SRR24833895,298,E,OG2,F,AA
hRSV_SRR24833895,299,E,OG2,F,AA
hRSV_SRR24833895,300,V,OG2,F,AA
hRSV_SRR24833895,301,L,OG2,F,AA
hRSV_SRR24833895,302,A,OG2,F,AA
hRSV_SRR24833895,303,Y,OG2,F,AA
hRSV_SRR24833895,304,V,OG2,F,AA
hRSV_SRR24833895,305,V,OG2,F,AA
hRSV_SRR24833895,306,Q,OG2,F,AA
hRSV_SRR24833895,307,L,OG2,F,AA
hRSV_SRR24833895,308,P,OG2,F,AA
hRSV_SRR24833895,309,L,OG2,F,AA
hRSV_SRR24833895,310,Y,OG2,F,AA
hRSV_SRR24833895,311,G,OG2,F,AA
hRSV_SRR24833895,312,V,OG2,F,AA
hRSV_SRR24833895,313,I,OG2,F,AA
hRSV_SRR24833895,314,D,OG2,F,AA
hRSV_SRR24833895,315,T,OG2,F,AA
hRSV_SRR24833895,316,P,OG2,F,AA
hRSV_SRR24833895,317,C,OG2,F,AA
hRSV_SRR24833895,318,W,OG2,F,AA
hRSV_SRR24833895,319,K,OG2,F,AA
hRSV_SRR24833895,320,L,OG2,F,AA
hRSV_SRR24833895,321,H,OG2,F,AA
hRSV_SRR24833895,322,T,OG2,F,AA
hRSV_SRR24833895,323,S,OG2,F,AA
hRSV_SRR24833895,324,P,OG2,F,AA
hRSV_SRR24833895,325,L,OG2,F,AA
hRSV_SRR24833895,326,C,OG2,F,AA
hRSV_SRR24833895,327,T,OG2,F,AA
hRSV_SRR24833895,328,T,OG2,F,AA
hRSV_SRR24833895,329,N,OG2,F,AA
hRSV_SRR24833895,330,T,OG2,F,AA
hRSV_SRR24833895,331,K,OG2,F,AA
hRSV_SRR24833895,332,E,OG2,F,AA
hRSV_SRR24833895,333,G,OG2,F,AA
hRSV_SRR24833895,334,S,OG2,F,AA
hRSV_SRR24833895,335,N,OG2,F,AA
hRSV_SRR24833895,336,I,OG2,F,AA
hRSV_SRR24833895,337,C,OG2,F,AA
hRSV_SRR24833895,338,L,OG2,F,AA
hRSV_SRR24833895,339,T,OG2,F,AA
hRSV_SRR24833895,340,R,OG2,F,AA
hRSV_SRR24833895,341,T,OG2,F,AA
hRSV_SRR24833895,342,D,OG2,F,AA
hRSV_SRR24833895,343,R,OG2,F,AA
hRSV_SRR24833895,344,G,OG2,F,AA
hRSV_SRR24833895,345,W,OG2,F,AA
hRSV_SRR24833895,346,Y,OG2,F,AA
hRSV_SRR24833895,347,C,OG2,F,AA
hRSV_SRR24833895,348,D,OG2,F,AA
hRSV_SRR24833895,349,N,OG2,F,AA
hRSV_SRR24833895,350,A,OG2,F,AA
hRSV_SRR24833895,351,G,OG2,F,AA
hRSV_SRR24833895,352,S,OG2,F,AA
hRSV_SRR24833895,353,V,OG2,F,AA
hRSV_SRR24833895,354,S,OG2,F,AA
hRSV_SRR24833895,355,F,OG2,F,AA
hRSV_SRR24833895,356,F,OG2,F,AA
hRSV_SRR24833895,357,P,OG2,F,AA
hRSV_SRR24833895,358,Q,OG2,F,AA
hRSV_SRR24833895,359,A,OG2,F,AA
hRSV_SRR24833895,360,E,OG2,F,AA
hRSV_SRR24833895,361,T,OG2,F,AA
hRSV_SRR24833895,362,C,OG2,F,AA
hRSV_SRR24833895,363,K,OG2,F,AA
hRSV_SRR24833895,364,V,OG2,F,AA
hRSV_SRR24833895,365,Q,OG2,F,AA
hRSV_SRR24833895,366,S,OG2,F,AA
hRSV_SRR24833895,367,N,OG2,F,AA
hRSV_SRR24833895,368,R,OG2,F,AA
hRSV_SRR24833895,369,V,OG2,F,AA
hRSV_SRR24833895,370,F,OG2,F,AA
hRSV_SRR24833895,371,C,OG2,F,AA
hRSV_SRR24833895,372,D,OG2,F,AA
hRSV_SRR24833895,373,T,OG2,F,AA
hRSV_SRR24833895,374,M,OG2,F,AA
hRSV_SRR24833895,375,N,OG2,F,AA
hRSV_SRR24833895,376,S,OG2,F,AA
hRSV_SRR24833895,377,L,OG2,F,AA
hRSV_SRR24833895,378,T,OG2,F,AA
hRSV_SRR24833895,379,L,OG2,F,AA
hRSV_SRR24833895,380,P,OG2,F,AA
hRSV_SRR24833895,381,S,OG2,F,AA
hRSV_SRR24833895,382,E,OG2,F,AA
hRSV_SRR24833895,383,V,OG2,F,AA
hRSV_SRR24833895,384,N,OG2,F,AA
hRSV_SRR24833895,385,L,OG2,F,AA
hRSV_SRR24833895,386,C,OG2,F,AA
hRSV_SRR24833895,387,N,OG2,F,AA
hRSV_SRR24833895,388,I,OG2,F,AA
hRSV_SRR24833895,389,D,OG2,F,AA
hRSV_SRR24833895,390,I,OG2,F,AA
hRSV_SRR24833895,391,F,OG2,F,AA
hRSV_SRR24833895,392,N,OG2,F,AA
hRSV_SRR24833895,393,P,OG2,F,AA
hRSV_SRR24833895,394,K,OG2,F,AA
hRSV_SRR24833895,395,Y,OG2,F,AA
hRSV_SRR24833895,396,D,OG2,F,AA
hRSV_SRR24833895,397,C,OG2,F,AA
hRSV_SRR24833895,398,K,OG2,F,AA
hRSV_SRR24833895,399,I,OG2,F,AA
hRSV_SRR24833895,400,M,OG2,F,AA
hRSV_SRR24833895,401,T,OG2,F,AA
hRSV_SRR24833895,402,S,OG2,F,AA
hRSV_SRR24833895,403,K,OG2,F,AA
hRSV_SRR24833895,404,T,OG2,F,AA
hRSV_SRR24833895,405,D,OG2,F,AA
hRSV_SRR24833895,406,V,OG2,F,AA
hRSV_SRR24833895,407,S,OG2,F,AA
hRSV_SRR24833895,408,S,OG2,F,AA
hRSV_SRR24833895,409,S,OG2,F,AA
hRSV_SRR24833895,410,V,OG2,F,AA
hRSV_SRR24833895,411,I,OG2,F,AA
hRSV_SRR24833895,412,T,OG2,F,AA
hRSV_SRR24833895,413,S,OG2,F,AA
hRSV_SRR24833895,414,L,OG2,F,AA
hRSV_SRR24833895,415,G,OG2,F,AA
hRSV_SRR24833895,416,A,OG2,F,AA
hRSV_SRR24833895,417,I,OG2,F,AA
hRSV_SRR24833895,418,V,OG2,F,AA
hRSV_SRR24833895,419,S,OG2,F,AA
hRSV_SRR24833895,420,C,OG2,F,AA
hRSV_SRR24833895,421,Y,OG2,F,AA
hRSV_SRR24833895,422,G,OG2,F,AA
hRSV_SRR24833895,423,K,OG2,F,AA
hRSV_SRR24833895,424,T,OG2,F,AA
hRSV_SRR24833895,425,K,OG2,F,AA
hRSV_SRR24833895,426,C,OG2,F,AA
hRSV_SRR24833895,427,T,OG2,F,AA
hRSV_SRR24833895,428,A,OG2,F,AA
hRSV_SRR24833895,429,S,OG2,F,AA
hRSV_SRR24833895,430,N,OG2,F,AA
hRSV_SRR24833895,431,K,OG2,F,AA
hRSV_SRR24833895,432,N,OG2,F,AA
hRSV_SRR24833895,433,R,OG2,F,AA
hRSV_SRR24833895,434,G,OG2,F,AA
hRSV_SRR24833895,435,I,OG2,F,AA
hRSV_SRR24833895,436,I,OG2,F,AA
hRSV_SRR24833895,437,K,OG2,F,AA
hRSV_SRR24833895,438,T,OG2,F,AA
hRSV_SRR24833895,439,F,OG2,F,AA
hRSV_SRR24833895,440,S,OG2,F,AA
hRSV_SRR24833895,441,N,OG2,F,AA
hRSV_SRR24833895,442,G,OG2,F,AA
hRSV_SRR24833895,443,C,OG2,F,AA
hRSV_SRR24833895,444,D,OG2,F,AA
hRSV_SRR24833895,445,Y,OG2,F,AA
hRSV_SRR24833895,446,V,OG2,F,AA
hRSV_SRR24833895,447,S,OG2,F,AA
hRSV_SRR24833895,448,N,OG2,F,AA
hRSV_SRR24833895,449,K,OG2,F,AA
hRSV_SRR24833895,450,G,OG2,F,AA
hRSV_SRR24833895,451,V,OG2,F,AA
hRSV_SRR24833895,452,D,OG2,F,AA
hRSV_SRR24833895,453,T,OG2,F,AA
hRSV_SRR24833895,454,V,OG2,F,AA
hRSV_SRR24833895,455,S,OG2,F,AA
hRSV_SRR24833895,456,V,OG2,F,AA
hRSV_SRR24833895,457,G,OG2,F,AA
hRSV_SRR24833895,458,N,OG2,F,AA
hRSV_SRR24833895,459,T,OG2,F,AA
hRSV_SRR24833895,460,L,OG2,F,AA
hRSV_SRR24833895,461,Y,OG2,F,AA
hRSV_SRR24833895,462,Y,OG2,F,AA
hRSV_SRR24833895,463,V,OG2,F,AA
hRSV_SRR24833895,464,N,OG2,F,AA
hRSV_SRR24833895,465,K,OG2,F,AA
hRSV_SRR24833895,466,Q,OG2,F,AA
hRSV_SRR24833895,467,E,OG2,F,AA
hRSV_SRR24833895,468,G,OG2,F,AA
hRSV_SRR24833895,469,K,OG2,F,AA
hRSV_SRR24833895,470,S,OG2,F,AA
hRSV_SRR24833895,471,L,OG2,F,AA
hRSV_SRR24833895,472,Y,OG2,F,AA
hRSV_SRR24833895,473,V,OG2,F,AA
hRSV_SRR24833895,474,K,OG2,F,AA
hRSV_SRR24833895,475,G,OG2,F,AA
hRSV_SRR24833895,476,E,OG2,F,AA
hRSV_SRR24833895,477,P,OG2,F,AA
hRSV_SRR24833895,478,I,OG2,F,AA
hRSV_SRR24833895,479,I,OG2,F,AA
hRSV_SRR24833895,480,N,OG2,F,AA
hRSV_SRR24833895,481,F,OG2,F,AA
hRSV_SRR24833895,482,Y,OG2,F,AA
hRSV_SRR24833895,483,D,OG2,F,AA
hRSV_SRR24833895,484,P,OG2,F,AA
hRSV_SRR24833895,485,L,OG2,F,AA
hRSV_SRR24833895,486,V,OG2,F,AA
hRSV_SRR24833895,487,F,OG2,F,AA
hRSV_SRR24833895,488,P,OG2,F,AA
hRSV_SRR24833895,489,S,OG2,F,AA
hRSV_SRR24833895,490,D,OG2,F,AA
hRSV_SRR24833895,491,E,OG2,F,AA
hRSV_SRR24833895,492,F,OG2,F,AA
hRSV_SRR24833895,493,D,OG2,F,AA
hRSV_SRR24833895,494,A,OG2,F,AA
hRSV_SRR24833895,495,S,OG2,F,AA
hRSV_SRR24833895,496,I,OG2,F,AA
hRSV_SRR24833895,497,S,OG2,F,AA
hRSV_SRR24833895,498,Q,OG2,F,AA
hRSV_SRR24833895,499,V,OG2,F,AA
hRSV_SRR24833895,500,N,OG2,F,AA
hRSV_SRR24833895,501,E,OG2,F,AA
hRSV_SRR24833895,502,K,OG2,F,AA
hRSV_SRR24833895,503,I,OG2,F,AA
hRSV_SRR24833895,504,N,OG2,F,AA
hRSV_SRR24833895,505,Q,OG2,F,AA
hRSV_SRR24833895,506,S,OG2,F,AA
hRSV_SRR24833895,507,L,OG2,F,AA
hRSV_SRR24833895,508,A,OG2,F,AA
hRSV_SRR24833895,509,F,OG2,F,AA
hRSV_SRR24833895,510,I,OG2,F,AA
hRSV_SRR24833895,511,R,OG2,F,AA
hRSV_SRR24833895,512,K,OG2,F,AA
hRSV_SRR24833895,513,S,OG2,F,AA
hRSV_SRR24833895,514,D,OG2,F,AA
hRSV_SRR24833895,515,E,OG2,F,AA
hRSV_SRR24833895,516,L,OG2,F,AA
hRSV_SRR24833895,517,L,OG2,F,AA
hRSV_SRR24833895,518,H,OG2,F,AA
hRSV_SRR24833895,519,N,OG2,F,AA
hRSV_SRR24833895,520,V,OG2,F,AA
hRSV_SRR24833895,521,N,OG2,F,AA
hRSV_SRR24833895,522,A,OG2,F,AA
hRSV_SRR24833895,523,G,OG2,F,AA
hRSV_SRR24833895,524,K,OG2,F,AA
hRSV_SRR24833895,525,S,OG2,F,AA
hRSV_SRR24833895,526,T,OG2,F,AA
hRSV_SRR24833895,527,T,OG2,F,AA
hRSV_SRR24833895,528,N,OG2,F,AA
hRSV_SRR24833895,529,I,OG2,F,AA
hRSV_SRR24833895,530,M,OG2,F,AA
hRSV_SRR24833895,531,I,OG2,F,AA
hRSV_SRR24833895,532,T,OG2,F,AA
hRSV_SRR24833895,533,T,OG2,F,AA
hRSV_SRR24833895,534,I,OG2,F,AA
hRSV_SRR24833895,535,I,OG2,F,AA
hRSV_SRR24833895,536,I,OG2,F,AA
hRSV_SRR24833895,537,V,OG2,F,AA
hRSV_SRR24833895,538,I,OG2,F,AA
hRSV_SRR24833895,539,I,OG2,F,AA
hRSV_SRR24833895,540,V,OG2,F,AA
hRSV_SRR24833895,541,I,OG2,F,AA
hRSV_SRR24833895,542,L,OG2,F,AA
hRSV_SRR24833895,543,L,OG2,F,AA
hRSV_SRR24833895,544,A,OG2,F,AA
hRSV_SRR24833895,545,L,OG2,F,AA
hRSV_SRR24833895,546,I,OG2,F,AA
hRSV_SRR24833895,547,A,OG2,F,AA
hRSV_SRR24833895,548,V,OG2,F,AA
hRSV_SRR24833895,549,G,OG2,F,AA
hRSV_SRR24833895,550,L,OG2,F,AA
hRSV_SRR24833895,551,L,OG2,F,AA
hRSV_SRR24833895,552,L,OG2,F,AA
hRSV_SRR24833895,553,Y,OG2,F,AA
hRSV_SRR24833895,554,C,OG2,F,AA
hRSV_SRR24833895,555,K,OG2,F,AA
hRSV_SRR24833895,556,A,OG2,F,AA
hRSV_SRR24833895,557,R,OG2,F,AA
hRSV_SRR24833895,558,S,OG2,F,AA
hRSV_SRR24833895,559,T,OG2,F,AA
hRSV_SRR24833895,560,P,OG2,F,AA
hRSV_SRR24833895,561,V,OG2,F,AA
hRSV_SRR24833895,562,T,OG2,F,AA
hRSV_SRR24833895,563,L,OG2,F,AA
hRSV_SRR24833895,564,S,OG2,F,AA
hRSV_SRR24833895,565,K,OG2,F,AA
hRSV_SRR24833895,566,D,OG2,F,AA
hRSV_SRR24833895,567,Q,OG2,F,AA
hRSV_SRR24833895,568,L,OG2,F,AA
hRSV_SRR24833895,569,S,OG2,F,AA
hRSV_SRR24833895,570,G,OG2,F,AA
hRSV_SRR24833895,571,I,OG2,F,AA
hRSV_SRR24833895,572,N,OG2,F,AA
hRSV_SRR24833895,573,N,OG2,F,AA
hRSV_SRR24833895,574,I,OG2,F,AA
hRSV_SRR24833895,575,A,OG2,F,AA
hRSV_SRR24833895,576,F,OG2,F,AA
hRSV_SRR24833895,577,-,OG2,F,AA
hRSV_SRR24833895,578,-,OG2,F,AA
hRSV_SRR24833895,579,S,OG2,F,AA
hRSV_SRR24833895,580,N,OG2,F,AA
hRSV_SRR24833886,1,X,OG3,N,AA
hRSV_SRR24833886,2,X,OG3,N,AA
hRSV_SRR24833886,3,X,OG3,N,AA
hRSV_SRR24833886,4,X,OG3,N,AA
hRSV_SRR24833886,5,X,OG3,N,AA
hRSV_SRR24833886,6,X,OG3,N,AA
hRSV_SRR24833886,7,X,OG3,N,AA
hRSV_SRR24833886,8,X,OG3,N,AA
hRSV_SRR24833886,9,X,OG3,N,AA
hRSV_SRR24833886,10,X,OG3,N,AA
hRSV_SRR24833886,11,X,OG3,N,AA
hRSV_SRR24833886,12,X,OG3,N,AA
hRSV_SRR24833886,13,X,OG3,N,AA
hRSV_SRR24833886,14,X,OG3,N,AA
hRSV_SRR24833886,15,X,OG3,N,AA
hRSV_SRR24833886,16,X,OG3,N,AA
hRSV_SRR24833886,17,X,OG3,N,AA
hRSV_SRR24833886,18,X,OG3,N,AA
hRSV_SRR24833886,19,X,OG3,N,AA
hRSV_SRR24833886,20,X,OG3,N,AA
hRSV_SRR24833886,21,X,OG3,N,AA
hRSV_SRR24833886,22,X,OG3,N,AA
hRSV_SRR24833886,23,X,OG3,N,AA
hRSV_SRR24833886,24,X,OG3,N,AA
hRSV_SRR24833886,25,X,OG3,N,AA
hRSV_SRR24833886,26,X,OG3,N,AA
hRSV_SRR24833886,27,X,OG3,N,AA
hRSV_SRR24833886,28,X,OG3,N,AA
hRSV_SRR24833886,29,X,OG3,N,AA
hRSV_SRR24833886,30,X,OG3,N,AA
hRSV_SRR24833886,31,X,OG3,N,AA
hRSV_SRR24833886,32,X,OG3,N,AA
hRSV_SRR24833886,33,X,OG3,N,AA
hRSV_SRR24833886,34,X,OG3,N,AA
hRSV_SRR24833886,35,X,OG3,N,AA
hRSV_SRR24833886,36,X,OG3,N,AA
hRSV_SRR24833886,37,X,OG3,N,AA
hRSV_SRR24833886,38,X,OG3,N,AA
hRSV_SRR24833886,39,X,OG3,N,AA
hRSV_SRR24833886,40,X,OG3,N,AA
hRSV_SRR24833886,41,X,OG3,N,AA
hRSV_SRR24833886,42,X,OG3,N,AA
hRSV_SRR24833886,43,X,OG3,N,AA
hRSV_SRR24833886,44,X,OG3,N,AA
hRSV_SRR24833886,45,X,OG3,N,AA
hRSV_SRR24833886,46,X,OG3,N,AA
hRSV_SRR24833886,47,X,OG3,N,AA
hRSV_SRR24833886,48,X,OG3,N,AA
hRSV_SRR24833886,49,X,OG3,N,AA
hRSV_SRR24833886,50,X,OG3,N,AA
hRSV_SRR24833886,51,X,OG3,N,AA
hRSV_SRR24833886,52,X,OG3,N,AA
hRSV_SRR24833886,53,X,OG3,N,AA
hRSV_SRR24833886,54,X,OG3,N,AA
hRSV_SRR24833886,55,X,OG3,N,AA
hRSV_SRR24833886,56,X,OG3,N,AA
hRSV_SRR24833886,57,X,OG3,N,AA
hRSV_SRR24833886,58,X,OG3,N,AA
hRSV_SRR24833886,59,X,OG3,N,AA
hRSV_SRR24833886,60,X,OG3,N,AA
hRSV_SRR24833886,61,X,OG3,N,AA
hRSV_SRR24833886,62,X,OG3,N,AA
hRSV_SRR24833886,63,X,OG3,N,AA
hRSV_SRR24833886,64,X,OG3,N,AA
hRSV_SRR24833886,65,X,OG3,N,AA
hRSV_SRR24833886,66,X,OG3,N,AA
hRSV_SRR24833886,67,X,OG3,N,AA
hRSV_SRR24833886,68,X,OG3,N,AA
hRSV_SRR24833886,69,X,OG3,N,AA
hRSV_SRR24833886,70,X,OG3,N,AA
hRSV_SRR24833886,71,X,OG3,N,AA
hRSV_SRR24833886,72,X,OG3,N,AA
hRSV_SRR24833886,73,R,OG3,N,AA
hRSV_SRR24833886,74,L,OG3,N,AA
hRSV_SRR24833886,75,G,OG3,N,AA
hRSV_SRR24833886,76,R,OG3,N,AA
hRSV_SRR24833886,77,E,OG3,N,AA
hRSV_SRR24833886,78,D,OG3,N,AA
hRSV_SRR24833886,79,T,OG3,N,AA
hRSV_SRR24833886,80,I,OG3,N,AA
hRSV_SRR24833886,81,K,OG3,N,AA
hRSV_SRR24833886,82,I,OG3,N,AA
hRSV_SRR24833886,83,L,OG3,N,AA
hRSV_SRR24833886,84,K,OG3,N,AA
hRSV_SRR24833886,85,D,OG3,N,AA
hRSV_SRR24833886,86,A,OG3,N,AA
hRSV_SRR24833886,87,G,OG3,N,AA
hRSV_SRR24833886,88,Y,OG3,N,AA
hRSV_SRR24833886,89,H,OG3,N,AA
hRSV_SRR24833886,90,V,OG3,N,AA
hRSV_SRR24833886,91,K,OG3,N,AA
hRSV_SRR24833886,92,A,OG3,N,AA
hRSV_SRR24833886,93,N,OG3,N,AA
hRSV_SRR24833886,94,G,OG3,N,AA
hRSV_SRR24833886,95,V,OG3,N,AA
hRSV_SRR24833886,96,D,OG3,N,AA
hRSV_SRR24833886,97,I,OG3,N,AA
hRSV_SRR24833886,98,T,OG3,N,AA
hRSV_SRR24833886,99,T,OG3,N,AA
hRSV_SRR24833886,100,Y,OG3,N,AA
hRSV_SRR24833886,101,R,OG3,N,AA
hRSV_SRR24833886,102,Q,OG3,N,AA
hRSV_SRR24833886,103,D,OG3,N,AA
hRSV_SRR24833886,104,I,OG3,N,AA
hRSV_SRR24833886,105,N,OG3,N,AA
hRSV_SRR24833886,106,G,OG3,N,AA
hRSV_SRR24833886,107,K,OG3,N,AA
hRSV_SRR24833886,108,E,OG3,N,AA
hRSV_SRR24833886,109,M,OG3,N,AA
hRSV_SRR24833886,110,K,OG3,N,AA
hRSV_SRR24833886,111,F,OG3,N,AA
hRSV_SRR24833886,112,E,OG3,N,AA
hRSV_SRR24833886,113,V,OG3,N,AA
hRSV_SRR24833886,114,L,OG3,N,AA
hRSV_SRR24833886,115,T,OG3,N,AA
hRSV_SRR24833886,116,L,OG3,N,AA
hRSV_SRR24833886,117,S,OG3,N,AA
hRSV_SRR24833886,118,S,OG3,N,AA
hRSV_SRR24833886,119,L,OG3,N,AA
hRSV_SRR24833886,120,T,OG3,N,AA
hRSV_SRR24833886,121,S,OG3,N,AA
hRSV_SRR24833886,122,E,OG3,N,AA
hRSV_SRR24833886,123,I,OG3,N,AA
hRSV_SRR24833886,124,Q,OG3,N,AA
hRSV_SRR24833886,125,V,OG3,N,AA
hRSV_SRR24833886,126,N,OG3,N,AA
hRSV_SRR24833886,127,I,OG3,N,AA
hRSV_SRR24833886,128,E,OG3,N,AA
hRSV_SRR24833886,129,I,OG3,N,AA
hRSV_SRR24833886,130,E,OG3,N,AA
hRSV_SRR24833886,131,S,OG3,N,AA
hRSV_SRR24833886,132,R,OG3,N,AA
hRSV_SRR24833886,133,K,OG3,N,AA
hRSV_SRR24833886,134,S,OG3,N,AA
hRSV_SRR24833886,135,Y,OG3,N,AA
hRSV_SRR24833886,136,K,OG3,N,AA
hRSV_SRR24833886,137,K,OG3,N,AA
hRSV_SRR24833886,138,M,OG3,N,AA
hRSV_SRR24833886,139,L,OG3,N,AA
hRSV_SRR24833886,140,K,OG3,N,AA
hRSV_SRR24833886,141,E,OG3,N,AA
hRSV_SRR24833886,142,-,OG3,N,AA
hRSV_SRR24833886,143,M,OG3,N,AA
hRSV_SRR24833886,144,G,OG3,N,AA
hRSV_SRR24833886,145,E,OG3,N,AA
hRSV_SRR24833886,146,V,OG3,N,AA
hRSV_SRR24833886,147,A,OG3,N,AA
hRSV_SRR24833886,148,P,OG3,N,AA
hRSV_SRR24833886,149,E,OG3,N,AA
hRSV_SRR24833886,150,Y,OG3,N,AA
hRSV_SRR24833886,151,R,OG3,N,AA
hRSV_SRR24833886,152,H,OG3,N,AA
hRSV_SRR24833886,153,D,OG3,N,AA
hRSV_SRR24833886,154,S,OG3,N,AA
hRSV_SRR24833886,155,P,OG3,N,AA
hRSV_SRR24833886,156,D,OG3,N,AA
hRSV_SRR24833886,157,C,OG3,N,AA
hRSV_SRR24833886,158,G,OG3,N,AA
hRSV_SRR24833886,159,M,OG3,N,AA
hRSV_SRR24833886,160,I,OG3,N,AA
hRSV_SRR24833886,161,I,OG3,N,AA
hRSV_SRR24833886,162,L,OG3,N,AA
hRSV_SRR24833886,163,C,OG3,N,AA
hRSV_SRR24833886,164,I,OG3,N,AA
hRSV_SRR24833886,165,A,OG3,N,AA
hRSV_SRR24833886,166,A,OG3,N,AA
hRSV_SRR24833886,167,L,OG3,N,AA
hRSV_SRR24833886,168,V,OG3,N,AA
hRSV_SRR24833886,169,I,OG3,N,AA
hRSV_SRR24833886,170,T,OG3,N,AA
hRSV_SRR24833886,171,K,OG3,N,AA
hRSV_SRR24833886,172,L,OG3,N,AA
hRSV_SRR24833886,173,A,OG3,N,AA
hRSV_SRR24833886,174,A,OG3,N,AA
hRSV_SRR24833886,175,G,OG3,N,AA
hRSV_SRR24833886,176,D,OG3,N,AA
hRSV_SRR24833886,177,R,OG3,N,AA
hRSV_SRR24833886,178,S,OG3,N,AA
hRSV_SRR24833886,179,G,OG3,N,AA
hRSV_SRR24833886,180,L,OG3,N,AA
hRSV_SRR24833886,181,T,OG3,N,AA
hRSV_SRR24833886,182,A,OG3,N,AA
hRSV_SRR24833886,183,V,OG3,N,AA
hRSV_SRR24833886,184,I,OG3,N,AA
hRSV_SRR24833886,185,R,OG3,N,AA
hRSV_SRR24833886,186,R,OG3,N,AA
hRSV_SRR24833886,187,A,OG3,N,AA
hRSV_SRR24833886,188,N,OG3,N,AA
hRSV_SRR24833886,189,N,OG3,N,AA
hRSV_SRR24833886,190,V,OG3,N,AA
hRSV_SRR24833886,191,L,OG3,N,AA
hRSV_SRR24833886,192,K,OG3,N,AA
hRSV_SRR24833886,193,N,OG3,N,AA
hRSV_SRR24833886,194,E,OG3,N,AA
hRSV_SRR24833886,195,I,OG3,N,AA
hRSV_SRR24833886,196,K,OG3,N,AA
hRSV_SRR24833886,197,R,OG3,N,AA
hRSV_SRR24833886,198,Y,OG3,N,AA
hRSV_SRR24833886,199,K,OG3,N,AA
hRSV_SRR24833886,200,G,OG3,N,AA
hRSV_SRR24833886,201,L,OG3,N,AA
hRSV_SRR24833886,202,I,OG3,N,AA
hRSV_SRR24833886,203,P,OG3,N,AA
hRSV_SRR24833886,204,K,OG3,N,AA
hRSV_SRR24833886,205,D,OG3,N,AA
hRSV_SRR24833886,206,I,OG3,N,AA
hRSV_SRR24833886,207,A,OG3,N,AA
hRSV_SRR24833886,208,N,OG3,N,AA
hRSV_SRR24833886,209,S,OG3,N,AA
hRSV_SRR24833886,210,F,OG3,N,AA
hRSV_SRR24833886,211,Y,OG3,N,AA
hRSV_SRR24833886,212,E,OG3,N,AA
hRSV_SRR24833886,213,V,OG3,N,AA
hRSV_SRR24833886,214,F,OG3,N,AA
hRSV_SRR24833886,215,E,OG3,N,AA
hRSV_SRR24833886,216,K,OG3,N,AA
hRSV_SRR24833886,217,Y,OG3,N,AA
hRSV_SRR24833886,218,P,OG3,N,AA
hRSV_SRR24833886,219,H,OG3,N,AA
hRSV_SRR24833886,220,L,OG3,N,AA
hRSV_SRR24833886,221,I,OG3,N,AA
hRSV_SRR24833886,222,D,OG3,N,AA
hRSV_SRR24833886,223,V,OG3,N,AA
hRSV_SRR24833886,224,F,OG3,N,AA
hRSV_SRR24833886,225,V,OG3,N,AA
hRSV_SRR24833886,226,H,OG3,N,AA
hRSV_SRR24833886,227,F,OG3,N,AA
hRSV_SRR24833886,228,G,OG3,N,AA
hRSV_SRR24833886,229,I,OG3,N,AA
hRSV_SRR24833886,230,A,OG3,N,AA
hRSV_SRR24833886,231,Q,OG3,N,AA
hRSV_SRR24833886,232,S,OG3,N,AA
hRSV_SRR24833886,233,S,OG3,N,AA
hRSV_SRR24833886,234,T,OG3,N,AA
hRSV_SRR24833886,235,R,OG3,N,AA
hRSV_SRR24833886,236,G,OG3,N,AA
hRSV_SRR24833886,237,G,OG3,N,AA
hRSV_SRR24833886,238,S,OG3,N,AA
hRSV_SRR24833886,239,R,OG3,N,AA
hRSV_SRR24833886,240,V,OG3,N,AA
hRSV_SRR24833886,241,E,OG3,N,AA
hRSV_SRR24833886,242,G,OG3,N,AA
hRSV_SRR24833886,243,I,OG3,N,AA
hRSV_SRR24833886,244,F,OG3,N,AA
hRSV_SRR24833886,245,A,OG3,N,AA
hRSV_SRR24833886,246,G,OG3,N,AA
hRSV_SRR24833886,247,L,OG3,N,AA
hRSV_SRR24833886,248,F,OG3,N,AA
hRSV_SRR24833886,249,M,OG3,N,AA
hRSV_SRR24833886,250,N,OG3,N,AA
hRSV_SRR24833886,251,A,OG3,N,AA
hRSV_SRR24833886,252,Y,OG3,N,AA
hRSV_SRR24833886,253,G,OG3,N,AA
hRSV_SRR24833886,254,S,OG3,N,AA
hRSV_SRR24833886,255,G,OG3,N,AA
hRSV_SRR24833886,256,Q,OG3,N,AA
hRSV_SRR24833886,257,V,OG3,N,AA
hRSV_SRR24833886,258,M,OG3,N,AA
hRSV_SRR24833886,259,L,OG3,N,AA
hRSV_SRR24833886,260,R,OG3,N,AA
hRSV_SRR24833886,261,W,OG3,N,AA
hRSV_SRR24833886,262,G,OG3,N,AA
hRSV_SRR24833886,263,V,OG3,N,AA
hRSV_SRR24833886,264,L,OG3,N,AA
hRSV_SRR24833886,265,A,OG3,N,AA
hRSV_SRR24833886,266,K,OG3,N,AA
hRSV_SRR24833886,267,S,OG3,N,AA
hRSV_SRR24833886,268,V,OG3,N,AA
hRSV_SRR24833886,269,K,OG3,N,AA
hRSV_SRR24833886,270,N,OG3,N,AA
hRSV_SRR24833886,271,I,OG3,N,AA
hRSV_SRR24833886,272,M,OG3,N,AA
hRSV_SRR24833886,273,L,OG3,N,AA
hRSV_SRR24833886,274,G,OG3,N,AA
hRSV_SRR24833886,275,H,OG3,N,AA
hRSV_SRR24833886,276,A,OG3,N,AA
hRSV_SRR24833886,277,S,OG3,N,AA
hRSV_SRR24833886,278,V,OG3,N,AA
hRSV_SRR24833886,279,Q,OG3,N,AA
hRSV_SRR24833886,280,A,OG3,N,AA
hRSV_SRR24833886,281,E,OG3,N,AA
hRSV_SRR24833886,282,M,OG3,N,AA
hRSV_SRR24833886,283,E,OG3,N,AA
hRSV_SRR24833886,284,Q,OG3,N,AA
hRSV_SRR24833886,285,V,OG3,N,AA
hRSV_SRR24833886,286,V,OG3,N,AA
hRSV_SRR24833886,287,E,OG3,N,AA
hRSV_SRR24833886,288,V,OG3,N,AA
hRSV_SRR24833886,289,Y,OG3,N,AA
hRSV_SRR24833886,290,E,OG3,N,AA
hRSV_SRR24833886,291,Y,OG3,N,AA
hRSV_SRR24833886,292,A,OG3,N,AA
hRSV_SRR24833886,293,Q,OG3,N,AA
hRSV_SRR24833886,294,K,OG3,N,AA
hRSV_SRR24833886,295,L,OG3,N,AA
hRSV_SRR24833886,296,G,OG3,N,AA
hRSV_SRR24833886,297,G,OG3,N,AA
hRSV_SRR24833886,298,E,OG3,N,AA
hRSV_SRR24833886,299,A,OG3,N,AA
hRSV_SRR24833886,300,G,OG3,N,AA
hRSV_SRR24833886,301,F,OG3,N,AA
hRSV_SRR24833886,302,Y,OG3,N,AA
hRSV_SRR24833886,303,H,OG3,N,AA
hRSV_SRR24833886,304,I,OG3,N,AA
hRSV_SRR24833886,305,L,OG3,N,AA
hRSV_SRR24833886,306,N,OG3,N,AA
hRSV_SRR24833886,307,N,OG3,N,AA
hRSV_SRR24833886,308,P,OG3,N,AA
hRSV_SRR24833886,309,K,OG3,N,AA
hRSV_SRR24833886,310,A,OG3,N,AA
hRSV_SRR24833886,311,S,OG3,N,AA
hRSV_SRR24833886,312,L,OG3,N,AA
hRSV_SRR24833886,313,L,OG3,N,AA
hRSV_SRR24833886,314,S,OG3,N,AA
hRSV_SRR24833886,315,L,OG3,N,AA
hRSV_SRR24833886,316,T,OG3,N,AA
hRSV_SRR24833886,317,Q,OG3,N,AA
hRSV_SRR24833886,318,F,OG3,N,AA
hRSV_SRR24833886,319,P,OG3,N,AA
hRSV_SRR24833886,320,N,OG3,N,AA
hRSV_SRR24833886,321,F,OG3,N,AA
hRSV_SRR24833886,322,S,OG3,N,AA
hRSV_SRR24833886,323,S,OG3,N,AA
hRSV_SRR24833886,324,V,OG3,N,AA
hRSV_SRR24833886,325,V,OG3,N,AA
hRSV_SRR24833886,326,L,OG3,N,AA
hRSV_SRR24833886,327,G,OG3,N,AA
hRSV_SRR24833886,328,N,OG3,N,AA
hRSV_SRR24833886,329,A,OG3,N,AA
hRSV_SRR24833886,330,A,OG3,N,AA
hRSV_SRR24833886,331,G,OG3,N,AA
hRSV_SRR24833886,332,L,OG3,N,AA
hRSV_SRR24833886,333,G,OG3,N,AA
hRSV_SRR24833886,334,I,OG3,N,AA
hRSV_SRR24833886,335,M,OG3,N,AA
hRSV_SRR24833886,336,G,OG3,N,AA
hRSV_SRR24833886,337,E,OG3,N,AA
hRSV_SRR24833886,338,Y,OG3,N,AA
hRSV_SRR24833886,339,R,OG3,N,AA
hRSV_SRR24833886,340,G,OG3,N,AA
hRSV_SRR24833886,341,T,OG3,N,AA
hRSV_SRR24833886,342,P,OG3,N,AA
hRSV_SRR24833886,343,R,OG3,N,AA
hRSV_SRR24833886,344,N,OG3,N,AA
hRSV_SRR24833886,345,Q,OG3,N,AA
hRSV_SRR24833886,346,D,OG3,N,AA
hRSV_SRR24833886,347,L,OG3,N,AA
hRSV_SRR24833886,348,Y,OG3,N,AA
hRSV_SRR24833886,349,D,OG3,N,AA
hRSV_SRR24833886,350,A,OG3,N,AA
hRSV_SRR24833886,351,A,OG3,N,AA
hRSV_SRR24833886,352,K,OG3,N,AA
hRSV_SRR24833886,353,A,OG3,N,AA
hRSV_SRR24833886,354,Y,OG3,N,AA
hRSV_SRR24833886,355,A,OG3,N,AA
hRSV_SRR24833886,356,E,OG3,N,AA
hRSV_SRR24833886,357,Q,OG3,N,AA
hRSV_SRR24833886,358,L,OG3,N,AA
hRSV_SRR24833886,359,K,OG3,N,AA
hRSV_SRR24833886,360,E,OG3,N,AA
hRSV_SRR24833886,361,N,OG3,N,AA
hRSV_SRR24833886,362,G,OG3,N,AA
hRSV_SRR24833886,363,V,OG3,N,AA
hRSV_SRR24833886,364,I,OG3,N,AA
hRSV_SRR24833886,365,N,OG3,N,AA
hRSV_SRR24833886,366,Y,OG3,N,AA
hRSV_SRR24833886,367,S,OG3,N,AA
hRSV_SRR24833886,368,V,OG3,N,AA
hRSV_SRR24833886,369,L,OG3,N,AA
hRSV_SRR24833886,370,D,OG3,N,AA
hRSV_SRR24833886,371,L,OG3,N,AA
hRSV_SRR24833886,372,T,OG3,N,AA
hRSV_SRR24833886,373,T,OG3,N,AA
hRSV_SRR24833886,374,E,OG3,N,AA
hRSV_SRR24833886,375,E,OG3,N,AA
hRSV_SRR24833886,376,L,OG3,N,AA
hRSV_SRR24833886,377,E,OG3,N,AA
hRSV_SRR24833886,378,A,OG3,N,AA
hRSV_SRR24833886,379,I,OG3,N,AA
hRSV_SRR24833886,380,K,OG3,N,AA
hRSV_SRR24833886,381,H,OG3,N,AA
hRSV_SRR24833886,382,Q,OG3,N,AA
hRSV_SRR24833886,383,L,OG3,N,AA
hRSV_SRR24833886,384,N,OG3,N,AA
hRSV_SRR24833886,385,P,OG3,N,AA
hRSV_SRR24833886,386,K,OG3,N,AA
hRSV_SRR24833886,387,E,OG3,N,AA
hRSV_SRR24833886,388,-,OG3,N,AA
hRSV_SRR24833886,389,-,OG3,N,AA
hRSV_SRR24833886,390,-,OG3,N,AA
hRSV_SRR24833886,391,D,OG3,N,AA
hRSV_SRR24833886,392,D,OG3,N,AA
hRSV_SRR24833886,393,I,OG3,N,AA
hRSV_SRR24833886,394,E,OG3,N,AA
hRSV_SRR24833886,395,L,OG3,N,AA
hRSV_SRR24833888,1,X,OG3,N,AA
hRSV_SRR24833888,2,X,OG3,N,AA
hRSV_SRR24833888,3,X,OG3,N,AA
hRSV_SRR24833888,4,X,OG3,N,AA
hRSV_SRR24833888,5,X,OG3,N,AA
hRSV_SRR24833888,6,X,OG3,N,AA
hRSV_SRR24833888,7,X,OG3,N,AA
hRSV_SRR24833888,8,X,OG3,N,AA
hRSV_SRR24833888,9,X,OG3,N,AA
hRSV_SRR24833888,10,X,OG3,N,AA
hRSV_SRR24833888,11,X,OG3,N,AA
hRSV_SRR24833888,12,X,OG3,N,AA
hRSV_SRR24833888,13,X,OG3,N,AA
hRSV_SRR24833888,14,X,OG3,N,AA
hRSV_SRR24833888,15,X,OG3,N,AA
hRSV_SRR24833888,16,X,OG3,N,AA
hRSV_SRR24833888,17,X,OG3,N,AA
hRSV_SRR24833888,18,X,OG3,N,AA
hRSV_SRR24833888,19,X,OG3,N,AA
hRSV_SRR24833888,20,X,OG3,N,AA
hRSV_SRR24833888,21,X,OG3,N,AA
hRSV_SRR24833888,22,X,OG3,N,AA
hRSV_SRR24833888,23,X,OG3,N,AA
hRSV_SRR24833888,24,X,OG3,N,AA
hRSV_SRR24833888,25,X,OG3,N,AA
hRSV_SRR24833888,26,X,OG3,N,AA
hRSV_SRR24833888,27,X,OG3,N,AA
hRSV_SRR24833888,28,X,OG3,N,AA
hRSV_SRR24833888,29,X,OG3,N,AA
hRSV_SRR24833888,30,X,OG3,N,AA
hRSV_SRR24833888,31,X,OG3,N,AA
hRSV_SRR24833888,32,X,OG3,N,AA
hRSV_SRR24833888,33,X,OG3,N,AA
hRSV_SRR24833888,34,X,OG3,N,AA
hRSV_SRR24833888,35,X,OG3,N,AA
hRSV_SRR24833888,36,X,OG3,N,AA
hRSV_SRR24833888,37,X,OG3,N,AA
hRSV_SRR24833888,38,X,OG3,N,AA
hRSV_SRR24833888,39,X,OG3,N,AA
hRSV_SRR24833888,40,X,OG3,N,AA
hRSV_SRR24833888,41,X,OG3,N,AA
hRSV_SRR24833888,42,X,OG3,N,AA
hRSV_SRR24833888,43,X,OG3,N,AA
hRSV_SRR24833888,44,X,OG3,N,AA
hRSV_SRR24833888,45,X,OG3,N,AA
hRSV_SRR24833888,46,X,OG3,N,AA
hRSV_SRR24833888,47,X,OG3,N,AA
hRSV_SRR24833888,48,X,OG3,N,AA
hRSV_SRR24833888,49,X,OG3,N,AA
hRSV_SRR24833888,50,X,OG3,N,AA
hRSV_SRR24833888,51,X,OG3,N,AA
hRSV_SRR24833888,52,X,OG3,N,AA
hRSV_SRR24833888,53,X,OG3,N,AA
hRSV_SRR24833888,54,X,OG3,N,AA
hRSV_SRR24833888,55,X,OG3,N,AA
hRSV_SRR24833888,56,X,OG3,N,AA
hRSV_SRR24833888,57,X,OG3,N,AA
hRSV_SRR24833888,58,X,OG3,N,AA
hRSV_SRR24833888,59,X,OG3,N,AA
hRSV_SRR24833888,60,X,OG3,N,AA
hRSV_SRR24833888,61,X,OG3,N,AA
hRSV_SRR24833888,62,X,OG3,N,AA
hRSV_SRR24833888,63,X,OG3,N,AA
hRSV_SRR24833888,64,X,OG3,N,AA
hRSV_SRR24833888,65,X,OG3,N,AA
hRSV_SRR24833888,66,X,OG3,N,AA
hRSV_SRR24833888,67,X,OG3,N,AA
hRSV_SRR24833888,68,X,OG3,N,AA
hRSV_SRR24833888,69,X,OG3,N,AA
hRSV_SRR24833888,70,X,OG3,N,AA
hRSV_SRR24833888,71,X,OG3,N,AA
hRSV_SRR24833888,72,X,OG3,N,AA
hRSV_SRR24833888,73,X,OG3,N,AA
hRSV_SRR24833888,74,L,OG3,N,AA
hRSV_SRR24833888,75,G,OG3,N,AA
hRSV_SRR24833888,76,R,OG3,N,AA
hRSV_SRR24833888,77,E,OG3,N,AA
hRSV_SRR24833888,78,D,OG3,N,AA
hRSV_SRR24833888,79,T,OG3,N,AA
hRSV_SRR24833888,80,I,OG3,N,AA
hRSV_SRR24833888,81,K,OG3,N,AA
hRSV_SRR24833888,82,I,OG3,N,AA
hRSV_SRR24833888,83,L,OG3,N,AA
hRSV_SRR24833888,84,K,OG3,N,AA
hRSV_SRR24833888,85,D,OG3,N,AA
hRSV_SRR24833888,86,A,OG3,N,AA
hRSV_SRR24833888,87,G,OG3,N,AA
hRSV_SRR24833888,88,Y,OG3,N,AA
hRSV_SRR24833888,89,H,OG3,N,AA
hRSV_SRR24833888,90,V,OG3,N,AA
hRSV_SRR24833888,91,K,OG3,N,AA
hRSV_SRR24833888,92,A,OG3,N,AA
hRSV_SRR24833888,93,N,OG3,N,AA
hRSV_SRR24833888,94,G,OG3,N,AA
hRSV_SRR24833888,95,V,OG3,N,AA
hRSV_SRR24833888,96,D,OG3,N,AA
hRSV_SRR24833888,97,V,OG3,N,AA
hRSV_SRR24833888,98,T,OG3,N,AA
hRSV_SRR24833888,99,T,OG3,N,AA
hRSV_SRR24833888,100,H,OG3,N,AA
hRSV_SRR24833888,101,R,OG3,N,AA
hRSV_SRR24833888,102,Q,OG3,N,AA
hRSV_SRR24833888,103,D,OG3,N,AA
hRSV_SRR24833888,104,I,OG3,N,AA
hRSV_SRR24833888,105,N,OG3,N,AA
hRSV_SRR24833888,106,G,OG3,N,AA
hRSV_SRR24833888,107,K,OG3,N,AA
hRSV_SRR24833888,108,E,OG3,N,AA
hRSV_SRR24833888,109,M,OG3,N,AA
hRSV_SRR24833888,110,K,OG3,N,AA
hRSV_SRR24833888,111,F,OG3,N,AA
hRSV_SRR24833888,112,E,OG3,N,AA
hRSV_SRR24833888,113,V,OG3,N,AA
hRSV_SRR24833888,114,L,OG3,N,AA
hRSV_SRR24833888,115,T,OG3,N,AA
hRSV_SRR24833888,116,L,OG3,N,AA
hRSV_SRR24833888,117,A,OG3,N,AA
hRSV_SRR24833888,118,S,OG3,N,AA
hRSV_SRR24833888,119,L,OG3,N,AA
hRSV_SRR24833888,120,T,OG3,N,AA
hRSV_SRR24833888,121,T,OG3,N,AA
hRSV_SRR24833888,122,E,OG3,N,AA
hRSV_SRR24833888,123,I,OG3,N,AA
hRSV_SRR24833888,124,Q,OG3,N,AA
hRSV_SRR24833888,125,I,OG3,N,AA
hRSV_SRR24833888,126,N,OG3,N,AA
hRSV_SRR24833888,127,I,OG3,N,AA
hRSV_SRR24833888,128,E,OG3,N,AA
hRSV_SRR24833888,129,I,OG3,N,AA
hRSV_SRR24833888,130,E,OG3,N,AA
hRSV_SRR24833888,131,S,OG3,N,AA
hRSV_SRR24833888,132,R,OG3,N,AA
hRSV_SRR24833888,133,K,OG3,N,AA
hRSV_SRR24833888,134,S,OG3,N,AA
hRSV_SRR24833888,135,Y,OG3,N,AA
hRSV_SRR24833888,136,K,OG3,N,AA
hRSV_SRR24833888,137,K,OG3,N,AA
hRSV_SRR24833888,138,M,OG3,N,AA
hRSV_SRR24833888,139,L,OG3,N,AA
hRSV_SRR24833888,140,K,OG3,N,AA
hRSV_SRR24833888,141,E,OG3,N,AA
hRSV_SRR24833888,142,-,OG3,N,AA
hRSV_SRR24833888,143,M,OG3,N,AA
hRSV_SRR24833888,144,G,OG3,N,AA
hRSV_SRR24833888,145,E,OG3,N,AA
hRSV_SRR24833888,146,V,OG3,N,AA
hRSV_SRR24833888,147,A,OG3,N,AA
hRSV_SRR24833888,148,P,OG3,N,AA
hRSV_SRR24833888,149,E,OG3,N,AA
hRSV_SRR24833888,150,Y,OG3,N,AA
hRSV_SRR24833888,151,R,OG3,N,AA
hRSV_SRR24833888,152,H,OG3,N,AA
hRSV_SRR24833888,153,D,OG3,N,AA
hRSV_SRR24833888,154,S,OG3,N,AA
hRSV_SRR24833888,155,P,OG3,N,AA
hRSV_SRR24833888,156,D,OG3,N,AA
hRSV_SRR24833888,157,C,OG3,N,AA
hRSV_SRR24833888,158,G,OG3,N,AA
hRSV_SRR24833888,159,M,OG3,N,AA
hRSV_SRR24833888,160,I,OG3,N,AA
hRSV_SRR24833888,161,I,OG3,N,AA
hRSV_SRR24833888,162,L,OG3,N,AA
hRSV_SRR24833888,163,C,OG3,N,AA
hRSV_SRR24833888,164,I,OG3,N,AA
hRSV_SRR24833888,165,A,OG3,N,AA
hRSV_SRR24833888,166,A,OG3,N,AA
hRSV_SRR24833888,167,L,OG3,N,AA
hRSV_SRR24833888,168,V,OG3,N,AA
hRSV_SRR24833888,169,I,OG3,N,AA
hRSV_SRR24833888,170,T,OG3,N,AA
hRSV_SRR24833888,171,K,OG3,N,AA
hRSV_SRR24833888,172,L,OG3,N,AA
hRSV_SRR24833888,173,A,OG3,N,AA
hRSV_SRR24833888,174,A,OG3,N,AA
hRSV_SRR24833888,175,G,OG3,N,AA
hRSV_SRR24833888,176,D,OG3,N,AA
hRSV_SRR24833888,177,R,OG3,N,AA
hRSV_SRR24833888,178,S,OG3,N,AA
hRSV_SRR24833888,179,G,OG3,N,AA
hRSV_SRR24833888,180,L,OG3,N,AA
hRSV_SRR24833888,181,T,OG3,N,AA
hRSV_SRR24833888,182,A,OG3,N,AA
hRSV_SRR24833888,183,V,OG3,N,AA
hRSV_SRR24833888,184,I,OG3,N,AA
hRSV_SRR24833888,185,R,OG3,N,AA
hRSV_SRR24833888,186,R,OG3,N,AA
hRSV_SRR24833888,187,A,OG3,N,AA
hRSV_SRR24833888,188,N,OG3,N,AA
hRSV_SRR24833888,189,N,OG3,N,AA
hRSV_SRR24833888,190,V,OG3,N,AA
hRSV_SRR24833888,191,L,OG3,N,AA
hRSV_SRR24833888,192,K,OG3,N,AA
hRSV_SRR24833888,193,N,OG3,N,AA
hRSV_SRR24833888,194,E,OG3,N,AA
hRSV_SRR24833888,195,M,OG3,N,AA
hRSV_SRR24833888,196,K,OG3,N,AA
hRSV_SRR24833888,197,R,OG3,N,AA
hRSV_SRR24833888,198,Y,OG3,N,AA
hRSV_SRR24833888,199,K,OG3,N,AA
hRSV_SRR24833888,200,G,OG3,N,AA
hRSV_SRR24833888,201,L,OG3,N,AA
hRSV_SRR24833888,202,L,OG3,N,AA
hRSV_SRR24833888,203,P,OG3,N,AA
hRSV_SRR24833888,204,K,OG3,N,AA
hRSV_SRR24833888,205,D,OG3,N,AA
hRSV_SRR24833888,206,I,OG3,N,AA
hRSV_SRR24833888,207,A,OG3,N,AA
hRSV_SRR24833888,208,N,OG3,N,AA
hRSV_SRR24833888,209,S,OG3,N,AA
hRSV_SRR24833888,210,F,OG3,N,AA
hRSV_SRR24833888,211,Y,OG3,N,AA
hRSV_SRR24833888,212,E,OG3,N,AA
hRSV_SRR24833888,213,V,OG3,N,AA
hRSV_SRR24833888,214,F,OG3,N,AA
hRSV_SRR24833888,215,E,OG3,N,AA
hRSV_SRR24833888,216,K,OG3,N,AA
hRSV_SRR24833888,217,Y,OG3,N,AA
hRSV_SRR24833888,218,P,OG3,N,AA
hRSV_SRR24833888,219,H,OG3,N,AA
hRSV_SRR24833888,220,F,OG3,N,AA
hRSV_SRR24833888,221,I,OG3,N,AA
hRSV_SRR24833888,222,D,OG3,N,AA
hRSV_SRR24833888,223,V,OG3,N,AA
hRSV_SRR24833888,224,F,OG3,N,AA
hRSV_SRR24833888,225,V,OG3,N,AA
hRSV_SRR24833888,226,H,OG3,N,AA
hRSV_SRR24833888,227,F,OG3,N,AA
hRSV_SRR24833888,228,G,OG3,N,AA
hRSV_SRR24833888,229,I,OG3,N,AA
hRSV_SRR24833888,230,A,OG3,N,AA
hRSV_SRR24833888,231,Q,OG3,N,AA
hRSV_SRR24833888,232,S,OG3,N,AA
hRSV_SRR24833888,233,S,OG3,N,AA
hRSV_SRR24833888,234,T,OG3,N,AA
hRSV_SRR24833888,235,R,OG3,N,AA
hRSV_SRR24833888,236,G,OG3,N,AA
hRSV_SRR24833888,237,G,OG3,N,AA
hRSV_SRR24833888,238,S,OG3,N,AA
hRSV_SRR24833888,239,R,OG3,N,AA
hRSV_SRR24833888,240,V,OG3,N,AA
hRSV_SRR24833888,241,E,OG3,N,AA
hRSV_SRR24833888,242,G,OG3,N,AA
hRSV_SRR24833888,243,I,OG3,N,AA
hRSV_SRR24833888,244,F,OG3,N,AA
hRSV_SRR24833888,245,A,OG3,N,AA
hRSV_SRR24833888,246,G,OG3,N,AA
hRSV_SRR24833888,247,L,OG3,N,AA
hRSV_SRR24833888,248,F,OG3,N,AA
hRSV_SRR24833888,249,M,OG3,N,AA
hRSV_SRR24833888,250,N,OG3,N,AA
hRSV_SRR24833888,251,A,OG3,N,AA
hRSV_SRR24833888,252,Y,OG3,N,AA
hRSV_SRR24833888,253,G,OG3,N,AA
hRSV_SRR24833888,254,A,OG3,N,AA
hRSV_SRR24833888,255,G,OG3,N,AA
hRSV_SRR24833888,256,Q,OG3,N,AA
hRSV_SRR24833888,257,V,OG3,N,AA
hRSV_SRR24833888,258,M,OG3,N,AA
hRSV_SRR24833888,259,L,OG3,N,AA
hRSV_SRR24833888,260,R,OG3,N,AA
hRSV_SRR24833888,261,W,OG3,N,AA
hRSV_SRR24833888,262,G,OG3,N,AA
hRSV_SRR24833888,263,V,OG3,N,AA
hRSV_SRR24833888,264,L,OG3,N,AA
hRSV_SRR24833888,265,A,OG3,N,AA
hRSV_SRR24833888,266,K,OG3,N,AA
hRSV_SRR24833888,267,S,OG3,N,AA
hRSV_SRR24833888,268,V,OG3,N,AA
hRSV_SRR24833888,269,K,OG3,N,AA
hRSV_SRR24833888,270,N,OG3,N,AA
hRSV_SRR24833888,271,I,OG3,N,AA
hRSV_SRR24833888,272,M,OG3,N,AA
hRSV_SRR24833888,273,L,OG3,N,AA
hRSV_SRR24833888,274,G,OG3,N,AA
hRSV_SRR24833888,275,H,OG3,N,AA
hRSV_SRR24833888,276,A,OG3,N,AA
hRSV_SRR24833888,277,S,OG3,N,AA
hRSV_SRR24833888,278,V,OG3,N,AA
hRSV_SRR24833888,279,Q,OG3,N,AA
hRSV_SRR24833888,280,A,OG3,N,AA
hRSV_SRR24833888,281,E,OG3,N,AA
hRSV_SRR24833888,282,M,OG3,N,AA
hRSV_SRR24833888,283,E,OG3,N,AA
hRSV_SRR24833888,284,Q,OG3,N,AA
hRSV_SRR24833888,285,V,OG3,N,AA
hRSV_SRR24833888,286,V,OG3,N,AA
hRSV_SRR24833888,287,E,OG3,N,AA
hRSV_SRR24833888,288,V,OG3,N,AA
hRSV_SRR24833888,289,Y,OG3,N,AA
hRSV_SRR24833888,290,E,OG3,N,AA
hRSV_SRR24833888,291,Y,OG3,N,AA
hRSV_SRR24833888,292,A,OG3,N,AA
hRSV_SRR24833888,293,Q,OG3,N,AA
hRSV_SRR24833888,294,K,OG3,N,AA
hRSV_SRR24833888,295,L,OG3,N,AA
hRSV_SRR24833888,296,G,OG3,N,AA
hRSV_SRR24833888,297,G,OG3,N,AA
hRSV_SRR24833888,298,E,OG3,N,AA
hRSV_SRR24833888,299,A,OG3,N,AA
hRSV_SRR24833888,300,G,OG3,N,AA
hRSV_SRR24833888,301,F,OG3,N,AA
hRSV_SRR24833888,302,Y,OG3,N,AA
hRSV_SRR24833888,303,H,OG3,N,AA
hRSV_SRR24833888,304,I,OG3,N,AA
hRSV_SRR24833888,305,L,OG3,N,AA
hRSV_SRR24833888,306,N,OG3,N,AA
hRSV_SRR24833888,307,N,OG3,N,AA
hRSV_SRR24833888,308,P,OG3,N,AA
hRSV_SRR24833888,309,K,OG3,N,AA
hRSV_SRR24833888,310,A,OG3,N,AA
hRSV_SRR24833888,311,S,OG3,N,AA
hRSV_SRR24833888,312,L,OG3,N,AA
hRSV_SRR24833888,313,L,OG3,N,AA
hRSV_SRR24833888,314,S,OG3,N,AA
hRSV_SRR24833888,315,L,OG3,N,AA
hRSV_SRR24833888,316,T,OG3,N,AA
hRSV_SRR24833888,317,Q,OG3,N,AA
hRSV_SRR24833888,318,F,OG3,N,AA
hRSV_SRR24833888,319,P,OG3,N,AA
hRSV_SRR24833888,320,H,OG3,N,AA
hRSV_SRR24833888,321,F,OG3,N,AA
hRSV_SRR24833888,322,S,OG3,N,AA
hRSV_SRR24833888,323,S,OG3,N,AA
hRSV_SRR24833888,324,V,OG3,N,AA
hRSV_SRR24833888,325,V,OG3,N,AA
hRSV_SRR24833888,326,L,OG3,N,AA
hRSV_SRR24833888,327,G,OG3,N,AA
hRSV_SRR24833888,328,N,OG3,N,AA
hRSV_SRR24833888,329,A,OG3,N,AA
hRSV_SRR24833888,330,A,OG3,N,AA
hRSV_SRR24833888,331,G,OG3,N,AA
hRSV_SRR24833888,332,L,OG3,N,AA
hRSV_SRR24833888,333,G,OG3,N,AA
hRSV_SRR24833888,334,I,OG3,N,AA
hRSV_SRR24833888,335,M,OG3,N,AA
hRSV_SRR24833888,336,G,OG3,N,AA
hRSV_SRR24833888,337,E,OG3,N,AA
hRSV_SRR24833888,338,Y,OG3,N,AA
hRSV_SRR24833888,339,R,OG3,N,AA
hRSV_SRR24833888,340,G,OG3,N,AA
hRSV_SRR24833888,341,T,OG3,N,AA
hRSV_SRR24833888,342,P,OG3,N,AA
hRSV_SRR24833888,343,R,OG3,N,AA
hRSV_SRR24833888,344,N,OG3,N,AA
hRSV_SRR24833888,345,Q,OG3,N,AA
hRSV_SRR24833888,346,D,OG3,N,AA
hRSV_SRR24833888,347,L,OG3,N,AA
hRSV_SRR24833888,348,Y,OG3,N,AA
hRSV_SRR24833888,349,D,OG3,N,AA
hRSV_SRR24833888,350,A,OG3,N,AA
hRSV_SRR24833888,351,A,OG3,N,AA
hRSV_SRR24833888,352,K,OG3,N,AA
hRSV_SRR24833888,353,A,OG3,N,AA
hRSV_SRR24833888,354,Y,OG3,N,AA
hRSV_SRR24833888,355,A,OG3,N,AA
hRSV_SRR24833888,356,E,OG3,N,AA
hRSV_SRR24833888,357,Q,OG3,N,AA
hRSV_SRR24833888,358,L,OG3,N,AA
hRSV_SRR24833888,359,K,OG3,N,AA
hRSV_SRR24833888,360,E,OG3,N,AA
hRSV_SRR24833888,361,N,OG3,N,AA
hRSV_SRR24833888,362,G,OG3,N,AA
hRSV_SRR24833888,363,V,OG3,N,AA
hRSV_SRR24833888,364,I,OG3,N,AA
hRSV_SRR24833888,365,N,OG3,N,AA
hRSV_SRR24833888,366,Y,OG3,N,AA
hRSV_SRR24833888,367,S,OG3,N,AA
hRSV_SRR24833888,368,V,OG3,N,AA
hRSV_SRR24833888,369,L,OG3,N,AA
hRSV_SRR24833888,370,D,OG3,N,AA
hRSV_SRR24833888,371,L,OG3,N,AA
hRSV_SRR24833888,372,T,OG3,N,AA
hRSV_SRR24833888,373,A,OG3,N,AA
hRSV_SRR24833888,374,E,OG3,N,AA
hRSV_SRR24833888,375,E,OG3,N,AA
hRSV_SRR24833888,376,L,OG3,N,AA
hRSV_SRR24833888,377,E,OG3,N,AA
hRSV_SRR24833888,378,A,OG3,N,AA
hRSV_SRR24833888,379,I,OG3,N,AA
hRSV_SRR24833888,380,K,OG3,N,AA
hRSV_SRR24833888,381,H,OG3,N,AA
hRSV_SRR24833888,382,Q,OG3,N,AA
hRSV_SRR24833888,383,L,OG3,N,AA
hRSV_SRR24833888,384,N,OG3,N,AA
hRSV_SRR24833888,385,P,OG3,N,AA
hRSV_SRR24833888,386,K,OG3,N,AA
hRSV_SRR24833888,387,D,OG3,N,AA
hRSV_SRR24833888,388,-,OG3,N,AA
hRSV_SRR24833888,389,-,OG3,N,AA
hRSV_SRR24833888,390,-,OG3,N,AA
hRSV_SRR24833888,391,N,OG3,N,AA
hRSV_SRR24833888,392,D,OG3,N,AA
hRSV_SRR24833888,393,V,OG3,N,AA
hRSV_SRR24833888,394,E,OG3,N,AA
hRSV_SRR24833888,395,L,OG3,N,AA
hRSV_SRR24833879,1,M,OG3,N,AA
hRSV_SRR24833879,2,A,OG3,N,AA
hRSV_SRR24833879,3,L,OG3,N,AA
hRSV_SRR24833879,4,S,OG3,N,AA
hRSV_SRR24833879,5,K,OG3,N,AA
hRSV_SRR24833879,6,V,OG3,N,AA
hRSV_SRR24833879,7,K,OG3,N,AA
hRSV_SRR24833879,8,L,OG3,N,AA
hRSV_SRR24833879,9,N,OG3,N,AA
hRSV_SRR24833879,10,D,OG3,N,AA
hRSV_SRR24833879,11,T,OG3,N,AA
hRSV_SRR24833879,12,L,OG3,N,AA
hRSV_SRR24833879,13,N,OG3,N,AA
hRSV_SRR24833879,14,K,OG3,N,AA
hRSV_SRR24833879,15,D,OG3,N,AA
hRSV_SRR24833879,16,Q,OG3,N,AA
hRSV_SRR24833879,17,L,OG3,N,AA
hRSV_SRR24833879,18,L,OG3,N,AA
hRSV_SRR24833879,19,S,OG3,N,AA
hRSV_SRR24833879,20,S,OG3,N,AA
hRSV_SRR24833879,21,S,OG3,N,AA
hRSV_SRR24833879,22,K,OG3,N,AA
hRSV_SRR24833879,23,Y,OG3,N,AA
hRSV_SRR24833879,24,T,OG3,N,AA
hRSV_SRR24833879,25,I,OG3,N,AA
hRSV_SRR24833879,26,Q,OG3,N,AA
hRSV_SRR24833879,27,R,OG3,N,AA
hRSV_SRR24833879,28,S,OG3,N,AA
hRSV_SRR24833879,29,T,OG3,N,AA
hRSV_SRR24833879,30,G,OG3,N,AA
hRSV_SRR24833879,31,D,OG3,N,AA
hRSV_SRR24833879,32,S,OG3,N,AA
hRSV_SRR24833879,33,I,OG3,N,AA
hRSV_SRR24833879,34,D,OG3,N,AA
hRSV_SRR24833879,35,T,OG3,N,AA
hRSV_SRR24833879,36,P,OG3,N,AA
hRSV_SRR24833879,37,N,OG3,N,AA
hRSV_SRR24833879,38,Y,OG3,N,AA
hRSV_SRR24833879,39,D,OG3,N,AA
hRSV_SRR24833879,40,V,OG3,N,AA
hRSV_SRR24833879,41,Q,OG3,N,AA
hRSV_SRR24833879,42,K,OG3,N,AA
hRSV_SRR24833879,43,H,OG3,N,AA
hRSV_SRR24833879,44,I,OG3,N,AA
hRSV_SRR24833879,45,N,OG3,N,AA
hRSV_SRR24833879,46,K,OG3,N,AA
hRSV_SRR24833879,47,L,OG3,N,AA
hRSV_SRR24833879,48,C,OG3,N,AA
hRSV_SRR24833879,49,G,OG3,N,AA
hRSV_SRR24833879,50,M,OG3,N,AA
hRSV_SRR24833879,51,L,OG3,N,AA
hRSV_SRR24833879,52,L,OG3,N,AA
hRSV_SRR24833879,53,I,OG3,N,AA
hRSV_SRR24833879,54,T,OG3,N,AA
hRSV_SRR24833879,55,E,OG3,N,AA
hRSV_SRR24833879,56,D,OG3,N,AA
hRSV_SRR24833879,57,A,OG3,N,AA
hRSV_SRR24833879,58,N,OG3,N,AA
hRSV_SRR24833879,59,H,OG3,N,AA
hRSV_SRR24833879,60,K,OG3,N,AA
hRSV_SRR24833879,61,F,OG3,N,AA
hRSV_SRR24833879,62,T,OG3,N,AA
hRSV_SRR24833879,63,G,OG3,N,AA
hRSV_SRR24833879,64,L,OG3,N,AA
hRSV_SRR24833879,65,I,OG3,N,AA
hRSV_SRR24833879,66,G,OG3,N,AA
hRSV_SRR24833879,67,M,OG3,N,AA
hRSV_SRR24833879,68,L,OG3,N,AA
hRSV_SRR24833879,69,Y,OG3,N,AA
hRSV_SRR24833879,70,A,OG3,N,AA
hRSV_SRR24833879,71,M,OG3,N,AA
hRSV_SRR24833879,72,S,OG3,N,AA
hRSV_SRR24833879,73,R,OG3,N,AA
hRSV_SRR24833879,74,L,OG3,N,AA
hRSV_SRR24833879,75,G,OG3,N,AA
hRSV_SRR24833879,76,R,OG3,N,AA
hRSV_SRR24833879,77,E,OG3,N,AA
hRSV_SRR24833879,78,D,OG3,N,AA
hRSV_SRR24833879,79,T,OG3,N,AA
hRSV_SRR24833879,80,I,OG3,N,AA
hRSV_SRR24833879,81,K,OG3,N,AA
hRSV_SRR24833879,82,I,OG3,N,AA
hRSV_SRR24833879,83,L,OG3,N,AA
hRSV_SRR24833879,84,K,OG3,N,AA
hRSV_SRR24833879,85,D,OG3,N,AA
hRSV_SRR24833879,86,A,OG3,N,AA
hRSV_SRR24833879,87,G,OG3,N,AA
hRSV_SRR24833879,88,Y,OG3,N,AA
hRSV_SRR24833879,89,H,OG3,N,AA
hRSV_SRR24833879,90,V,OG3,N,AA
hRSV_SRR24833879,91,K,OG3,N,AA
hRSV_SRR24833879,92,A,OG3,N,AA
hRSV_SRR24833879,93,N,OG3,N,AA
hRSV_SRR24833879,94,G,OG3,N,AA
hRSV_SRR24833879,95,V,OG3,N,AA
hRSV_SRR24833879,96,D,OG3,N,AA
hRSV_SRR24833879,97,V,OG3,N,AA
hRSV_SRR24833879,98,T,OG3,N,AA
hRSV_SRR24833879,99,T,OG3,N,AA
hRSV_SRR24833879,100,H,OG3,N,AA
hRSV_SRR24833879,101,R,OG3,N,AA
hRSV_SRR24833879,102,Q,OG3,N,AA
hRSV_SRR24833879,103,D,OG3,N,AA
hRSV_SRR24833879,104,I,OG3,N,AA
hRSV_SRR24833879,105,N,OG3,N,AA
hRSV_SRR24833879,106,G,OG3,N,AA
hRSV_SRR24833879,107,K,OG3,N,AA
hRSV_SRR24833879,108,E,OG3,N,AA
hRSV_SRR24833879,109,M,OG3,N,AA
hRSV_SRR24833879,110,K,OG3,N,AA
hRSV_SRR24833879,111,F,OG3,N,AA
hRSV_SRR24833879,112,E,OG3,N,AA
hRSV_SRR24833879,113,V,OG3,N,AA
hRSV_SRR24833879,114,L,OG3,N,AA
hRSV_SRR24833879,115,T,OG3,N,AA
hRSV_SRR24833879,116,L,OG3,N,AA
hRSV_SRR24833879,117,A,OG3,N,AA
hRSV_SRR24833879,118,S,OG3,N,AA
hRSV_SRR24833879,119,L,OG3,N,AA
hRSV_SRR24833879,120,T,OG3,N,AA
hRSV_SRR24833879,121,T,OG3,N,AA
hRSV_SRR24833879,122,E,OG3,N,AA
hRSV_SRR24833879,123,I,OG3,N,AA
hRSV_SRR24833879,124,Q,OG3,N,AA
hRSV_SRR24833879,125,I,OG3,N,AA
hRSV_SRR24833879,126,N,OG3,N,AA
hRSV_SRR24833879,127,I,OG3,N,AA
hRSV_SRR24833879,128,E,OG3,N,AA
hRSV_SRR24833879,129,I,OG3,N,AA
hRSV_SRR24833879,130,E,OG3,N,AA
hRSV_SRR24833879,131,S,OG3,N,AA
hRSV_SRR24833879,132,R,OG3,N,AA
hRSV_SRR24833879,133,K,OG3,N,AA
hRSV_SRR24833879,134,S,OG3,N,AA
hRSV_SRR24833879,135,Y,OG3,N,AA
hRSV_SRR24833879,136,K,OG3,N,AA
hRSV_SRR24833879,137,K,OG3,N,AA
hRSV_SRR24833879,138,M,OG3,N,AA
hRSV_SRR24833879,139,L,OG3,N,AA
hRSV_SRR24833879,140,K,OG3,N,AA
hRSV_SRR24833879,141,E,OG3,N,AA
hRSV_SRR24833879,142,-,OG3,N,AA
hRSV_SRR24833879,143,M,OG3,N,AA
hRSV_SRR24833879,144,G,OG3,N,AA
hRSV_SRR24833879,145,E,OG3,N,AA
hRSV_SRR24833879,146,V,OG3,N,AA
hRSV_SRR24833879,147,A,OG3,N,AA
hRSV_SRR24833879,148,P,OG3,N,AA
hRSV_SRR24833879,149,E,OG3,N,AA
hRSV_SRR24833879,150,Y,OG3,N,AA
hRSV_SRR24833879,151,R,OG3,N,AA
hRSV_SRR24833879,152,H,OG3,N,AA
hRSV_SRR24833879,153,D,OG3,N,AA
hRSV_SRR24833879,154,S,OG3,N,AA
hRSV_SRR24833879,155,P,OG3,N,AA
hRSV_SRR24833879,156,D,OG3,N,AA
hRSV_SRR24833879,157,C,OG3,N,AA
hRSV_SRR24833879,158,G,OG3,N,AA
hRSV_SRR24833879,159,M,OG3,N,AA
hRSV_SRR24833879,160,I,OG3,N,AA
hRSV_SRR24833879,161,I,OG3,N,AA
hRSV_SRR24833879,162,L,OG3,N,AA
hRSV_SRR24833879,163,C,OG3,N,AA
hRSV_SRR24833879,164,I,OG3,N,AA
hRSV_SRR24833879,165,A,OG3,N,AA
hRSV_SRR24833879,166,A,OG3,N,AA
hRSV_SRR24833879,167,L,OG3,N,AA
hRSV_SRR24833879,168,V,OG3,N,AA
hRSV_SRR24833879,169,I,OG3,N,AA
hRSV_SRR24833879,170,T,OG3,N,AA
hRSV_SRR24833879,171,K,OG3,N,AA
hRSV_SRR24833879,172,L,OG3,N,AA
hRSV_SRR24833879,173,A,OG3,N,AA
hRSV_SRR24833879,174,A,OG3,N,AA
hRSV_SRR24833879,175,G,OG3,N,AA
hRSV_SRR24833879,176,D,OG3,N,AA
hRSV_SRR24833879,177,R,OG3,N,AA
hRSV_SRR24833879,178,S,OG3,N,AA
hRSV_SRR24833879,179,G,OG3,N,AA
hRSV_SRR24833879,180,L,OG3,N,AA
hRSV_SRR24833879,181,T,OG3,N,AA
hRSV_SRR24833879,182,A,OG3,N,AA
hRSV_SRR24833879,183,V,OG3,N,AA
hRSV_SRR24833879,184,I,OG3,N,AA
hRSV_SRR24833879,185,R,OG3,N,AA
hRSV_SRR24833879,186,R,OG3,N,AA
hRSV_SRR24833879,187,A,OG3,N,AA
hRSV_SRR24833879,188,N,OG3,N,AA
hRSV_SRR24833879,189,N,OG3,N,AA
hRSV_SRR24833879,190,V,OG3,N,AA
hRSV_SRR24833879,191,L,OG3,N,AA
hRSV_SRR24833879,192,K,OG3,N,AA
hRSV_SRR24833879,193,N,OG3,N,AA
hRSV_SRR24833879,194,E,OG3,N,AA
hRSV_SRR24833879,195,M,OG3,N,AA
hRSV_SRR24833879,196,K,OG3,N,AA
hRSV_SRR24833879,197,R,OG3,N,AA
hRSV_SRR24833879,198,Y,OG3,N,AA
hRSV_SRR24833879,199,K,OG3,N,AA
hRSV_SRR24833879,200,G,OG3,N,AA
hRSV_SRR24833879,201,L,OG3,N,AA
hRSV_SRR24833879,202,L,OG3,N,AA
hRSV_SRR24833879,203,P,OG3,N,AA
hRSV_SRR24833879,204,K,OG3,N,AA
hRSV_SRR24833879,205,D,OG3,N,AA
hRSV_SRR24833879,206,I,OG3,N,AA
hRSV_SRR24833879,207,A,OG3,N,AA
hRSV_SRR24833879,208,N,OG3,N,AA
hRSV_SRR24833879,209,S,OG3,N,AA
hRSV_SRR24833879,210,F,OG3,N,AA
hRSV_SRR24833879,211,Y,OG3,N,AA
hRSV_SRR24833879,212,E,OG3,N,AA
hRSV_SRR24833879,213,V,OG3,N,AA
hRSV_SRR24833879,214,F,OG3,N,AA
hRSV_SRR24833879,215,E,OG3,N,AA
hRSV_SRR24833879,216,K,OG3,N,AA
hRSV_SRR24833879,217,Y,OG3,N,AA
hRSV_SRR24833879,218,P,OG3,N,AA
hRSV_SRR24833879,219,H,OG3,N,AA
hRSV_SRR24833879,220,F,OG3,N,AA
hRSV_SRR24833879,221,I,OG3,N,AA
hRSV_SRR24833879,222,D,OG3,N,AA
hRSV_SRR24833879,223,V,OG3,N,AA
hRSV_SRR24833879,224,F,OG3,N,AA
hRSV_SRR24833879,225,V,OG3,N,AA
hRSV_SRR24833879,226,H,OG3,N,AA
hRSV_SRR24833879,227,F,OG3,N,AA
hRSV_SRR24833879,228,G,OG3,N,AA
hRSV_SRR24833879,229,I,OG3,N,AA
hRSV_SRR24833879,230,A,OG3,N,AA
hRSV_SRR24833879,231,Q,OG3,N,AA
hRSV_SRR24833879,232,S,OG3,N,AA
hRSV_SRR24833879,233,S,OG3,N,AA
hRSV_SRR24833879,234,T,OG3,N,AA
hRSV_SRR24833879,235,R,OG3,N,AA
hRSV_SRR24833879,236,G,OG3,N,AA
hRSV_SRR24833879,237,G,OG3,N,AA
hRSV_SRR24833879,238,S,OG3,N,AA
hRSV_SRR24833879,239,R,OG3,N,AA
hRSV_SRR24833879,240,V,OG3,N,AA
hRSV_SRR24833879,241,E,OG3,N,AA
hRSV_SRR24833879,242,G,OG3,N,AA
hRSV_SRR24833879,243,I,OG3,N,AA
hRSV_SRR24833879,244,F,OG3,N,AA
hRSV_SRR24833879,245,A,OG3,N,AA
hRSV_SRR24833879,246,G,OG3,N,AA
hRSV_SRR24833879,247,L,OG3,N,AA
hRSV_SRR24833879,248,F,OG3,N,AA
hRSV_SRR24833879,249,M,OG3,N,AA
hRSV_SRR24833879,250,N,OG3,N,AA
hRSV_SRR24833879,251,A,OG3,N,AA
hRSV_SRR24833879,252,Y,OG3,N,AA
hRSV_SRR24833879,253,G,OG3,N,AA
hRSV_SRR24833879,254,A,OG3,N,AA
hRSV_SRR24833879,255,G,OG3,N,AA
hRSV_SRR24833879,256,Q,OG3,N,AA
hRSV_SRR24833879,257,V,OG3,N,AA
hRSV_SRR24833879,258,M,OG3,N,AA
hRSV_SRR24833879,259,L,OG3,N,AA
hRSV_SRR24833879,260,R,OG3,N,AA
hRSV_SRR24833879,261,W,OG3,N,AA
hRSV_SRR24833879,262,G,OG3,N,AA
hRSV_SRR24833879,263,V,OG3,N,AA
hRSV_SRR24833879,264,L,OG3,N,AA
hRSV_SRR24833879,265,A,OG3,N,AA
hRSV_SRR24833879,266,K,OG3,N,AA
hRSV_SRR24833879,267,S,OG3,N,AA
hRSV_SRR24833879,268,V,OG3,N,AA
hRSV_SRR24833879,269,K,OG3,N,AA
hRSV_SRR24833879,270,N,OG3,N,AA
hRSV_SRR24833879,271,I,OG3,N,AA
hRSV_SRR24833879,272,M,OG3,N,AA
hRSV_SRR24833879,273,L,OG3,N,AA
hRSV_SRR24833879,274,G,OG3,N,AA
hRSV_SRR24833879,275,H,OG3,N,AA
hRSV_SRR24833879,276,A,OG3,N,AA
hRSV_SRR24833879,277,S,OG3,N,AA
hRSV_SRR24833879,278,V,OG3,N,AA
hRSV_SRR24833879,279,Q,OG3,N,AA
hRSV_SRR24833879,280,A,OG3,N,AA
hRSV_SRR24833879,281,E,OG3,N,AA
hRSV_SRR24833879,282,M,OG3,N,AA
hRSV_SRR24833879,283,E,OG3,N,AA
hRSV_SRR24833879,284,Q,OG3,N,AA
hRSV_SRR24833879,285,V,OG3,N,AA
hRSV_SRR24833879,286,V,OG3,N,AA
hRSV_SRR24833879,287,E,OG3,N,AA
hRSV_SRR24833879,288,V,OG3,N,AA
hRSV_SRR24833879,289,Y,OG3,N,AA
hRSV_SRR24833879,290,E,OG3,N,AA
hRSV_SRR24833879,291,Y,OG3,N,AA
hRSV_SRR24833879,292,A,OG3,N,AA
hRSV_SRR24833879,293,Q,OG3,N,AA
hRSV_SRR24833879,294,K,OG3,N,AA
hRSV_SRR24833879,295,L,OG3,N,AA
hRSV_SRR24833879,296,G,OG3,N,AA
hRSV_SRR24833879,297,G,OG3,N,AA
hRSV_SRR24833879,298,E,OG3,N,AA
hRSV_SRR24833879,299,A,OG3,N,AA
hRSV_SRR24833879,300,G,OG3,N,AA
hRSV_SRR24833879,301,F,OG3,N,AA
hRSV_SRR24833879,302,Y,OG3,N,AA
hRSV_SRR24833879,303,H,OG3,N,AA
hRSV_SRR24833879,304,I,OG3,N,AA
hRSV_SRR24833879,305,L,OG3,N,AA
hRSV_SRR24833879,306,N,OG3,N,AA
hRSV_SRR24833879,307,N,OG3,N,AA
hRSV_SRR24833879,308,P,OG3,N,AA
hRSV_SRR24833879,309,K,OG3,N,AA
hRSV_SRR24833879,310,A,OG3,N,AA
hRSV_SRR24833879,311,S,OG3,N,AA
hRSV_SRR24833879,312,L,OG3,N,AA
hRSV_SRR24833879,313,L,OG3,N,AA
hRSV_SRR24833879,314,S,OG3,N,AA
hRSV_SRR24833879,315,L,OG3,N,AA
hRSV_SRR24833879,316,T,OG3,N,AA
hRSV_SRR24833879,317,Q,OG3,N,AA
hRSV_SRR24833879,318,F,OG3,N,AA
hRSV_SRR24833879,319,P,OG3,N,AA
hRSV_SRR24833879,320,H,OG3,N,AA
hRSV_SRR24833879,321,F,OG3,N,AA
hRSV_SRR24833879,322,S,OG3,N,AA
hRSV_SRR24833879,323,S,OG3,N,AA
hRSV_SRR24833879,324,V,OG3,N,AA
hRSV_SRR24833879,325,V,OG3,N,AA
hRSV_SRR24833879,326,L,OG3,N,AA
hRSV_SRR24833879,327,G,OG3,N,AA
hRSV_SRR24833879,328,N,OG3,N,AA
hRSV_SRR24833879,329,A,OG3,N,AA
hRSV_SRR24833879,330,A,OG3,N,AA
hRSV_SRR24833879,331,G,OG3,N,AA
hRSV_SRR24833879,332,L,OG3,N,AA
hRSV_SRR24833879,333,G,OG3,N,AA
hRSV_SRR24833879,334,I,OG3,N,AA
hRSV_SRR24833879,335,M,OG3,N,AA
hRSV_SRR24833879,336,G,OG3,N,AA
hRSV_SRR24833879,337,E,OG3,N,AA
hRSV_SRR24833879,338,Y,OG3,N,AA
hRSV_SRR24833879,339,R,OG3,N,AA
hRSV_SRR24833879,340,G,OG3,N,AA
hRSV_SRR24833879,341,T,OG3,N,AA
hRSV_SRR24833879,342,P,OG3,N,AA
hRSV_SRR24833879,343,R,OG3,N,AA
hRSV_SRR24833879,344,N,OG3,N,AA
hRSV_SRR24833879,345,Q,OG3,N,AA
hRSV_SRR24833879,346,D,OG3,N,AA
hRSV_SRR24833879,347,L,OG3,N,AA
hRSV_SRR24833879,348,Y,OG3,N,AA
hRSV_SRR24833879,349,D,OG3,N,AA
hRSV_SRR24833879,350,A,OG3,N,AA
hRSV_SRR24833879,351,A,OG3,N,AA
hRSV_SRR24833879,352,K,OG3,N,AA
hRSV_SRR24833879,353,A,OG3,N,AA
hRSV_SRR24833879,354,Y,OG3,N,AA
hRSV_SRR24833879,355,A,OG3,N,AA
hRSV_SRR24833879,356,E,OG3,N,AA
hRSV_SRR24833879,357,Q,OG3,N,AA
hRSV_SRR24833879,358,L,OG3,N,AA
hRSV_SRR24833879,359,K,OG3,N,AA
hRSV_SRR24833879,360,E,OG3,N,AA
hRSV_SRR24833879,361,N,OG3,N,AA
hRSV_SRR24833879,362,G,OG3,N,AA
hRSV_SRR24833879,363,V,OG3,N,AA
hRSV_SRR24833879,364,I,OG3,N,AA
hRSV_SRR24833879,365,N,OG3,N,AA
hRSV_SRR24833879,366,Y,OG3,N,AA
hRSV_SRR24833879,367,S,OG3,N,AA
hRSV_SRR24833879,368,V,OG3,N,AA
hRSV_SRR24833879,369,L,OG3,N,AA
hRSV_SRR24833879,370,D,OG3,N,AA
hRSV_SRR24833879,371,L,OG3,N,AA
hRSV_SRR24833879,372,T,OG3,N,AA
hRSV_SRR24833879,373,A,OG3,N,AA
hRSV_SRR24833879,374,E,OG3,N,AA
hRSV_SRR24833879,375,E,OG3,N,AA
hRSV_SRR24833879,376,L,OG3,N,AA
hRSV_SRR24833879,377,E,OG3,N,AA
hRSV_SRR24833879,378,A,OG3,N,AA
hRSV_SRR24833879,379,I,OG3,N,AA
hRSV_SRR24833879,380,K,OG3,N,AA
hRSV_SRR24833879,381,H,OG3,N,AA
hRSV_SRR24833879,382,Q,OG3,N,AA
hRSV_SRR24833879,383,L,OG3,N,AA
hRSV_SRR24833879,384,N,OG3,N,AA
hRSV_SRR24833879,385,P,OG3,N,AA
hRSV_SRR24833879,386,K,OG3,N,AA
hRSV_SRR24833879,387,D,OG3,N,AA
hRSV_SRR24833879,388,-,OG3,N,AA
hRSV_SRR24833879,389,-,OG3,N,AA
hRSV_SRR24833879,390,-,OG3,N,AA
hRSV_SRR24833879,391,N,OG3,N,AA
hRSV_SRR24833879,392,D,OG3,N,AA
hRSV_SRR24833879,393,V,OG3,N,AA
hRSV_SRR24833879,394,E,OG3,N,AA
hRSV_SRR24833879,395,L,OG3,N,AA
hRSV_SRR24833895,1,X,OG3,N,AA
hRSV_SRR24833895,2,X,OG3,N,AA
hRSV_SRR24833895,3,X,OG3,N,AA
hRSV_SRR24833895,4,X,OG3,N,AA
hRSV_SRR24833895,5,X,OG3,N,AA
hRSV_SRR24833895,6,X,OG3,N,AA
hRSV_SRR24833895,7,X,OG3,N,AA
hRSV_SRR24833895,8,X,OG3,N,AA
hRSV_SRR24833895,9,X,OG3,N,AA
hRSV_SRR24833895,10,X,OG3,N,AA
hRSV_SRR24833895,11,T,OG3,N,AA
hRSV_SRR24833895,12,L,OG3,N,AA
hRSV_SRR24833895,13,N,OG3,N,AA
hRSV_SRR24833895,14,K,OG3,N,AA
hRSV_SRR24833895,15,D,OG3,N,AA
hRSV_SRR24833895,16,X,OG3,N,AA
hRSV_SRR24833895,17,X,OG3,N,AA
hRSV_SRR24833895,18,L,OG3,N,AA
hRSV_SRR24833895,19,S,OG3,N,AA
hRSV_SRR24833895,20,S,OG3,N,AA
hRSV_SRR24833895,21,S,OG3,N,AA
hRSV_SRR24833895,22,X,OG3,N,AA
hRSV_SRR24833895,23,X,OG3,N,AA
hRSV_SRR24833895,24,X,OG3,N,AA
hRSV_SRR24833895,25,I,OG3,N,AA
hRSV_SRR24833895,26,X,OG3,N,AA
hRSV_SRR24833895,27,X,OG3,N,AA
hRSV_SRR24833895,28,X,OG3,N,AA
hRSV_SRR24833895,29,X,OG3,N,AA
hRSV_SRR24833895,30,G,OG3,N,AA
hRSV_SRR24833895,31,D,OG3,N,AA
hRSV_SRR24833895,32,S,OG3,N,AA
hRSV_SRR24833895,33,X,OG3,N,AA
hRSV_SRR24833895,34,X,OG3,N,AA
hRSV_SRR24833895,35,X,OG3,N,AA
hRSV_SRR24833895,36,X,OG3,N,AA
hRSV_SRR24833895,37,X,OG3,N,AA
hRSV_SRR24833895,38,X,OG3,N,AA
hRSV_SRR24833895,39,X,OG3,N,AA
hRSV_SRR24833895,40,X,OG3,N,AA
hRSV_SRR24833895,41,X,OG3,N,AA
hRSV_SRR24833895,42,X,OG3,N,AA
hRSV_SRR24833895,43,X,OG3,N,AA
hRSV_SRR24833895,44,X,OG3,N,AA
hRSV_SRR24833895,45,X,OG3,N,AA
hRSV_SRR24833895,46,X,OG3,N,AA
hRSV_SRR24833895,47,X,OG3,N,AA
hRSV_SRR24833895,48,X,OG3,N,AA
hRSV_SRR24833895,49,X,OG3,N,AA
hRSV_SRR24833895,50,X,OG3,N,AA
hRSV_SRR24833895,51,X,OG3,N,AA
hRSV_SRR24833895,52,X,OG3,N,AA
hRSV_SRR24833895,53,X,OG3,N,AA
hRSV_SRR24833895,54,X,OG3,N,AA
hRSV_SRR24833895,55,X,OG3,N,AA
hRSV_SRR24833895,56,X,OG3,N,AA
hRSV_SRR24833895,57,X,OG3,N,AA
hRSV_SRR24833895,58,X,OG3,N,AA
hRSV_SRR24833895,59,X,OG3,N,AA
hRSV_SRR24833895,60,X,OG3,N,AA
hRSV_SRR24833895,61,X,OG3,N,AA
hRSV_SRR24833895,62,X,OG3,N,AA
hRSV_SRR24833895,63,X,OG3,N,AA
hRSV_SRR24833895,64,X,OG3,N,AA
hRSV_SRR24833895,65,X,OG3,N,AA
hRSV_SRR24833895,66,X,OG3,N,AA
hRSV_SRR24833895,67,X,OG3,N,AA
hRSV_SRR24833895,68,X,OG3,N,AA
hRSV_SRR24833895,69,X,OG3,N,AA
hRSV_SRR24833895,70,X,OG3,N,AA
hRSV_SRR24833895,71,X,OG3,N,AA
hRSV_SRR24833895,72,X,OG3,N,AA
hRSV_SRR24833895,73,X,OG3,N,AA
hRSV_SRR24833895,74,L,OG3,N,AA
hRSV_SRR24833895,75,G,OG3,N,AA
hRSV_SRR24833895,76,R,OG3,N,AA
hRSV_SRR24833895,77,E,OG3,N,AA
hRSV_SRR24833895,78,D,OG3,N,AA
hRSV_SRR24833895,79,T,OG3,N,AA
hRSV_SRR24833895,80,I,OG3,N,AA
hRSV_SRR24833895,81,K,OG3,N,AA
hRSV_SRR24833895,82,I,OG3,N,AA
hRSV_SRR24833895,83,L,OG3,N,AA
hRSV_SRR24833895,84,K,OG3,N,AA
hRSV_SRR24833895,85,D,OG3,N,AA
hRSV_SRR24833895,86,A,OG3,N,AA
hRSV_SRR24833895,87,G,OG3,N,AA
hRSV_SRR24833895,88,Y,OG3,N,AA
hRSV_SRR24833895,89,H,OG3,N,AA
hRSV_SRR24833895,90,V,OG3,N,AA
hRSV_SRR24833895,91,K,OG3,N,AA
hRSV_SRR24833895,92,A,OG3,N,AA
hRSV_SRR24833895,93,N,OG3,N,AA
hRSV_SRR24833895,94,G,OG3,N,AA
hRSV_SRR24833895,95,V,OG3,N,AA
hRSV_SRR24833895,96,D,OG3,N,AA
hRSV_SRR24833895,97,V,OG3,N,AA
hRSV_SRR24833895,98,T,OG3,N,AA
hRSV_SRR24833895,99,T,OG3,N,AA
hRSV_SRR24833895,100,H,OG3,N,AA
hRSV_SRR24833895,101,R,OG3,N,AA
hRSV_SRR24833895,102,Q,OG3,N,AA
hRSV_SRR24833895,103,D,OG3,N,AA
hRSV_SRR24833895,104,I,OG3,N,AA
hRSV_SRR24833895,105,N,OG3,N,AA
hRSV_SRR24833895,106,G,OG3,N,AA
hRSV_SRR24833895,107,K,OG3,N,AA
hRSV_SRR24833895,108,E,OG3,N,AA
hRSV_SRR24833895,109,M,OG3,N,AA
hRSV_SRR24833895,110,K,OG3,N,AA
hRSV_SRR24833895,111,F,OG3,N,AA
hRSV_SRR24833895,112,E,OG3,N,AA
hRSV_SRR24833895,113,V,OG3,N,AA
hRSV_SRR24833895,114,L,OG3,N,AA
hRSV_SRR24833895,115,T,OG3,N,AA
hRSV_SRR24833895,116,L,OG3,N,AA
hRSV_SRR24833895,117,A,OG3,N,AA
hRSV_SRR24833895,118,S,OG3,N,AA
hRSV_SRR24833895,119,L,OG3,N,AA
hRSV_SRR24833895,120,T,OG3,N,AA
hRSV_SRR24833895,121,T,OG3,N,AA
hRSV_SRR24833895,122,E,OG3,N,AA
hRSV_SRR24833895,123,I,OG3,N,AA
hRSV_SRR24833895,124,Q,OG3,N,AA
hRSV_SRR24833895,125,I,OG3,N,AA
hRSV_SRR24833895,126,N,OG3,N,AA
hRSV_SRR24833895,127,I,OG3,N,AA
hRSV_SRR24833895,128,E,OG3,N,AA
hRSV_SRR24833895,129,I,OG3,N,AA
hRSV_SRR24833895,130,E,OG3,N,AA
hRSV_SRR24833895,131,S,OG3,N,AA
hRSV_SRR24833895,132,R,OG3,N,AA
hRSV_SRR24833895,133,K,OG3,N,AA
hRSV_SRR24833895,134,S,OG3,N,AA
hRSV_SRR24833895,135,Y,OG3,N,AA
hRSV_SRR24833895,136,K,OG3,N,AA
hRSV_SRR24833895,137,K,OG3,N,AA
hRSV_SRR24833895,138,M,OG3,N,AA
hRSV_SRR24833895,139,L,OG3,N,AA
hRSV_SRR24833895,140,K,OG3,N,AA
hRSV_SRR24833895,141,E,OG3,N,AA
hRSV_SRR24833895,142,-,OG3,N,AA
hRSV_SRR24833895,143,M,OG3,N,AA
hRSV_SRR24833895,144,G,OG3,N,AA
hRSV_SRR24833895,145,E,OG3,N,AA
hRSV_SRR24833895,146,V,OG3,N,AA
hRSV_SRR24833895,147,A,OG3,N,AA
hRSV_SRR24833895,148,P,OG3,N,AA
hRSV_SRR24833895,149,E,OG3,N,AA
hRSV_SRR24833895,150,Y,OG3,N,AA
hRSV_SRR24833895,151,R,OG3,N,AA
hRSV_SRR24833895,152,H,OG3,N,AA
hRSV_SRR24833895,153,D,OG3,N,AA
hRSV_SRR24833895,154,S,OG3,N,AA
hRSV_SRR24833895,155,P,OG3,N,AA
hRSV_SRR24833895,156,D,OG3,N,AA
hRSV_SRR24833895,157,C,OG3,N,AA
hRSV_SRR24833895,158,G,OG3,N,AA
hRSV_SRR24833895,159,M,OG3,N,AA
hRSV_SRR24833895,160,I,OG3,N,AA
hRSV_SRR24833895,161,I,OG3,N,AA
hRSV_SRR24833895,162,L,OG3,N,AA
hRSV_SRR24833895,163,C,OG3,N,AA
hRSV_SRR24833895,164,I,OG3,N,AA
hRSV_SRR24833895,165,A,OG3,N,AA
hRSV_SRR24833895,166,A,OG3,N,AA
hRSV_SRR24833895,167,L,OG3,N,AA
hRSV_SRR24833895,168,V,OG3,N,AA
hRSV_SRR24833895,169,I,OG3,N,AA
hRSV_SRR24833895,170,T,OG3,N,AA
hRSV_SRR24833895,171,K,OG3,N,AA
hRSV_SRR24833895,172,L,OG3,N,AA
hRSV_SRR24833895,173,A,OG3,N,AA
hRSV_SRR24833895,174,A,OG3,N,AA
hRSV_SRR24833895,175,G,OG3,N,AA
hRSV_SRR24833895,176,D,OG3,N,AA
hRSV_SRR24833895,177,R,OG3,N,AA
hRSV_SRR24833895,178,S,OG3,N,AA
hRSV_SRR24833895,179,G,OG3,N,AA
hRSV_SRR24833895,180,L,OG3,N,AA
hRSV_SRR24833895,181,T,OG3,N,AA
hRSV_SRR24833895,182,A,OG3,N,AA
hRSV_SRR24833895,183,V,OG3,N,AA
hRSV_SRR24833895,184,I,OG3,N,AA
hRSV_SRR24833895,185,R,OG3,N,AA
hRSV_SRR24833895,186,R,OG3,N,AA
hRSV_SRR24833895,187,A,OG3,N,AA
hRSV_SRR24833895,188,N,OG3,N,AA
hRSV_SRR24833895,189,N,OG3,N,AA
hRSV_SRR24833895,190,V,OG3,N,AA
hRSV_SRR24833895,191,L,OG3,N,AA
hRSV_SRR24833895,192,K,OG3,N,AA
hRSV_SRR24833895,193,N,OG3,N,AA
hRSV_SRR24833895,194,E,OG3,N,AA
hRSV_SRR24833895,195,M,OG3,N,AA
hRSV_SRR24833895,196,K,OG3,N,AA
hRSV_SRR24833895,197,R,OG3,N,AA
hRSV_SRR24833895,198,Y,OG3,N,AA
hRSV_SRR24833895,199,K,OG3,N,AA
hRSV_SRR24833895,200,G,OG3,N,AA
hRSV_SRR24833895,201,L,OG3,N,AA
hRSV_SRR24833895,202,L,OG3,N,AA
hRSV_SRR24833895,203,P,OG3,N,AA
hRSV_SRR24833895,204,K,OG3,N,AA
hRSV_SRR24833895,205,D,OG3,N,AA
hRSV_SRR24833895,206,I,OG3,N,AA
hRSV_SRR24833895,207,A,OG3,N,AA
hRSV_SRR24833895,208,N,OG3,N,AA
hRSV_SRR24833895,209,S,OG3,N,AA
hRSV_SRR24833895,210,F,OG3,N,AA
hRSV_SRR24833895,211,Y,OG3,N,AA
hRSV_SRR24833895,212,E,OG3,N,AA
hRSV_SRR24833895,213,V,OG3,N,AA
hRSV_SRR24833895,214,F,OG3,N,AA
hRSV_SRR24833895,215,E,OG3,N,AA
hRSV_SRR24833895,216,K,OG3,N,AA
hRSV_SRR24833895,217,Y,OG3,N,AA
hRSV_SRR24833895,218,P,OG3,N,AA
hRSV_SRR24833895,219,H,OG3,N,AA
hRSV_SRR24833895,220,F,OG3,N,AA
hRSV_SRR24833895,221,I,OG3,N,AA
hRSV_SRR24833895,222,D,OG3,N,AA
hRSV_SRR24833895,223,V,OG3,N,AA
hRSV_SRR24833895,224,F,OG3,N,AA
hRSV_SRR24833895,225,V,OG3,N,AA
hRSV_SRR24833895,226,H,OG3,N,AA
hRSV_SRR24833895,227,F,OG3,N,AA
hRSV_SRR24833895,228,G,OG3,N,AA
hRSV_SRR24833895,229,I,OG3,N,AA
hRSV_SRR24833895,230,A,OG3,N,AA
hRSV_SRR24833895,231,Q,OG3,N,AA
hRSV_SRR24833895,232,S,OG3,N,AA
hRSV_SRR24833895,233,S,OG3,N,AA
hRSV_SRR24833895,234,T,OG3,N,AA
hRSV_SRR24833895,235,R,OG3,N,AA
hRSV_SRR24833895,236,G,OG3,N,AA
hRSV_SRR24833895,237,G,OG3,N,AA
hRSV_SRR24833895,238,S,OG3,N,AA
hRSV_SRR24833895,239,R,OG3,N,AA
hRSV_SRR24833895,240,V,OG3,N,AA
hRSV_SRR24833895,241,E,OG3,N,AA
hRSV_SRR24833895,242,G,OG3,N,AA
hRSV_SRR24833895,243,I,OG3,N,AA
hRSV_SRR24833895,244,F,OG3,N,AA
hRSV_SRR24833895,245,A,OG3,N,AA
hRSV_SRR24833895,246,G,OG3,N,AA
hRSV_SRR24833895,247,L,OG3,N,AA
hRSV_SRR24833895,248,F,OG3,N,AA
hRSV_SRR24833895,249,M,OG3,N,AA
hRSV_SRR24833895,250,N,OG3,N,AA
hRSV_SRR24833895,251,A,OG3,N,AA
hRSV_SRR24833895,252,Y,OG3,N,AA
hRSV_SRR24833895,253,G,OG3,N,AA
hRSV_SRR24833895,254,A,OG3,N,AA
hRSV_SRR24833895,255,G,OG3,N,AA
hRSV_SRR24833895,256,Q,OG3,N,AA
hRSV_SRR24833895,257,V,OG3,N,AA
hRSV_SRR24833895,258,M,OG3,N,AA
hRSV_SRR24833895,259,L,OG3,N,AA
hRSV_SRR24833895,260,R,OG3,N,AA
hRSV_SRR24833895,261,W,OG3,N,AA
hRSV_SRR24833895,262,G,OG3,N,AA
hRSV_SRR24833895,263,V,OG3,N,AA
hRSV_SRR24833895,264,L,OG3,N,AA
hRSV_SRR24833895,265,A,OG3,N,AA
hRSV_SRR24833895,266,K,OG3,N,AA
hRSV_SRR24833895,267,S,OG3,N,AA
hRSV_SRR24833895,268,V,OG3,N,AA
hRSV_SRR24833895,269,K,OG3,N,AA
hRSV_SRR24833895,270,N,OG3,N,AA
hRSV_SRR24833895,271,I,OG3,N,AA
hRSV_SRR24833895,272,M,OG3,N,AA
hRSV_SRR24833895,273,L,OG3,N,AA
hRSV_SRR24833895,274,G,OG3,N,AA
hRSV_SRR24833895,275,H,OG3,N,AA
hRSV_SRR24833895,276,A,OG3,N,AA
hRSV_SRR24833895,277,S,OG3,N,AA
hRSV_SRR24833895,278,V,OG3,N,AA
hRSV_SRR24833895,279,Q,OG3,N,AA
hRSV_SRR24833895,280,A,OG3,N,AA
hRSV_SRR24833895,281,E,OG3,N,AA
hRSV_SRR24833895,282,M,OG3,N,AA
hRSV_SRR24833895,283,E,OG3,N,AA
hRSV_SRR24833895,284,Q,OG3,N,AA
hRSV_SRR24833895,285,V,OG3,N,AA
hRSV_SRR24833895,286,V,OG3,N,AA
hRSV_SRR24833895,287,E,OG3,N,AA
hRSV_SRR24833895,288,V,OG3,N,AA
hRSV_SRR24833895,289,Y,OG3,N,AA
hRSV_SRR24833895,290,E,OG3,N,AA
hRSV_SRR24833895,291,Y,OG3,N,AA
hRSV_SRR24833895,292,A,OG3,N,AA
hRSV_SRR24833895,293,Q,OG3,N,AA
hRSV_SRR24833895,294,K,OG3,N,AA
hRSV_SRR24833895,295,L,OG3,N,AA
hRSV_SRR24833895,296,G,OG3,N,AA
hRSV_SRR24833895,297,G,OG3,N,AA
hRSV_SRR24833895,298,E,OG3,N,AA
hRSV_SRR24833895,299,A,OG3,N,AA
hRSV_SRR24833895,300,G,OG3,N,AA
hRSV_SRR24833895,301,F,OG3,N,AA
hRSV_SRR24833895,302,Y,OG3,N,AA
hRSV_SRR24833895,303,H,OG3,N,AA
hRSV_SRR24833895,304,I,OG3,N,AA
hRSV_SRR24833895,305,L,OG3,N,AA
hRSV_SRR24833895,306,N,OG3,N,AA
hRSV_SRR24833895,307,N,OG3,N,AA
hRSV_SRR24833895,308,P,OG3,N,AA
hRSV_SRR24833895,309,K,OG3,N,AA
hRSV_SRR24833895,310,A,OG3,N,AA
hRSV_SRR24833895,311,S,OG3,N,AA
hRSV_SRR24833895,312,L,OG3,N,AA
hRSV_SRR24833895,313,L,OG3,N,AA
hRSV_SRR24833895,314,S,OG3,N,AA
hRSV_SRR24833895,315,L,OG3,N,AA
hRSV_SRR24833895,316,T,OG3,N,AA
hRSV_SRR24833895,317,Q,OG3,N,AA
hRSV_SRR24833895,318,F,OG3,N,AA
hRSV_SRR24833895,319,P,OG3,N,AA
hRSV_SRR24833895,320,H,OG3,N,AA
hRSV_SRR24833895,321,F,OG3,N,AA
hRSV_SRR24833895,322,S,OG3,N,AA
hRSV_SRR24833895,323,S,OG3,N,AA
hRSV_SRR24833895,324,V,OG3,N,AA
hRSV_SRR24833895,325,V,OG3,N,AA
hRSV_SRR24833895,326,L,OG3,N,AA
hRSV_SRR24833895,327,G,OG3,N,AA
hRSV_SRR24833895,328,N,OG3,N,AA
hRSV_SRR24833895,329,A,OG3,N,AA
hRSV_SRR24833895,330,A,OG3,N,AA
hRSV_SRR24833895,331,G,OG3,N,AA
hRSV_SRR24833895,332,L,OG3,N,AA
hRSV_SRR24833895,333,G,OG3,N,AA
hRSV_SRR24833895,334,I,OG3,N,AA
hRSV_SRR24833895,335,M,OG3,N,AA
hRSV_SRR24833895,336,G,OG3,N,AA
hRSV_SRR24833895,337,E,OG3,N,AA
hRSV_SRR24833895,338,Y,OG3,N,AA
hRSV_SRR24833895,339,R,OG3,N,AA
hRSV_SRR24833895,340,G,OG3,N,AA
hRSV_SRR24833895,341,T,OG3,N,AA
hRSV_SRR24833895,342,P,OG3,N,AA
hRSV_SRR24833895,343,R,OG3,N,AA
hRSV_SRR24833895,344,N,OG3,N,AA
hRSV_SRR24833895,345,Q,OG3,N,AA
hRSV_SRR24833895,346,D,OG3,N,AA
hRSV_SRR24833895,347,L,OG3,N,AA
hRSV_SRR24833895,348,Y,OG3,N,AA
hRSV_SRR24833895,349,D,OG3,N,AA
hRSV_SRR24833895,350,A,OG3,N,AA
hRSV_SRR24833895,351,A,OG3,N,AA
hRSV_SRR24833895,352,K,OG3,N,AA
hRSV_SRR24833895,353,A,OG3,N,AA
hRSV_SRR24833895,354,Y,OG3,N,AA
hRSV_SRR24833895,355,A,OG3,N,AA
hRSV_SRR24833895,356,E,OG3,N,AA
hRSV_SRR24833895,357,Q,OG3,N,AA
hRSV_SRR24833895,358,L,OG3,N,AA
hRSV_SRR24833895,359,K,OG3,N,AA
hRSV_SRR24833895,360,E,OG3,N,AA
hRSV_SRR24833895,361,N,OG3,N,AA
hRSV_SRR24833895,362,G,OG3,N,AA
hRSV_SRR24833895,363,V,OG3,N,AA
hRSV_SRR24833895,364,I,OG3,N,AA
hRSV_SRR24833895,365,N,OG3,N,AA
hRSV_SRR24833895,366,Y,OG3,N,AA
hRSV_SRR24833895,367,S,OG3,N,AA
hRSV_SRR24833895,368,V,OG3,N,AA
hRSV_SRR24833895,369,L,OG3,N,AA
hRSV_SRR24833895,370,D,OG3,N,AA
hRSV_SRR24833895,371,L,OG3,N,AA
hRSV_SRR24833895,372,T,OG3,N,AA
hRSV_SRR24833895,373,A,OG3,N,AA
hRSV_SRR24833895,374,E,OG3,N,AA
hRSV_SRR24833895,375,E,OG3,N,AA
hRSV_SRR24833895,376,L,OG3,N,AA
hRSV_SRR24833895,377,E,OG3,N,AA
hRSV_SRR24833895,378,A,OG3,N,AA
hRSV_SRR24833895,379,I,OG3,N,AA
hRSV_SRR24833895,380,K,OG3,N,AA
hRSV_SRR24833895,381,H,OG3,N,AA
hRSV_SRR24833895,382,Q,OG3,N,AA
hRSV_SRR24833895,383,L,OG3,N,AA
hRSV_SRR24833895,384,N,OG3,N,AA
hRSV_SRR24833895,385,P,OG3,N,AA
hRSV_SRR24833895,386,K,OG3,N,AA
hRSV_SRR24833895,387,D,OG3,N,AA
hRSV_SRR24833895,388,-,OG3,N,AA
hRSV_SRR24833895,389,-,OG3,N,AA
hRSV_SRR24833895,390,-,OG3,N,AA
hRSV_SRR24833895,391,N,OG3,N,AA
hRSV_SRR24833895,392,D,OG3,N,AA
hRSV_SRR24833895,393,V,OG3,N,AA
hRSV_SRR24833895,394,E,OG3,N,AA
hRSV_SRR24833895,395,L,OG3,N,AA
hRSV_SRR24833888,1,M,OG4,G,AA
hRSV_SRR24833888,2,S,OG4,G,AA
hRSV_SRR24833888,3,K,OG4,G,AA
hRSV_SRR24833888,4,T,OG4,G,AA
hRSV_SRR24833888,5,K,OG4,G,AA
hRSV_SRR24833888,6,D,OG4,G,AA
hRSV_SRR24833888,7,Q,OG4,G,AA
hRSV_SRR24833888,8,R,OG4,G,AA
hRSV_SRR24833888,9,T,OG4,G,AA
hRSV_SRR24833888,10,A,OG4,G,AA
hRSV_SRR24833888,11,K,OG4,G,AA
hRSV_SRR24833888,12,T,OG4,G,AA
hRSV_SRR24833888,13,L,OG4,G,AA
hRSV_SRR24833888,14,E,OG4,G,AA
hRSV_SRR24833888,15,R,OG4,G,AA
hRSV_SRR24833888,16,T,OG4,G,AA
hRSV_SRR24833888,17,W,OG4,G,AA
hRSV_SRR24833888,18,D,OG4,G,AA
hRSV_SRR24833888,19,T,OG4,G,AA
hRSV_SRR24833888,20,L,OG4,G,AA
hRSV_SRR24833888,21,N,OG4,G,AA
hRSV_SRR24833888,22,H,OG4,G,AA
hRSV_SRR24833888,23,L,OG4,G,AA
hRSV_SRR24833888,24,L,OG4,G,AA
hRSV_SRR24833888,25,F,OG4,G,AA
hRSV_SRR24833888,26,I,OG4,G,AA
hRSV_SRR24833888,27,S,OG4,G,AA
hRSV_SRR24833888,28,S,OG4,G,AA
hRSV_SRR24833888,29,C,OG4,G,AA
hRSV_SRR24833888,30,L,OG4,G,AA
hRSV_SRR24833888,31,Y,OG4,G,AA
hRSV_SRR24833888,32,K,OG4,G,AA
hRSV_SRR24833888,33,L,OG4,G,AA
hRSV_SRR24833888,34,N,OG4,G,AA
hRSV_SRR24833888,35,L,OG4,G,AA
hRSV_SRR24833888,36,K,OG4,G,AA
hRSV_SRR24833888,37,S,OG4,G,AA
hRSV_SRR24833888,38,I,OG4,G,AA
hRSV_SRR24833888,39,A,OG4,G,AA
hRSV_SRR24833888,40,Q,OG4,G,AA
hRSV_SRR24833888,41,I,OG4,G,AA
hRSV_SRR24833888,42,T,OG4,G,AA
hRSV_SRR24833888,43,L,OG4,G,AA
hRSV_SRR24833888,44,S,OG4,G,AA
hRSV_SRR24833888,45,I,OG4,G,AA
hRSV_SRR24833888,46,L,OG4,G,AA
hRSV_SRR24833888,47,A,OG4,G,AA
hRSV_SRR24833888,48,M,OG4,G,AA
hRSV_SRR24833888,49,I,OG4,G,AA
hRSV_SRR24833888,50,I,OG4,G,AA
hRSV_SRR24833888,51,S,OG4,G,AA
hRSV_SRR24833888,52,T,OG4,G,AA
hRSV_SRR24833888,53,S,OG4,G,AA
hRSV_SRR24833888,54,L,OG4,G,AA
hRSV_SRR24833888,55,I,OG4,G,AA
hRSV_SRR24833888,56,I,OG4,G,AA
hRSV_SRR24833888,57,V,OG4,G,AA
hRSV_SRR24833888,58,A,OG4,G,AA
hRSV_SRR24833888,59,I,OG4,G,AA
hRSV_SRR24833888,60,I,OG4,G,AA
hRSV_SRR24833888,61,F,OG4,G,AA
hRSV_SRR24833888,62,I,OG4,G,AA
hRSV_SRR24833888,63,A,OG4,G,AA
hRSV_SRR24833888,64,S,OG4,G,AA
hRSV_SRR24833888,65,A,OG4,G,AA
hRSV_SRR24833888,66,N,OG4,G,AA
hRSV_SRR24833888,67,H,OG4,G,AA
hRSV_SRR24833888,68,K,OG4,G,AA
hRSV_SRR24833888,69,V,OG4,G,AA
hRSV_SRR24833888,70,T,OG4,G,AA
hRSV_SRR24833888,71,L,OG4,G,AA
hRSV_SRR24833888,72,T,OG4,G,AA
hRSV_SRR24833888,73,T,OG4,G,AA
hRSV_SRR24833888,74,A,OG4,G,AA
hRSV_SRR24833888,75,I,OG4,G,AA
hRSV_SRR24833888,76,I,OG4,G,AA
hRSV_SRR24833888,77,Q,OG4,G,AA
hRSV_SRR24833888,78,D,OG4,G,AA
hRSV_SRR24833888,79,A,OG4,G,AA
hRSV_SRR24833888,80,T,OG4,G,AA
hRSV_SRR24833888,81,N,OG4,G,AA
hRSV_SRR24833888,82,Q,OG4,G,AA
hRSV_SRR24833888,83,I,OG4,G,AA
hRSV_SRR24833888,84,K,OG4,G,AA
hRSV_SRR24833888,85,N,OG4,G,AA
hRSV_SRR24833888,86,T,OG4,G,AA
hRSV_SRR24833888,87,T,OG4,G,AA
hRSV_SRR24833888,88,P,OG4,G,AA
hRSV_SRR24833888,89,T,OG4,G,AA
hRSV_SRR24833888,90,Y,OG4,G,AA
hRSV_SRR24833888,91,L,OG4,G,AA
hRSV_SRR24833888,92,T,OG4,G,AA
hRSV_SRR24833888,93,Q,OG4,G,AA
hRSV_SRR24833888,94,N,OG4,G,AA
hRSV_SRR24833888,95,P,OG4,G,AA
hRSV_SRR24833888,96,Q,OG4,G,AA
hRSV_SRR24833888,97,L,OG4,G,AA
hRSV_SRR24833888,98,G,OG4,G,AA
hRSV_SRR24833888,99,I,OG4,G,AA
hRSV_SRR24833888,100,S,OG4,G,AA
hRSV_SRR24833888,101,F,OG4,G,AA
hRSV_SRR24833888,102,S,OG4,G,AA
hRSV_SRR24833888,103,N,OG4,G,AA
hRSV_SRR24833888,104,L,OG4,G,AA
hRSV_SRR24833888,105,S,OG4,G,AA
hRSV_SRR24833888,106,G,OG4,G,AA
hRSV_SRR24833888,107,T,OG4,G,AA
hRSV_SRR24833888,108,T,OG4,G,AA
hRSV_SRR24833888,109,S,OG4,G,AA
hRSV_SRR24833888,110,Q,OG4,G,AA
hRSV_SRR24833888,111,S,OG4,G,AA
hRSV_SRR24833888,112,T,OG4,G,AA
hRSV_SRR24833888,113,T,OG4,G,AA
hRSV_SRR24833888,114,I,OG4,G,AA
hRSV_SRR24833888,115,L,OG4,G,AA
hRSV_SRR24833888,116,A,OG4,G,AA
hRSV_SRR24833888,117,S,OG4,G,AA
hRSV_SRR24833888,118,T,OG4,G,AA
hRSV_SRR24833888,119,T,OG4,G,AA
hRSV_SRR24833888,120,P,OG4,G,AA
hRSV_SRR24833888,121,S,OG4,G,AA
hRSV_SRR24833888,122,A,OG4,G,AA
hRSV_SRR24833888,123,E,OG4,G,AA
hRSV_SRR24833888,124,S,OG4,G,AA
hRSV_SRR24833888,125,T,OG4,G,AA
hRSV_SRR24833888,126,P,OG4,G,AA
hRSV_SRR24833888,127,Q,OG4,G,AA
hRSV_SRR24833888,128,S,OG4,G,AA
hRSV_SRR24833888,129,T,OG4,G,AA
hRSV_SRR24833888,130,T,OG4,G,AA
hRSV_SRR24833888,131,V,OG4,G,AA
hRSV_SRR24833888,132,K,OG4,G,AA
hRSV_SRR24833888,133,I,OG4,G,AA
hRSV_SRR24833888,134,K,OG4,G,AA
hRSV_SRR24833888,135,N,OG4,G,AA
hRSV_SRR24833888,136,T,OG4,G,AA
hRSV_SRR24833888,137,T,OG4,G,AA
hRSV_SRR24833888,138,T,OG4,G,AA
hRSV_SRR24833888,139,T,OG4,G,AA
hRSV_SRR24833888,140,Q,OG4,G,AA
hRSV_SRR24833888,141,I,OG4,G,AA
hRSV_SRR24833888,142,L,OG4,G,AA
hRSV_SRR24833888,143,P,OG4,G,AA
hRSV_SRR24833888,144,S,OG4,G,AA
hRSV_SRR24833888,145,K,OG4,G,AA
hRSV_SRR24833888,146,P,OG4,G,AA
hRSV_SRR24833888,147,T,OG4,G,AA
hRSV_SRR24833888,148,T,OG4,G,AA
hRSV_SRR24833888,149,K,OG4,G,AA
hRSV_SRR24833888,150,Q,OG4,G,AA
hRSV_SRR24833888,151,R,OG4,G,AA
hRSV_SRR24833888,152,Q,OG4,G,AA
hRSV_SRR24833888,153,N,OG4,G,AA
hRSV_SRR24833888,154,K,OG4,G,AA
hRSV_SRR24833888,155,P,OG4,G,AA
hRSV_SRR24833888,156,Q,OG4,G,AA
hRSV_SRR24833888,157,N,OG4,G,AA
hRSV_SRR24833888,158,K,OG4,G,AA
hRSV_SRR24833888,159,P,OG4,G,AA
hRSV_SRR24833888,160,N,OG4,G,AA
hRSV_SRR24833888,161,N,OG4,G,AA
hRSV_SRR24833888,162,D,OG4,G,AA
hRSV_SRR24833888,163,F,OG4,G,AA
hRSV_SRR24833888,164,H,OG4,G,AA
hRSV_SRR24833888,165,F,OG4,G,AA
hRSV_SRR24833888,166,E,OG4,G,AA
hRSV_SRR24833888,167,V,OG4,G,AA
hRSV_SRR24833888,168,F,OG4,G,AA
hRSV_SRR24833888,169,N,OG4,G,AA
hRSV_SRR24833888,170,F,OG4,G,AA
hRSV_SRR24833888,171,V,OG4,G,AA
hRSV_SRR24833888,172,P,OG4,G,AA
hRSV_SRR24833888,173,C,OG4,G,AA
hRSV_SRR24833888,174,S,OG4,G,AA
hRSV_SRR24833888,175,I,OG4,G,AA
hRSV_SRR24833888,176,C,OG4,G,AA
hRSV_SRR24833888,177,S,OG4,G,AA
hRSV_SRR24833888,178,N,OG4,G,AA
hRSV_SRR24833888,179,N,OG4,G,AA
hRSV_SRR24833888,180,P,OG4,G,AA
hRSV_SRR24833888,181,T,OG4,G,AA
hRSV_SRR24833888,182,C,OG4,G,AA
hRSV_SRR24833888,183,W,OG4,G,AA
hRSV_SRR24833888,184,A,OG4,G,AA
hRSV_SRR24833888,185,I,OG4,G,AA
hRSV_SRR24833888,186,C,OG4,G,AA
hRSV_SRR24833888,187,K,OG4,G,AA
hRSV_SRR24833888,188,R,OG4,G,AA
hRSV_SRR24833888,189,I,OG4,G,AA
hRSV_SRR24833888,190,P,OG4,G,AA
hRSV_SRR24833888,191,N,OG4,G,AA
hRSV_SRR24833888,192,K,OG4,G,AA
hRSV_SRR24833888,193,K,OG4,G,AA
hRSV_SRR24833888,194,P,OG4,G,AA
hRSV_SRR24833888,195,G,OG4,G,AA
hRSV_SRR24833888,196,K,OG4,G,AA
hRSV_SRR24833888,197,K,OG4,G,AA
hRSV_SRR24833888,198,T,OG4,G,AA
hRSV_SRR24833888,199,T,OG4,G,AA
hRSV_SRR24833888,200,T,OG4,G,AA
hRSV_SRR24833888,201,K,OG4,G,AA
hRSV_SRR24833888,202,P,OG4,G,AA
hRSV_SRR24833888,203,T,OG4,G,AA
hRSV_SRR24833888,204,K,OG4,G,AA
hRSV_SRR24833888,205,N,OG4,G,AA
hRSV_SRR24833888,206,Q,OG4,G,AA
hRSV_SRR24833888,207,T,OG4,G,AA
hRSV_SRR24833888,208,L,OG4,G,AA
hRSV_SRR24833888,209,R,OG4,G,AA
hRSV_SRR24833888,210,T,OG4,G,AA
hRSV_SRR24833888,211,T,OG4,G,AA
hRSV_SRR24833888,212,-,OG4,G,AA
hRSV_SRR24833888,213,K,OG4,G,AA
hRSV_SRR24833888,214,K,OG4,G,AA
hRSV_SRR24833888,215,D,OG4,G,AA
hRSV_SRR24833888,216,P,OG4,G,AA
hRSV_SRR24833888,217,K,OG4,G,AA
hRSV_SRR24833888,218,P,OG4,G,AA
hRSV_SRR24833888,219,Q,OG4,G,AA
hRSV_SRR24833888,220,T,OG4,G,AA
hRSV_SRR24833888,221,T,OG4,G,AA
hRSV_SRR24833888,222,K,OG4,G,AA
hRSV_SRR24833888,223,P,OG4,G,AA
hRSV_SRR24833888,224,K,OG4,G,AA
hRSV_SRR24833888,225,E,OG4,G,AA
hRSV_SRR24833888,226,V,OG4,G,AA
hRSV_SRR24833888,227,L,OG4,G,AA
hRSV_SRR24833888,228,T,OG4,G,AA
hRSV_SRR24833888,229,T,OG4,G,AA
hRSV_SRR24833888,230,K,OG4,G,AA
hRSV_SRR24833888,231,P,OG4,G,AA
hRSV_SRR24833888,232,T,OG4,G,AA
hRSV_SRR24833888,233,G,OG4,G,AA
hRSV_SRR24833888,234,K,OG4,G,AA
hRSV_SRR24833888,235,P,OG4,G,AA
hRSV_SRR24833888,236,T,OG4,G,AA
hRSV_SRR24833888,237,I,OG4,G,AA
hRSV_SRR24833888,238,N,OG4,G,AA
hRSV_SRR24833888,239,T,OG4,G,AA
hRSV_SRR24833888,240,T,OG4,G,AA
hRSV_SRR24833888,241,K,OG4,G,AA
hRSV_SRR24833888,242,T,OG4,G,AA
hRSV_SRR24833888,243,N,OG4,G,AA
hRSV_SRR24833888,244,I,OG4,G,AA
hRSV_SRR24833888,245,R,OG4,G,AA
hRSV_SRR24833888,246,I,OG4,G,AA
hRSV_SRR24833888,247,-,OG4,G,AA
hRSV_SRR24833888,248,-,OG4,G,AA
hRSV_SRR24833888,249,-,OG4,G,AA
hRSV_SRR24833888,250,T,OG4,G,AA
hRSV_SRR24833888,251,L,OG4,G,AA
hRSV_SRR24833888,252,I,OG4,G,AA
hRSV_SRR24833888,253,T,OG4,G,AA
hRSV_SRR24833888,254,S,OG4,G,AA
hRSV_SRR24833888,255,N,OG4,G,AA
hRSV_SRR24833888,256,T,OG4,G,AA
hRSV_SRR24833888,257,K,OG4,G,AA
hRSV_SRR24833888,258,G,OG4,G,AA
hRSV_SRR24833888,259,N,OG4,G,AA
hRSV_SRR24833888,260,P,OG4,G,AA
hRSV_SRR24833888,261,E,OG4,G,AA
hRSV_SRR24833888,262,H,OG4,G,AA
hRSV_SRR24833888,263,-,OG4,G,AA
hRSV_SRR24833888,264,-,OG4,G,AA
hRSV_SRR24833888,265,-,OG4,G,AA
hRSV_SRR24833888,266,T,OG4,G,AA
hRSV_SRR24833888,267,S,OG4,G,AA
hRSV_SRR24833888,268,Q,OG4,G,AA
hRSV_SRR24833888,269,E,OG4,G,AA
hRSV_SRR24833888,270,E,OG4,G,AA
hRSV_SRR24833888,271,T,OG4,G,AA
hRSV_SRR24833888,272,L,OG4,G,AA
hRSV_SRR24833888,273,H,OG4,G,AA
hRSV_SRR24833888,274,S,OG4,G,AA
hRSV_SRR24833888,275,T,OG4,G,AA
hRSV_SRR24833888,276,T,OG4,G,AA
hRSV_SRR24833888,277,S,OG4,G,AA
hRSV_SRR24833888,278,E,OG4,G,AA
hRSV_SRR24833888,279,G,OG4,G,AA
hRSV_SRR24833888,280,H,OG4,G,AA
hRSV_SRR24833888,281,P,OG4,G,AA
hRSV_SRR24833888,282,S,OG4,G,AA
hRSV_SRR24833888,283,P,OG4,G,AA
hRSV_SRR24833888,284,S,OG4,G,AA
hRSV_SRR24833888,285,Q,OG4,G,AA
hRSV_SRR24833888,286,V,OG4,G,AA
hRSV_SRR24833888,287,H,OG4,G,AA
hRSV_SRR24833888,288,T,OG4,G,AA
hRSV_SRR24833888,289,T,OG4,G,AA
hRSV_SRR24833888,290,S,OG4,G,AA
hRSV_SRR24833888,291,G,OG4,G,AA
hRSV_SRR24833888,292,Q,OG4,G,AA
hRSV_SRR24833888,293,E,OG4,G,AA
hRSV_SRR24833888,294,E,OG4,G,AA
hRSV_SRR24833888,295,T,OG4,G,AA
hRSV_SRR24833888,296,L,OG4,G,AA
hRSV_SRR24833888,297,H,OG4,G,AA
hRSV_SRR24833888,298,S,OG4,G,AA
hRSV_SRR24833888,299,T,OG4,G,AA
hRSV_SRR24833888,300,T,OG4,G,AA
hRSV_SRR24833888,301,S,OG4,G,AA
hRSV_SRR24833888,302,E,OG4,G,AA
hRSV_SRR24833888,303,G,OG4,G,AA
hRSV_SRR24833888,304,Y,OG4,G,AA
hRSV_SRR24833888,305,P,OG4,G,AA
hRSV_SRR24833888,306,S,OG4,G,AA
hRSV_SRR24833888,307,P,OG4,G,AA
hRSV_SRR24833888,308,S,OG4,G,AA
hRSV_SRR24833888,309,Q,OG4,G,AA
hRSV_SRR24833888,310,A,OG4,G,AA
hRSV_SRR24833888,311,H,OG4,G,AA
hRSV_SRR24833888,312,T,OG4,G,AA
hRSV_SRR24833888,313,T,OG4,G,AA
hRSV_SRR24833888,314,S,OG4,G,AA
hRSV_SRR24833888,315,E,OG4,G,AA
hRSV_SRR24833888,316,Y,OG4,G,AA
hRSV_SRR24833888,317,P,OG4,G,AA
hRSV_SRR24833888,318,S,OG4,G,AA
hRSV_SRR24833888,319,Q,OG4,G,AA
hRSV_SRR24833888,320,S,OG4,G,AA
hRSV_SRR24833888,321,L,OG4,G,AA
hRSV_SRR24833888,322,S,OG4,G,AA
hRSV_SRR24833888,323,S,OG4,G,AA
hRSV_SRR24833888,324,S,OG4,G,AA
hRSV_SRR24833888,325,N,OG4,G,AA
hRSV_SRR24833888,326,I,OG4,G,AA
hRSV_SRR24833888,327,A,OG4,G,AA
hRSV_SRR24833888,328,K,OG4,G,AA
hRSV_SRR24833888,329,-,OG4,G,AA
hRSV_SRR24833879,1,M,OG4,G,AA
hRSV_SRR24833879,2,S,OG4,G,AA
hRSV_SRR24833879,3,K,OG4,G,AA
hRSV_SRR24833879,4,T,OG4,G,AA
hRSV_SRR24833879,5,K,OG4,G,AA
hRSV_SRR24833879,6,D,OG4,G,AA
hRSV_SRR24833879,7,Q,OG4,G,AA
hRSV_SRR24833879,8,R,OG4,G,AA
hRSV_SRR24833879,9,T,OG4,G,AA
hRSV_SRR24833879,10,A,OG4,G,AA
hRSV_SRR24833879,11,K,OG4,G,AA
hRSV_SRR24833879,12,T,OG4,G,AA
hRSV_SRR24833879,13,L,OG4,G,AA
hRSV_SRR24833879,14,E,OG4,G,AA
hRSV_SRR24833879,15,R,OG4,G,AA
hRSV_SRR24833879,16,T,OG4,G,AA
hRSV_SRR24833879,17,W,OG4,G,AA
hRSV_SRR24833879,18,D,OG4,G,AA
hRSV_SRR24833879,19,T,OG4,G,AA
hRSV_SRR24833879,20,L,OG4,G,AA
hRSV_SRR24833879,21,N,OG4,G,AA
hRSV_SRR24833879,22,H,OG4,G,AA
hRSV_SRR24833879,23,L,OG4,G,AA
hRSV_SRR24833879,24,L,OG4,G,AA
hRSV_SRR24833879,25,F,OG4,G,AA
hRSV_SRR24833879,26,I,OG4,G,AA
hRSV_SRR24833879,27,S,OG4,G,AA
hRSV_SRR24833879,28,S,OG4,G,AA
hRSV_SRR24833879,29,C,OG4,G,AA
hRSV_SRR24833879,30,L,OG4,G,AA
hRSV_SRR24833879,31,Y,OG4,G,AA
hRSV_SRR24833879,32,K,OG4,G,AA
hRSV_SRR24833879,33,L,OG4,G,AA
hRSV_SRR24833879,34,N,OG4,G,AA
hRSV_SRR24833879,35,L,OG4,G,AA
hRSV_SRR24833879,36,K,OG4,G,AA
hRSV_SRR24833879,37,S,OG4,G,AA
hRSV_SRR24833879,38,I,OG4,G,AA
hRSV_SRR24833879,39,A,OG4,G,AA
hRSV_SRR24833879,40,Q,OG4,G,AA
hRSV_SRR24833879,41,I,OG4,G,AA
hRSV_SRR24833879,42,T,OG4,G,AA
hRSV_SRR24833879,43,L,OG4,G,AA
hRSV_SRR24833879,44,S,OG4,G,AA
hRSV_SRR24833879,45,I,OG4,G,AA
hRSV_SRR24833879,46,L,OG4,G,AA
hRSV_SRR24833879,47,A,OG4,G,AA
hRSV_SRR24833879,48,M,OG4,G,AA
hRSV_SRR24833879,49,I,OG4,G,AA
hRSV_SRR24833879,50,I,OG4,G,AA
hRSV_SRR24833879,51,S,OG4,G,AA
hRSV_SRR24833879,52,T,OG4,G,AA
hRSV_SRR24833879,53,S,OG4,G,AA
hRSV_SRR24833879,54,L,OG4,G,AA
hRSV_SRR24833879,55,I,OG4,G,AA
hRSV_SRR24833879,56,I,OG4,G,AA
hRSV_SRR24833879,57,A,OG4,G,AA
hRSV_SRR24833879,58,A,OG4,G,AA
hRSV_SRR24833879,59,I,OG4,G,AA
hRSV_SRR24833879,60,I,OG4,G,AA
hRSV_SRR24833879,61,F,OG4,G,AA
hRSV_SRR24833879,62,I,OG4,G,AA
hRSV_SRR24833879,63,A,OG4,G,AA
hRSV_SRR24833879,64,S,OG4,G,AA
hRSV_SRR24833879,65,A,OG4,G,AA
hRSV_SRR24833879,66,N,OG4,G,AA
hRSV_SRR24833879,67,H,OG4,G,AA
hRSV_SRR24833879,68,K,OG4,G,AA
hRSV_SRR24833879,69,V,OG4,G,AA
hRSV_SRR24833879,70,T,OG4,G,AA
hRSV_SRR24833879,71,L,OG4,G,AA
hRSV_SRR24833879,72,T,OG4,G,AA
hRSV_SRR24833879,73,T,OG4,G,AA
hRSV_SRR24833879,74,A,OG4,G,AA
hRSV_SRR24833879,75,I,OG4,G,AA
hRSV_SRR24833879,76,I,OG4,G,AA
hRSV_SRR24833879,77,Q,OG4,G,AA
hRSV_SRR24833879,78,D,OG4,G,AA
hRSV_SRR24833879,79,A,OG4,G,AA
hRSV_SRR24833879,80,T,OG4,G,AA
hRSV_SRR24833879,81,N,OG4,G,AA
hRSV_SRR24833879,82,Q,OG4,G,AA
hRSV_SRR24833879,83,I,OG4,G,AA
hRSV_SRR24833879,84,K,OG4,G,AA
hRSV_SRR24833879,85,N,OG4,G,AA
hRSV_SRR24833879,86,T,OG4,G,AA
hRSV_SRR24833879,87,T,OG4,G,AA
hRSV_SRR24833879,88,P,OG4,G,AA
hRSV_SRR24833879,89,T,OG4,G,AA
hRSV_SRR24833879,90,Y,OG4,G,AA
hRSV_SRR24833879,91,L,OG4,G,AA
hRSV_SRR24833879,92,T,OG4,G,AA
hRSV_SRR24833879,93,Q,OG4,G,AA
hRSV_SRR24833879,94,N,OG4,G,AA
hRSV_SRR24833879,95,P,OG4,G,AA
hRSV_SRR24833879,96,Q,OG4,G,AA
hRSV_SRR24833879,97,L,OG4,G,AA
hRSV_SRR24833879,98,G,OG4,G,AA
hRSV_SRR24833879,99,I,OG4,G,AA
hRSV_SRR24833879,100,S,OG4,G,AA
hRSV_SRR24833879,101,F,OG4,G,AA
hRSV_SRR24833879,102,S,OG4,G,AA
hRSV_SRR24833879,103,N,OG4,G,AA
hRSV_SRR24833879,104,L,OG4,G,AA
hRSV_SRR24833879,105,S,OG4,G,AA
hRSV_SRR24833879,106,G,OG4,G,AA
hRSV_SRR24833879,107,T,OG4,G,AA
hRSV_SRR24833879,108,T,OG4,G,AA
hRSV_SRR24833879,109,S,OG4,G,AA
hRSV_SRR24833879,110,Q,OG4,G,AA
hRSV_SRR24833879,111,S,OG4,G,AA
hRSV_SRR24833879,112,T,OG4,G,AA
hRSV_SRR24833879,113,T,OG4,G,AA
hRSV_SRR24833879,114,I,OG4,G,AA
hRSV_SRR24833879,115,L,OG4,G,AA
hRSV_SRR24833879,116,A,OG4,G,AA
hRSV_SRR24833879,117,S,OG4,G,AA
hRSV_SRR24833879,118,T,OG4,G,AA
hRSV_SRR24833879,119,T,OG4,G,AA
hRSV_SRR24833879,120,P,OG4,G,AA
hRSV_SRR24833879,121,S,OG4,G,AA
hRSV_SRR24833879,122,A,OG4,G,AA
hRSV_SRR24833879,123,E,OG4,G,AA
hRSV_SRR24833879,124,S,OG4,G,AA
hRSV_SRR24833879,125,T,OG4,G,AA
hRSV_SRR24833879,126,P,OG4,G,AA
hRSV_SRR24833879,127,Q,OG4,G,AA
hRSV_SRR24833879,128,S,OG4,G,AA
hRSV_SRR24833879,129,T,OG4,G,AA
hRSV_SRR24833879,130,T,OG4,G,AA
hRSV_SRR24833879,131,X,OG4,G,AA
hRSV_SRR24833879,132,X,OG4,G,AA
hRSV_SRR24833879,133,I,OG4,G,AA
hRSV_SRR24833879,134,K,OG4,G,AA
hRSV_SRR24833879,135,N,OG4,G,AA
hRSV_SRR24833879,136,T,OG4,G,AA
hRSV_SRR24833879,137,T,OG4,G,AA
hRSV_SRR24833879,138,T,OG4,G,AA
hRSV_SRR24833879,139,T,OG4,G,AA
hRSV_SRR24833879,140,X,OG4,G,AA
hRSV_SRR24833879,141,I,OG4,G,AA
hRSV_SRR24833879,142,S,OG4,G,AA
hRSV_SRR24833879,143,X,OG4,G,AA
hRSV_SRR24833879,144,X,OG4,G,AA
hRSV_SRR24833879,145,X,OG4,G,AA
hRSV_SRR24833879,146,P,OG4,G,AA
hRSV_SRR24833879,147,T,OG4,G,AA
hRSV_SRR24833879,148,T,OG4,G,AA
hRSV_SRR24833879,149,K,OG4,G,AA
hRSV_SRR24833879,150,Q,OG4,G,AA
hRSV_SRR24833879,151,R,OG4,G,AA
hRSV_SRR24833879,152,Q,OG4,G,AA
hRSV_SRR24833879,153,N,OG4,G,AA
hRSV_SRR24833879,154,K,OG4,G,AA
hRSV_SRR24833879,155,P,OG4,G,AA
hRSV_SRR24833879,156,Q,OG4,G,AA
hRSV_SRR24833879,157,N,OG4,G,AA
hRSV_SRR24833879,158,K,OG4,G,AA
hRSV_SRR24833879,159,P,OG4,G,AA
hRSV_SRR24833879,160,N,OG4,G,AA
hRSV_SRR24833879,161,N,OG4,G,AA
hRSV_SRR24833879,162,D,OG4,G,AA
hRSV_SRR24833879,163,F,OG4,G,AA
hRSV_SRR24833879,164,H,OG4,G,AA
hRSV_SRR24833879,165,F,OG4,G,AA
hRSV_SRR24833879,166,E,OG4,G,AA
hRSV_SRR24833879,167,V,OG4,G,AA
hRSV_SRR24833879,168,F,OG4,G,AA
hRSV_SRR24833879,169,N,OG4,G,AA
hRSV_SRR24833879,170,F,OG4,G,AA
hRSV_SRR24833879,171,V,OG4,G,AA
hRSV_SRR24833879,172,P,OG4,G,AA
hRSV_SRR24833879,173,C,OG4,G,AA
hRSV_SRR24833879,174,S,OG4,G,AA
hRSV_SRR24833879,175,I,OG4,G,AA
hRSV_SRR24833879,176,C,OG4,G,AA
hRSV_SRR24833879,177,S,OG4,G,AA
hRSV_SRR24833879,178,N,OG4,G,AA
hRSV_SRR24833879,179,N,OG4,G,AA
hRSV_SRR24833879,180,P,OG4,G,AA
hRSV_SRR24833879,181,T,OG4,G,AA
hRSV_SRR24833879,182,C,OG4,G,AA
hRSV_SRR24833879,183,W,OG4,G,AA
hRSV_SRR24833879,184,A,OG4,G,AA
hRSV_SRR24833879,185,I,OG4,G,AA
hRSV_SRR24833879,186,C,OG4,G,AA
hRSV_SRR24833879,187,K,OG4,G,AA
hRSV_SRR24833879,188,R,OG4,G,AA
hRSV_SRR24833879,189,I,OG4,G,AA
hRSV_SRR24833879,190,P,OG4,G,AA
hRSV_SRR24833879,191,N,OG4,G,AA
hRSV_SRR24833879,192,K,OG4,G,AA
hRSV_SRR24833879,193,K,OG4,G,AA
hRSV_SRR24833879,194,P,OG4,G,AA
hRSV_SRR24833879,195,G,OG4,G,AA
hRSV_SRR24833879,196,K,OG4,G,AA
hRSV_SRR24833879,197,K,OG4,G,AA
hRSV_SRR24833879,198,T,OG4,G,AA
hRSV_SRR24833879,199,T,OG4,G,AA
hRSV_SRR24833879,200,T,OG4,G,AA
hRSV_SRR24833879,201,K,OG4,G,AA
hRSV_SRR24833879,202,P,OG4,G,AA
hRSV_SRR24833879,203,T,OG4,G,AA
hRSV_SRR24833879,204,K,OG4,G,AA
hRSV_SRR24833879,205,K,OG4,G,AA
hRSV_SRR24833879,206,P,OG4,G,AA
hRSV_SRR24833879,207,T,OG4,G,AA
hRSV_SRR24833879,208,L,OG4,G,AA
hRSV_SRR24833879,209,K,OG4,G,AA
hRSV_SRR24833879,210,T,OG4,G,AA
hRSV_SRR24833879,211,T,OG4,G,AA
hRSV_SRR24833879,212,-,OG4,G,AA
hRSV_SRR24833879,213,K,OG4,G,AA
hRSV_SRR24833879,214,K,OG4,G,AA
hRSV_SRR24833879,215,D,OG4,G,AA
hRSV_SRR24833879,216,P,OG4,G,AA
hRSV_SRR24833879,217,K,OG4,G,AA
hRSV_SRR24833879,218,P,OG4,G,AA
hRSV_SRR24833879,219,Q,OG4,G,AA
hRSV_SRR24833879,220,T,OG4,G,AA
hRSV_SRR24833879,221,T,OG4,G,AA
hRSV_SRR24833879,222,K,OG4,G,AA
hRSV_SRR24833879,223,L,OG4,G,AA
hRSV_SRR24833879,224,K,OG4,G,AA
hRSV_SRR24833879,225,E,OG4,G,AA
hRSV_SRR24833879,226,V,OG4,G,AA
hRSV_SRR24833879,227,L,OG4,G,AA
hRSV_SRR24833879,228,T,OG4,G,AA
hRSV_SRR24833879,229,T,OG4,G,AA
hRSV_SRR24833879,230,K,OG4,G,AA
hRSV_SRR24833879,231,P,OG4,G,AA
hRSV_SRR24833879,232,T,OG4,G,AA
hRSV_SRR24833879,233,G,OG4,G,AA
hRSV_SRR24833879,234,K,OG4,G,AA
hRSV_SRR24833879,235,P,OG4,G,AA
hRSV_SRR24833879,236,T,OG4,G,AA
hRSV_SRR24833879,237,I,OG4,G,AA
hRSV_SRR24833879,238,N,OG4,G,AA
hRSV_SRR24833879,239,T,OG4,G,AA
hRSV_SRR24833879,240,T,OG4,G,AA
hRSV_SRR24833879,241,K,OG4,G,AA
hRSV_SRR24833879,242,T,OG4,G,AA
hRSV_SRR24833879,243,N,OG4,G,AA
hRSV_SRR24833879,244,I,OG4,G,AA
hRSV_SRR24833879,245,R,OG4,G,AA
hRSV_SRR24833879,246,T,OG4,G,AA
hRSV_SRR24833879,247,-,OG4,G,AA
hRSV_SRR24833879,248,-,OG4,G,AA
hRSV_SRR24833879,249,-,OG4,G,AA
hRSV_SRR24833879,250,T,OG4,G,AA
hRSV_SRR24833879,251,L,OG4,G,AA
hRSV_SRR24833879,252,L,OG4,G,AA
hRSV_SRR24833879,253,T,OG4,G,AA
hRSV_SRR24833879,254,S,OG4,G,AA
hRSV_SRR24833879,255,N,OG4,G,AA
hRSV_SRR24833879,256,T,OG4,G,AA
hRSV_SRR24833879,257,K,OG4,G,AA
hRSV_SRR24833879,258,E,OG4,G,AA
hRSV_SRR24833879,259,N,OG4,G,AA
hRSV_SRR24833879,260,P,OG4,G,AA
hRSV_SRR24833879,261,E,OG4,G,AA
hRSV_SRR24833879,262,H,OG4,G,AA
hRSV_SRR24833879,263,-,OG4,G,AA
hRSV_SRR24833879,264,-,OG4,G,AA
hRSV_SRR24833879,265,-,OG4,G,AA
hRSV_SRR24833879,266,T,OG4,G,AA
hRSV_SRR24833879,267,S,OG4,G,AA
hRSV_SRR24833879,268,Q,OG4,G,AA
hRSV_SRR24833879,269,E,OG4,G,AA
hRSV_SRR24833879,270,E,OG4,G,AA
hRSV_SRR24833879,271,T,OG4,G,AA
hRSV_SRR24833879,272,L,OG4,G,AA
hRSV_SRR24833879,273,H,OG4,G,AA
hRSV_SRR24833879,274,S,OG4,G,AA
hRSV_SRR24833879,275,T,OG4,G,AA
hRSV_SRR24833879,276,T,OG4,G,AA
hRSV_SRR24833879,277,S,OG4,G,AA
hRSV_SRR24833879,278,E,OG4,G,AA
hRSV_SRR24833879,279,G,OG4,G,AA
hRSV_SRR24833879,280,H,OG4,G,AA
hRSV_SRR24833879,281,P,OG4,G,AA
hRSV_SRR24833879,282,S,OG4,G,AA
hRSV_SRR24833879,283,P,OG4,G,AA
hRSV_SRR24833879,284,S,OG4,G,AA
hRSV_SRR24833879,285,Q,OG4,G,AA
hRSV_SRR24833879,286,V,OG4,G,AA
hRSV_SRR24833879,287,Y,OG4,G,AA
hRSV_SRR24833879,288,T,OG4,G,AA
hRSV_SRR24833879,289,T,OG4,G,AA
hRSV_SRR24833879,290,S,OG4,G,AA
hRSV_SRR24833879,291,G,OG4,G,AA
hRSV_SRR24833879,292,Q,OG4,G,AA
hRSV_SRR24833879,293,E,OG4,G,AA
hRSV_SRR24833879,294,E,OG4,G,AA
hRSV_SRR24833879,295,T,OG4,G,AA
hRSV_SRR24833879,296,L,OG4,G,AA
hRSV_SRR24833879,297,H,OG4,G,AA
hRSV_SRR24833879,298,S,OG4,G,AA
hRSV_SRR24833879,299,T,OG4,G,AA
hRSV_SRR24833879,300,T,OG4,G,AA
hRSV_SRR24833879,301,S,OG4,G,AA
hRSV_SRR24833879,302,E,OG4,G,AA
hRSV_SRR24833879,303,G,OG4,G,AA
hRSV_SRR24833879,304,Y,OG4,G,AA
hRSV_SRR24833879,305,P,OG4,G,AA
hRSV_SRR24833879,306,S,OG4,G,AA
hRSV_SRR24833879,307,P,OG4,G,AA
hRSV_SRR24833879,308,S,OG4,G,AA
hRSV_SRR24833879,309,Q,OG4,G,AA
hRSV_SRR24833879,310,V,OG4,G,AA
hRSV_SRR24833879,311,H,OG4,G,AA
hRSV_SRR24833879,312,T,OG4,G,AA
hRSV_SRR24833879,313,T,OG4,G,AA
hRSV_SRR24833879,314,S,OG4,G,AA
hRSV_SRR24833879,315,E,OG4,G,AA
hRSV_SRR24833879,316,Y,OG4,G,AA
hRSV_SRR24833879,317,L,OG4,G,AA
hRSV_SRR24833879,318,S,OG4,G,AA
hRSV_SRR24833879,319,Q,OG4,G,AA
hRSV_SRR24833879,320,S,OG4,G,AA
hRSV_SRR24833879,321,L,OG4,G,AA
hRSV_SRR24833879,322,S,OG4,G,AA
hRSV_SRR24833879,323,S,OG4,G,AA
hRSV_SRR24833879,324,S,OG4,G,AA
hRSV_SRR24833879,325,N,OG4,G,AA
hRSV_SRR24833879,326,T,OG4,G,AA
hRSV_SRR24833879,327,A,OG4,G,AA
hRSV_SRR24833879,328,K,OG4,G,AA
hRSV_SRR24833879,329,-,OG4,G,AA
hRSV_SRR24833895,1,M,OG4,G,AA
hRSV_SRR24833895,2,S,OG4,G,AA
hRSV_SRR24833895,3,K,OG4,G,AA
hRSV_SRR24833895,4,T,OG4,G,AA
hRSV_SRR24833895,5,K,OG4,G,AA
hRSV_SRR24833895,6,D,OG4,G,AA
hRSV_SRR24833895,7,Q,OG4,G,AA
hRSV_SRR24833895,8,R,OG4,G,AA
hRSV_SRR24833895,9,T,OG4,G,AA
hRSV_SRR24833895,10,A,OG4,G,AA
hRSV_SRR24833895,11,K,OG4,G,AA
hRSV_SRR24833895,12,T,OG4,G,AA
hRSV_SRR24833895,13,L,OG4,G,AA
hRSV_SRR24833895,14,E,OG4,G,AA
hRSV_SRR24833895,15,R,OG4,G,AA
hRSV_SRR24833895,16,T,OG4,G,AA
hRSV_SRR24833895,17,W,OG4,G,AA
hRSV_SRR24833895,18,D,OG4,G,AA
hRSV_SRR24833895,19,T,OG4,G,AA
hRSV_SRR24833895,20,L,OG4,G,AA
hRSV_SRR24833895,21,N,OG4,G,AA
hRSV_SRR24833895,22,H,OG4,G,AA
hRSV_SRR24833895,23,L,OG4,G,AA
hRSV_SRR24833895,24,L,OG4,G,AA
hRSV_SRR24833895,25,F,OG4,G,AA
hRSV_SRR24833895,26,I,OG4,G,AA
hRSV_SRR24833895,27,S,OG4,G,AA
hRSV_SRR24833895,28,S,OG4,G,AA
hRSV_SRR24833895,29,C,OG4,G,AA
hRSV_SRR24833895,30,L,OG4,G,AA
hRSV_SRR24833895,31,Y,OG4,G,AA
hRSV_SRR24833895,32,K,OG4,G,AA
hRSV_SRR24833895,33,L,OG4,G,AA
hRSV_SRR24833895,34,N,OG4,G,AA
hRSV_SRR24833895,35,L,OG4,G,AA
hRSV_SRR24833895,36,K,OG4,G,AA
hRSV_SRR24833895,37,S,OG4,G,AA
hRSV_SRR24833895,38,I,OG4,G,AA
hRSV_SRR24833895,39,A,OG4,G,AA
hRSV_SRR24833895,40,Q,OG4,G,AA
hRSV_SRR24833895,41,I,OG4,G,AA
hRSV_SRR24833895,42,T,OG4,G,AA
hRSV_SRR24833895,43,L,OG4,G,AA
hRSV_SRR24833895,44,S,OG4,G,AA
hRSV_SRR24833895,45,I,OG4,G,AA
hRSV_SRR24833895,46,L,OG4,G,AA
hRSV_SRR24833895,47,A,OG4,G,AA
hRSV_SRR24833895,48,M,OG4,G,AA
hRSV_SRR24833895,49,I,OG4,G,AA
hRSV_SRR24833895,50,I,OG4,G,AA
hRSV_SRR24833895,51,S,OG4,G,AA
hRSV_SRR24833895,52,T,OG4,G,AA
hRSV_SRR24833895,53,S,OG4,G,AA
hRSV_SRR24833895,54,L,OG4,G,AA
hRSV_SRR24833895,55,I,OG4,G,AA
hRSV_SRR24833895,56,I,OG4,G,AA
hRSV_SRR24833895,57,A,OG4,G,AA
hRSV_SRR24833895,58,A,OG4,G,AA
hRSV_SRR24833895,59,I,OG4,G,AA
hRSV_SRR24833895,60,I,OG4,G,AA
hRSV_SRR24833895,61,F,OG4,G,AA
hRSV_SRR24833895,62,I,OG4,G,AA
hRSV_SRR24833895,63,A,OG4,G,AA
hRSV_SRR24833895,64,S,OG4,G,AA
hRSV_SRR24833895,65,A,OG4,G,AA
hRSV_SRR24833895,66,N,OG4,G,AA
hRSV_SRR24833895,67,H,OG4,G,AA
hRSV_SRR24833895,68,K,OG4,G,AA
hRSV_SRR24833895,69,V,OG4,G,AA
hRSV_SRR24833895,70,T,OG4,G,AA
hRSV_SRR24833895,71,L,OG4,G,AA
hRSV_SRR24833895,72,T,OG4,G,AA
hRSV_SRR24833895,73,T,OG4,G,AA
hRSV_SRR24833895,74,A,OG4,G,AA
hRSV_SRR24833895,75,I,OG4,G,AA
hRSV_SRR24833895,76,I,OG4,G,AA
hRSV_SRR24833895,77,Q,OG4,G,AA
hRSV_SRR24833895,78,D,OG4,G,AA
hRSV_SRR24833895,79,A,OG4,G,AA
hRSV_SRR24833895,80,T,OG4,G,AA
hRSV_SRR24833895,81,N,OG4,G,AA
hRSV_SRR24833895,82,Q,OG4,G,AA
hRSV_SRR24833895,83,I,OG4,G,AA
hRSV_SRR24833895,84,K,OG4,G,AA
hRSV_SRR24833895,85,N,OG4,G,AA
hRSV_SRR24833895,86,T,OG4,G,AA
hRSV_SRR24833895,87,T,OG4,G,AA
hRSV_SRR24833895,88,P,OG4,G,AA
hRSV_SRR24833895,89,T,OG4,G,AA
hRSV_SRR24833895,90,Y,OG4,G,AA
hRSV_SRR24833895,91,L,OG4,G,AA
hRSV_SRR24833895,92,T,OG4,G,AA
hRSV_SRR24833895,93,Q,OG4,G,AA
hRSV_SRR24833895,94,N,OG4,G,AA
hRSV_SRR24833895,95,P,OG4,G,AA
hRSV_SRR24833895,96,Q,OG4,G,AA
hRSV_SRR24833895,97,L,OG4,G,AA
hRSV_SRR24833895,98,G,OG4,G,AA
hRSV_SRR24833895,99,I,OG4,G,AA
hRSV_SRR24833895,100,S,OG4,G,AA
hRSV_SRR24833895,101,S,OG4,G,AA
hRSV_SRR24833895,102,S,OG4,G,AA
hRSV_SRR24833895,103,N,OG4,G,AA
hRSV_SRR24833895,104,L,OG4,G,AA
hRSV_SRR24833895,105,S,OG4,G,AA
hRSV_SRR24833895,106,G,OG4,G,AA
hRSV_SRR24833895,107,T,OG4,G,AA
hRSV_SRR24833895,108,T,OG4,G,AA
hRSV_SRR24833895,109,S,OG4,G,AA
hRSV_SRR24833895,110,Q,OG4,G,AA
hRSV_SRR24833895,111,S,OG4,G,AA
hRSV_SRR24833895,112,T,OG4,G,AA
hRSV_SRR24833895,113,I,OG4,G,AA
hRSV_SRR24833895,114,I,OG4,G,AA
hRSV_SRR24833895,115,L,OG4,G,AA
hRSV_SRR24833895,116,A,OG4,G,AA
hRSV_SRR24833895,117,S,OG4,G,AA
hRSV_SRR24833895,118,T,OG4,G,AA
hRSV_SRR24833895,119,T,OG4,G,AA
hRSV_SRR24833895,120,P,OG4,G,AA
hRSV_SRR24833895,121,S,OG4,G,AA
hRSV_SRR24833895,122,A,OG4,G,AA
hRSV_SRR24833895,123,E,OG4,G,AA
hRSV_SRR24833895,124,S,OG4,G,AA
hRSV_SRR24833895,125,T,OG4,G,AA
hRSV_SRR24833895,126,P,OG4,G,AA
hRSV_SRR24833895,127,Q,OG4,G,AA
hRSV_SRR24833895,128,S,OG4,G,AA
hRSV_SRR24833895,129,T,OG4,G,AA
hRSV_SRR24833895,130,T,OG4,G,AA
hRSV_SRR24833895,131,D,OG4,G,AA
hRSV_SRR24833895,132,K,OG4,G,AA
hRSV_SRR24833895,133,I,OG4,G,AA
hRSV_SRR24833895,134,K,OG4,G,AA
hRSV_SRR24833895,135,N,OG4,G,AA
hRSV_SRR24833895,136,T,OG4,G,AA
hRSV_SRR24833895,137,T,OG4,G,AA
hRSV_SRR24833895,138,T,OG4,G,AA
hRSV_SRR24833895,139,T,OG4,G,AA
hRSV_SRR24833895,140,Q,OG4,G,AA
hRSV_SRR24833895,141,I,OG4,G,AA
hRSV_SRR24833895,142,L,OG4,G,AA
hRSV_SRR24833895,143,P,OG4,G,AA
hRSV_SRR24833895,144,S,OG4,G,AA
hRSV_SRR24833895,145,K,OG4,G,AA
hRSV_SRR24833895,146,P,OG4,G,AA
hRSV_SRR24833895,147,T,OG4,G,AA
hRSV_SRR24833895,148,T,OG4,G,AA
hRSV_SRR24833895,149,K,OG4,G,AA
hRSV_SRR24833895,150,Q,OG4,G,AA
hRSV_SRR24833895,151,H,OG4,G,AA
hRSV_SRR24833895,152,Q,OG4,G,AA
hRSV_SRR24833895,153,N,OG4,G,AA
hRSV_SRR24833895,154,K,OG4,G,AA
hRSV_SRR24833895,155,P,OG4,G,AA
hRSV_SRR24833895,156,Q,OG4,G,AA
hRSV_SRR24833895,157,N,OG4,G,AA
hRSV_SRR24833895,158,K,OG4,G,AA
hRSV_SRR24833895,159,P,OG4,G,AA
hRSV_SRR24833895,160,N,OG4,G,AA
hRSV_SRR24833895,161,N,OG4,G,AA
hRSV_SRR24833895,162,D,OG4,G,AA
hRSV_SRR24833895,163,F,OG4,G,AA
hRSV_SRR24833895,164,H,OG4,G,AA
hRSV_SRR24833895,165,F,OG4,G,AA
hRSV_SRR24833895,166,E,OG4,G,AA
hRSV_SRR24833895,167,V,OG4,G,AA
hRSV_SRR24833895,168,F,OG4,G,AA
hRSV_SRR24833895,169,N,OG4,G,AA
hRSV_SRR24833895,170,F,OG4,G,AA
hRSV_SRR24833895,171,V,OG4,G,AA
hRSV_SRR24833895,172,P,OG4,G,AA
hRSV_SRR24833895,173,C,OG4,G,AA
hRSV_SRR24833895,174,S,OG4,G,AA
hRSV_SRR24833895,175,I,OG4,G,AA
hRSV_SRR24833895,176,C,OG4,G,AA
hRSV_SRR24833895,177,S,OG4,G,AA
hRSV_SRR24833895,178,G,OG4,G,AA
hRSV_SRR24833895,179,N,OG4,G,AA
hRSV_SRR24833895,180,P,OG4,G,AA
hRSV_SRR24833895,181,T,OG4,G,AA
hRSV_SRR24833895,182,C,OG4,G,AA
hRSV_SRR24833895,183,W,OG4,G,AA
hRSV_SRR24833895,184,A,OG4,G,AA
hRSV_SRR24833895,185,I,OG4,G,AA
hRSV_SRR24833895,186,C,OG4,G,AA
hRSV_SRR24833895,187,K,OG4,G,AA
hRSV_SRR24833895,188,R,OG4,G,AA
hRSV_SRR24833895,189,I,OG4,G,AA
hRSV_SRR24833895,190,P,OG4,G,AA
hRSV_SRR24833895,191,N,OG4,G,AA
hRSV_SRR24833895,192,K,OG4,G,AA
hRSV_SRR24833895,193,K,OG4,G,AA
hRSV_SRR24833895,194,P,OG4,G,AA
hRSV_SRR24833895,195,G,OG4,G,AA
hRSV_SRR24833895,196,K,OG4,G,AA
hRSV_SRR24833895,197,K,OG4,G,AA
hRSV_SRR24833895,198,T,OG4,G,AA
hRSV_SRR24833895,199,T,OG4,G,AA
hRSV_SRR24833895,200,T,OG4,G,AA
hRSV_SRR24833895,201,K,OG4,G,AA
hRSV_SRR24833895,202,P,OG4,G,AA
hRSV_SRR24833895,203,T,OG4,G,AA
hRSV_SRR24833895,204,K,OG4,G,AA
hRSV_SRR24833895,205,K,OG4,G,AA
hRSV_SRR24833895,206,P,OG4,G,AA
hRSV_SRR24833895,207,T,OG4,G,AA
hRSV_SRR24833895,208,L,OG4,G,AA
hRSV_SRR24833895,209,K,OG4,G,AA
hRSV_SRR24833895,210,T,OG4,G,AA
hRSV_SRR24833895,211,T,OG4,G,AA
hRSV_SRR24833895,212,-,OG4,G,AA
hRSV_SRR24833895,213,K,OG4,G,AA
hRSV_SRR24833895,214,K,OG4,G,AA
hRSV_SRR24833895,215,D,OG4,G,AA
hRSV_SRR24833895,216,P,OG4,G,AA
hRSV_SRR24833895,217,K,OG4,G,AA
hRSV_SRR24833895,218,P,OG4,G,AA
hRSV_SRR24833895,219,Q,OG4,G,AA
hRSV_SRR24833895,220,T,OG4,G,AA
hRSV_SRR24833895,221,T,OG4,G,AA
hRSV_SRR24833895,222,K,OG4,G,AA
hRSV_SRR24833895,223,P,OG4,G,AA
hRSV_SRR24833895,224,K,OG4,G,AA
hRSV_SRR24833895,225,E,OG4,G,AA
hRSV_SRR24833895,226,A,OG4,G,AA
hRSV_SRR24833895,227,L,OG4,G,AA
hRSV_SRR24833895,228,T,OG4,G,AA
hRSV_SRR24833895,229,T,OG4,G,AA
hRSV_SRR24833895,230,K,OG4,G,AA
hRSV_SRR24833895,231,T,OG4,G,AA
hRSV_SRR24833895,232,T,OG4,G,AA
hRSV_SRR24833895,233,G,OG4,G,AA
hRSV_SRR24833895,234,K,OG4,G,AA
hRSV_SRR24833895,235,P,OG4,G,AA
hRSV_SRR24833895,236,T,OG4,G,AA
hRSV_SRR24833895,237,I,OG4,G,AA
hRSV_SRR24833895,238,N,OG4,G,AA
hRSV_SRR24833895,239,T,OG4,G,AA
hRSV_SRR24833895,240,T,OG4,G,AA
hRSV_SRR24833895,241,K,OG4,G,AA
hRSV_SRR24833895,242,T,OG4,G,AA
hRSV_SRR24833895,243,N,OG4,G,AA
hRSV_SRR24833895,244,I,OG4,G,AA
hRSV_SRR24833895,245,R,OG4,G,AA
hRSV_SRR24833895,246,T,OG4,G,AA
hRSV_SRR24833895,247,-,OG4,G,AA
hRSV_SRR24833895,248,-,OG4,G,AA
hRSV_SRR24833895,249,-,OG4,G,AA
hRSV_SRR24833895,250,T,OG4,G,AA
hRSV_SRR24833895,251,L,OG4,G,AA
hRSV_SRR24833895,252,L,OG4,G,AA
hRSV_SRR24833895,253,T,OG4,G,AA
hRSV_SRR24833895,254,F,OG4,G,AA
hRSV_SRR24833895,255,N,OG4,G,AA
hRSV_SRR24833895,256,T,OG4,G,AA
hRSV_SRR24833895,257,K,OG4,G,AA
hRSV_SRR24833895,258,G,OG4,G,AA
hRSV_SRR24833895,259,N,OG4,G,AA
hRSV_SRR24833895,260,P,OG4,G,AA
hRSV_SRR24833895,261,E,OG4,G,AA
hRSV_SRR24833895,262,Q,OG4,G,AA
hRSV_SRR24833895,263,-,OG4,G,AA
hRSV_SRR24833895,264,-,OG4,G,AA
hRSV_SRR24833895,265,-,OG4,G,AA
hRSV_SRR24833895,266,T,OG4,G,AA
hRSV_SRR24833895,267,S,OG4,G,AA
hRSV_SRR24833895,268,Q,OG4,G,AA
hRSV_SRR24833895,269,E,OG4,G,AA
hRSV_SRR24833895,270,K,OG4,G,AA
hRSV_SRR24833895,271,T,OG4,G,AA
hRSV_SRR24833895,272,L,OG4,G,AA
hRSV_SRR24833895,273,L,OG4,G,AA
hRSV_SRR24833895,274,L,OG4,G,AA
hRSV_SRR24833895,275,T,OG4,G,AA
hRSV_SRR24833895,276,T,OG4,G,AA
hRSV_SRR24833895,277,S,OG4,G,AA
hRSV_SRR24833895,278,E,OG4,G,AA
hRSV_SRR24833895,279,G,OG4,G,AA
hRSV_SRR24833895,280,Y,OG4,G,AA
hRSV_SRR24833895,281,P,OG4,G,AA
hRSV_SRR24833895,282,S,OG4,G,AA
hRSV_SRR24833895,283,P,OG4,G,AA
hRSV_SRR24833895,284,S,OG4,G,AA
hRSV_SRR24833895,285,Q,OG4,G,AA
hRSV_SRR24833895,286,V,OG4,G,AA
hRSV_SRR24833895,287,Y,OG4,G,AA
hRSV_SRR24833895,288,T,OG4,G,AA
hRSV_SRR24833895,289,T,OG4,G,AA
hRSV_SRR24833895,290,S,OG4,G,AA
hRSV_SRR24833895,291,G,OG4,G,AA
hRSV_SRR24833895,292,Q,OG4,G,AA
hRSV_SRR24833895,293,E,OG4,G,AA
hRSV_SRR24833895,294,E,OG4,G,AA
hRSV_SRR24833895,295,T,OG4,G,AA
hRSV_SRR24833895,296,L,OG4,G,AA
hRSV_SRR24833895,297,H,OG4,G,AA
hRSV_SRR24833895,298,S,OG4,G,AA
hRSV_SRR24833895,299,T,OG4,G,AA
hRSV_SRR24833895,300,T,OG4,G,AA
hRSV_SRR24833895,301,S,OG4,G,AA
hRSV_SRR24833895,302,E,OG4,G,AA
hRSV_SRR24833895,303,G,OG4,G,AA
hRSV_SRR24833895,304,Y,OG4,G,AA
hRSV_SRR24833895,305,L,OG4,G,AA
hRSV_SRR24833895,306,S,OG4,G,AA
hRSV_SRR24833895,307,P,OG4,G,AA
hRSV_SRR24833895,308,S,OG4,G,AA
hRSV_SRR24833895,309,Q,OG4,G,AA
hRSV_SRR24833895,310,V,OG4,G,AA
hRSV_SRR24833895,311,Y,OG4,G,AA
hRSV_SRR24833895,312,T,OG4,G,AA
hRSV_SRR24833895,313,T,OG4,G,AA
hRSV_SRR24833895,314,S,OG4,G,AA
hRSV_SRR24833895,315,K,OG4,G,AA
hRSV_SRR24833895,316,Y,OG4,G,AA
hRSV_SRR24833895,317,L,OG4,G,AA
hRSV_SRR24833895,318,S,OG4,G,AA
hRSV_SRR24833895,319,Q,OG4,G,AA
hRSV_SRR24833895,320,S,OG4,G,AA
hRSV_SRR24833895,321,L,OG4,G,AA
hRSV_SRR24833895,322,S,OG4,G,AA
hRSV_SRR24833895,323,X,OG4,G,AA
hRSV_SRR24833895,324,S,OG4,G,AA
hRSV_SRR24833895,325,N,OG4,G,AA
hRSV_SRR24833895,326,T,OG4,G,AA
hRSV_SRR24833895,327,T,OG4,G,AA
hRSV_SRR24833895,328,K,OG4,G,AA
hRSV_SRR24833895,329,-,OG4,G,AA
hRSV_SRR24833886,1,L,OG5,M,AA
hRSV_SRR24833886,2,I,OG5,M,AA
hRSV_SRR24833886,3,N,OG5,M,AA
hRSV_SRR24833886,4,Q,OG5,M,AA
hRSV_SRR24833886,5,X,OG5,M,AA
hRSV_SRR24833886,6,X,OG5,M,AA
hRSV_SRR24833886,7,D,OG5,M,AA
hRSV_SRR24833886,8,K,OG5,M,AA
hRSV_SRR24833886,9,I,OG5,M,AA
hRSV_SRR24833886,10,N,OG5,M,AA
hRSV_SRR24833886,11,N,OG5,M,AA
hRSV_SRR24833886,12,I,OG5,M,AA
hRSV_SRR24833886,13,V,OG5,M,AA
hRSV_SRR24833886,14,T,OG5,M,AA
hRSV_SRR24833886,15,K,OG5,M,AA
hRSV_SRR24833886,16,K,OG5,M,AA
hRSV_SRR24833886,17,E,OG5,M,AA
hRSV_SRR24833886,18,Q,OG5,M,AA
hRSV_SRR24833886,19,D,OG5,M,AA
hRSV_SRR24833886,20,G,OG5,M,AA
hRSV_SRR24833886,21,A,OG5,M,AA
hRSV_SRR24833886,22,N,OG5,M,AA
hRSV_SRR24833886,23,M,OG5,M,AA
hRSV_SRR24833886,24,E,OG5,M,AA
hRSV_SRR24833886,25,T,OG5,M,AA
hRSV_SRR24833886,26,Y,OG5,M,AA
hRSV_SRR24833886,27,V,OG5,M,AA
hRSV_SRR24833886,28,N,OG5,M,AA
hRSV_SRR24833886,29,K,OG5,M,AA
hRSV_SRR24833886,30,X,OG5,M,AA
hRSV_SRR24833886,31,H,OG5,M,AA
hRSV_SRR24833886,32,E,OG5,M,AA
hRSV_SRR24833886,33,G,OG5,M,AA
hRSV_SRR24833886,34,S,OG5,M,AA
hRSV_SRR24833886,35,T,OG5,M,AA
hRSV_SRR24833886,36,Y,OG5,M,AA
hRSV_SRR24833886,37,T,OG5,M,AA
hRSV_SRR24833886,38,A,OG5,M,AA
hRSV_SRR24833886,39,A,OG5,M,AA
hRSV_SRR24833886,40,V,OG5,M,AA
hRSV_SRR24833886,41,Q,OG5,M,AA
hRSV_SRR24833886,42,Y,OG5,M,AA
hRSV_SRR24833886,43,N,OG5,M,AA
hRSV_SRR24833886,44,V,OG5,M,AA
hRSV_SRR24833886,45,L,OG5,M,AA
hRSV_SRR24833886,46,E,OG5,M,AA
hRSV_SRR24833886,47,K,OG5,M,AA
hRSV_SRR24833886,48,D,OG5,M,AA
hRSV_SRR24833886,49,D,OG5,M,AA
hRSV_SRR24833886,50,D,OG5,M,AA
hRSV_SRR24833886,51,P,OG5,M,AA
hRSV_SRR24833886,52,A,OG5,M,AA
hRSV_SRR24833886,53,S,OG5,M,AA
hRSV_SRR24833886,54,L,OG5,M,AA
hRSV_SRR24833886,55,T,OG5,M,AA
hRSV_SRR24833886,56,I,OG5,M,AA
hRSV_SRR24833886,57,W,OG5,M,AA
hRSV_SRR24833886,58,V,OG5,M,AA
hRSV_SRR24833886,59,P,OG5,M,AA
hRSV_SRR24833886,60,M,OG5,M,AA
hRSV_SRR24833886,61,F,OG5,M,AA
hRSV_SRR24833886,62,Q,OG5,M,AA
hRSV_SRR24833886,63,S,OG5,M,AA
hRSV_SRR24833886,64,S,OG5,M,AA
hRSV_SRR24833886,65,V,OG5,M,AA
hRSV_SRR24833886,66,P,OG5,M,AA
hRSV_SRR24833886,67,A,OG5,M,AA
hRSV_SRR24833886,68,D,OG5,M,AA
hRSV_SRR24833886,69,L,OG5,M,AA
hRSV_SRR24833886,70,L,OG5,M,AA
hRSV_SRR24833886,71,I,OG5,M,AA
hRSV_SRR24833886,72,K,OG5,M,AA
hRSV_SRR24833886,73,E,OG5,M,AA
hRSV_SRR24833886,74,L,OG5,M,AA
hRSV_SRR24833886,75,A,OG5,M,AA
hRSV_SRR24833886,76,S,OG5,M,AA
hRSV_SRR24833886,77,I,OG5,M,AA
hRSV_SRR24833886,78,N,OG5,M,AA
hRSV_SRR24833886,79,I,OG5,M,AA
hRSV_SRR24833886,80,L,OG5,M,AA
hRSV_SRR24833886,81,V,OG5,M,AA
hRSV_SRR24833886,82,K,OG5,M,AA
hRSV_SRR24833886,83,Q,OG5,M,AA
hRSV_SRR24833886,84,I,OG5,M,AA
hRSV_SRR24833886,85,S,OG5,M,AA
hRSV_SRR24833886,86,T,OG5,M,AA
hRSV_SRR24833886,87,P,OG5,M,AA
hRSV_SRR24833886,88,K,OG5,M,AA
hRSV_SRR24833886,89,G,OG5,M,AA
hRSV_SRR24833886,90,P,OG5,M,AA
hRSV_SRR24833886,91,S,OG5,M,AA
hRSV_SRR24833886,92,L,OG5,M,AA
hRSV_SRR24833886,93,R,OG5,M,AA
hRSV_SRR24833886,94,V,OG5,M,AA
hRSV_SRR24833886,95,T,OG5,M,AA
hRSV_SRR24833886,96,I,OG5,M,AA
hRSV_SRR24833886,97,N,OG5,M,AA
hRSV_SRR24833886,98,S,OG5,M,AA
hRSV_SRR24833886,99,R,OG5,M,AA
hRSV_SRR24833886,100,X,OG5,M,AA
hRSV_SRR24833886,101,X,OG5,M,AA
hRSV_SRR24833886,102,X,OG5,M,AA
hRSV_SRR24833886,103,X,OG5,M,AA
hRSV_SRR24833886,104,X,OG5,M,AA
hRSV_SRR24833886,105,X,OG5,M,AA
hRSV_SRR24833886,106,X,OG5,M,AA
hRSV_SRR24833886,107,X,OG5,M,AA
hRSV_SRR24833886,108,X,OG5,M,AA
hRSV_SRR24833886,109,X,OG5,M,AA
hRSV_SRR24833886,110,X,OG5,M,AA
hRSV_SRR24833886,111,X,OG5,M,AA
hRSV_SRR24833886,112,X,OG5,M,AA
hRSV_SRR24833886,113,X,OG5,M,AA
hRSV_SRR24833886,114,X,OG5,M,AA
hRSV_SRR24833886,115,X,OG5,M,AA
hRSV_SRR24833886,116,X,OG5,M,AA
hRSV_SRR24833886,117,X,OG5,M,AA
hRSV_SRR24833886,118,X,OG5,M,AA
hRSV_SRR24833886,119,X,OG5,M,AA
hRSV_SRR24833886,120,X,OG5,M,AA
hRSV_SRR24833886,121,X,OG5,M,AA
hRSV_SRR24833886,122,X,OG5,M,AA
hRSV_SRR24833886,123,X,OG5,M,AA
hRSV_SRR24833886,124,X,OG5,M,AA
hRSV_SRR24833886,125,X,OG5,M,AA
hRSV_SRR24833886,126,X,OG5,M,AA
hRSV_SRR24833886,127,X,OG5,M,AA
hRSV_SRR24833886,128,X,OG5,M,AA
hRSV_SRR24833886,129,X,OG5,M,AA
hRSV_SRR24833886,130,X,OG5,M,AA
hRSV_SRR24833886,131,X,OG5,M,AA
hRSV_SRR24833886,132,X,OG5,M,AA
hRSV_SRR24833886,133,X,OG5,M,AA
hRSV_SRR24833886,134,X,OG5,M,AA
hRSV_SRR24833886,135,X,OG5,M,AA
hRSV_SRR24833886,136,X,OG5,M,AA
hRSV_SRR24833886,137,X,OG5,M,AA
hRSV_SRR24833886,138,X,OG5,M,AA
hRSV_SRR24833886,139,X,OG5,M,AA
hRSV_SRR24833886,140,X,OG5,M,AA
hRSV_SRR24833886,141,X,OG5,M,AA
hRSV_SRR24833886,142,X,OG5,M,AA
hRSV_SRR24833886,143,X,OG5,M,AA
hRSV_SRR24833886,144,X,OG5,M,AA
hRSV_SRR24833886,145,X,OG5,M,AA
hRSV_SRR24833886,146,X,OG5,M,AA
hRSV_SRR24833886,147,X,OG5,M,AA
hRSV_SRR24833886,148,X,OG5,M,AA
hRSV_SRR24833886,149,X,OG5,M,AA
hRSV_SRR24833886,150,X,OG5,M,AA
hRSV_SRR24833886,151,X,OG5,M,AA
hRSV_SRR24833886,152,X,OG5,M,AA
hRSV_SRR24833886,153,X,OG5,M,AA
hRSV_SRR24833886,154,X,OG5,M,AA
hRSV_SRR24833886,155,X,OG5,M,AA
hRSV_SRR24833886,156,X,OG5,M,AA
hRSV_SRR24833886,157,X,OG5,M,AA
hRSV_SRR24833886,158,X,OG5,M,AA
hRSV_SRR24833886,159,X,OG5,M,AA
hRSV_SRR24833886,160,X,OG5,M,AA
hRSV_SRR24833886,161,X,OG5,M,AA
hRSV_SRR24833886,162,X,OG5,M,AA
hRSV_SRR24833886,163,X,OG5,M,AA
hRSV_SRR24833886,164,X,OG5,M,AA
hRSV_SRR24833886,165,X,OG5,M,AA
hRSV_SRR24833886,166,X,OG5,M,AA
hRSV_SRR24833886,167,X,OG5,M,AA
hRSV_SRR24833886,168,X,OG5,M,AA
hRSV_SRR24833886,169,X,OG5,M,AA
hRSV_SRR24833886,170,X,OG5,M,AA
hRSV_SRR24833886,171,X,OG5,M,AA
hRSV_SRR24833886,172,X,OG5,M,AA
hRSV_SRR24833886,173,X,OG5,M,AA
hRSV_SRR24833886,174,X,OG5,M,AA
hRSV_SRR24833886,175,X,OG5,M,AA
hRSV_SRR24833886,176,X,OG5,M,AA
hRSV_SRR24833886,177,X,OG5,M,AA
hRSV_SRR24833886,178,X,OG5,M,AA
hRSV_SRR24833886,179,X,OG5,M,AA
hRSV_SRR24833886,180,X,OG5,M,AA
hRSV_SRR24833886,181,X,OG5,M,AA
hRSV_SRR24833886,182,X,OG5,M,AA
hRSV_SRR24833886,183,X,OG5,M,AA
hRSV_SRR24833886,184,X,OG5,M,AA
hRSV_SRR24833886,185,X,OG5,M,AA
hRSV_SRR24833886,186,X,OG5,M,AA
hRSV_SRR24833886,187,X,OG5,M,AA
hRSV_SRR24833886,188,X,OG5,M,AA
hRSV_SRR24833886,189,X,OG5,M,AA
hRSV_SRR24833886,190,X,OG5,M,AA
hRSV_SRR24833886,191,X,OG5,M,AA
hRSV_SRR24833886,192,X,OG5,M,AA
hRSV_SRR24833886,193,X,OG5,M,AA
hRSV_SRR24833886,194,X,OG5,M,AA
hRSV_SRR24833886,195,X,OG5,M,AA
hRSV_SRR24833886,196,X,OG5,M,AA
hRSV_SRR24833886,197,X,OG5,M,AA
hRSV_SRR24833886,198,X,OG5,M,AA
hRSV_SRR24833886,199,X,OG5,M,AA
hRSV_SRR24833886,200,X,OG5,M,AA
hRSV_SRR24833886,201,X,OG5,M,AA
hRSV_SRR24833886,202,X,OG5,M,AA
hRSV_SRR24833886,203,X,OG5,M,AA
hRSV_SRR24833886,204,X,OG5,M,AA
hRSV_SRR24833886,205,X,OG5,M,AA
hRSV_SRR24833886,206,X,OG5,M,AA
hRSV_SRR24833886,207,X,OG5,M,AA
hRSV_SRR24833886,208,X,OG5,M,AA
hRSV_SRR24833886,209,X,OG5,M,AA
hRSV_SRR24833886,210,X,OG5,M,AA
hRSV_SRR24833886,211,X,OG5,M,AA
hRSV_SRR24833886,212,X,OG5,M,AA
hRSV_SRR24833886,213,X,OG5,M,AA
hRSV_SRR24833886,214,X,OG5,M,AA
hRSV_SRR24833886,215,X,OG5,M,AA
hRSV_SRR24833886,216,X,OG5,M,AA
hRSV_SRR24833886,217,X,OG5,M,AA
hRSV_SRR24833886,218,X,OG5,M,AA
hRSV_SRR24833886,219,X,OG5,M,AA
hRSV_SRR24833886,220,X,OG5,M,AA
hRSV_SRR24833886,221,X,OG5,M,AA
hRSV_SRR24833886,222,X,OG5,M,AA
hRSV_SRR24833886,223,X,OG5,M,AA
hRSV_SRR24833886,224,X,OG5,M,AA
hRSV_SRR24833886,225,X,OG5,M,AA
hRSV_SRR24833886,226,X,OG5,M,AA
hRSV_SRR24833886,227,X,OG5,M,AA
hRSV_SRR24833886,228,X,OG5,M,AA
hRSV_SRR24833886,229,X,OG5,M,AA
hRSV_SRR24833886,230,X,OG5,M,AA
hRSV_SRR24833886,231,X,OG5,M,AA
hRSV_SRR24833886,232,X,OG5,M,AA
hRSV_SRR24833886,233,X,OG5,M,AA
hRSV_SRR24833886,234,X,OG5,M,AA
hRSV_SRR24833886,235,X,OG5,M,AA
hRSV_SRR24833886,236,X,OG5,M,AA
hRSV_SRR24833886,237,X,OG5,M,AA
hRSV_SRR24833886,238,X,OG5,M,AA
hRSV_SRR24833886,239,X,OG5,M,AA
hRSV_SRR24833886,240,X,OG5,M,AA
hRSV_SRR24833886,241,X,OG5,M,AA
hRSV_SRR24833886,242,X,OG5,M,AA
hRSV_SRR24833886,243,X,OG5,M,AA
hRSV_SRR24833886,244,X,OG5,M,AA
hRSV_SRR24833886,245,X,OG5,M,AA
hRSV_SRR24833886,246,X,OG5,M,AA
hRSV_SRR24833886,247,X,OG5,M,AA
hRSV_SRR24833886,248,X,OG5,M,AA
hRSV_SRR24833886,249,X,OG5,M,AA
hRSV_SRR24833886,250,X,OG5,M,AA
hRSV_SRR24833886,251,X,OG5,M,AA
hRSV_SRR24833886,252,X,OG5,M,AA
hRSV_SRR24833886,253,X,OG5,M,AA
hRSV_SRR24833886,254,X,OG5,M,AA
hRSV_SRR24833886,255,X,OG5,M,AA
hRSV_SRR24833886,256,X,OG5,M,AA
hRSV_SRR24833886,257,X,OG5,M,AA
hRSV_SRR24833886,258,X,OG5,M,AA
hRSV_SRR24833886,259,X,OG5,M,AA
hRSV_SRR24833886,260,X,OG5,M,AA
hRSV_SRR24833886,261,X,OG5,M,AA
hRSV_SRR24833886,262,X,OG5,M,AA
hRSV_SRR24833886,263,X,OG5,M,AA
hRSV_SRR24833886,264,X,OG5,M,AA
hRSV_SRR24833886,265,X,OG5,M,AA
hRSV_SRR24833886,266,X,OG5,M,AA
hRSV_SRR24833886,267,X,OG5,M,AA
hRSV_SRR24833886,268,X,OG5,M,AA
hRSV_SRR24833886,269,X,OG5,M,AA
hRSV_SRR24833886,270,X,OG5,M,AA
hRSV_SRR24833886,271,X,OG5,M,AA
hRSV_SRR24833886,272,X,OG5,M,AA
hRSV_SRR24833886,273,X,OG5,M,AA
hRSV_SRR24833886,274,X,OG5,M,AA
hRSV_SRR24833886,275,X,OG5,M,AA
hRSV_SRR24833886,276,X,OG5,M,AA
hRSV_SRR24833886,277,X,OG5,M,AA
hRSV_SRR24833886,278,X,OG5,M,AA
hRSV_SRR24833888,1,-,OG5,M,AA
hRSV_SRR24833888,2,-,OG5,M,AA
hRSV_SRR24833888,3,-,OG5,M,AA
hRSV_SRR24833888,4,-,OG5,M,AA
hRSV_SRR24833888,5,-,OG5,M,AA
hRSV_SRR24833888,6,-,OG5,M,AA
hRSV_SRR24833888,7,-,OG5,M,AA
hRSV_SRR24833888,8,-,OG5,M,AA
hRSV_SRR24833888,9,-,OG5,M,AA
hRSV_SRR24833888,10,-,OG5,M,AA
hRSV_SRR24833888,11,-,OG5,M,AA
hRSV_SRR24833888,12,-,OG5,M,AA
hRSV_SRR24833888,13,-,OG5,M,AA
hRSV_SRR24833888,14,-,OG5,M,AA
hRSV_SRR24833888,15,-,OG5,M,AA
hRSV_SRR24833888,16,-,OG5,M,AA
hRSV_SRR24833888,17,-,OG5,M,AA
hRSV_SRR24833888,18,-,OG5,M,AA
hRSV_SRR24833888,19,-,OG5,M,AA
hRSV_SRR24833888,20,-,OG5,M,AA
hRSV_SRR24833888,21,-,OG5,M,AA
hRSV_SRR24833888,22,-,OG5,M,AA
hRSV_SRR24833888,23,M,OG5,M,AA
hRSV_SRR24833888,24,E,OG5,M,AA
hRSV_SRR24833888,25,T,OG5,M,AA
hRSV_SRR24833888,26,Y,OG5,M,AA
hRSV_SRR24833888,27,V,OG5,M,AA
hRSV_SRR24833888,28,N,OG5,M,AA
hRSV_SRR24833888,29,K,OG5,M,AA
hRSV_SRR24833888,30,L,OG5,M,AA
hRSV_SRR24833888,31,H,OG5,M,AA
hRSV_SRR24833888,32,E,OG5,M,AA
hRSV_SRR24833888,33,G,OG5,M,AA
hRSV_SRR24833888,34,S,OG5,M,AA
hRSV_SRR24833888,35,T,OG5,M,AA
hRSV_SRR24833888,36,Y,OG5,M,AA
hRSV_SRR24833888,37,T,OG5,M,AA
hRSV_SRR24833888,38,A,OG5,M,AA
hRSV_SRR24833888,39,A,OG5,M,AA
hRSV_SRR24833888,40,V,OG5,M,AA
hRSV_SRR24833888,41,Q,OG5,M,AA
hRSV_SRR24833888,42,Y,OG5,M,AA
hRSV_SRR24833888,43,N,OG5,M,AA
hRSV_SRR24833888,44,V,OG5,M,AA
hRSV_SRR24833888,45,L,OG5,M,AA
hRSV_SRR24833888,46,E,OG5,M,AA
hRSV_SRR24833888,47,K,OG5,M,AA
hRSV_SRR24833888,48,D,OG5,M,AA
hRSV_SRR24833888,49,D,OG5,M,AA
hRSV_SRR24833888,50,D,OG5,M,AA
hRSV_SRR24833888,51,P,OG5,M,AA
hRSV_SRR24833888,52,A,OG5,M,AA
hRSV_SRR24833888,53,S,OG5,M,AA
hRSV_SRR24833888,54,L,OG5,M,AA
hRSV_SRR24833888,55,T,OG5,M,AA
hRSV_SRR24833888,56,I,OG5,M,AA
hRSV_SRR24833888,57,W,OG5,M,AA
hRSV_SRR24833888,58,V,OG5,M,AA
hRSV_SRR24833888,59,P,OG5,M,AA
hRSV_SRR24833888,60,M,OG5,M,AA
hRSV_SRR24833888,61,F,OG5,M,AA
hRSV_SRR24833888,62,Q,OG5,M,AA
hRSV_SRR24833888,63,S,OG5,M,AA
hRSV_SRR24833888,64,S,OG5,M,AA
hRSV_SRR24833888,65,M,OG5,M,AA
hRSV_SRR24833888,66,P,OG5,M,AA
hRSV_SRR24833888,67,A,OG5,M,AA
hRSV_SRR24833888,68,D,OG5,M,AA
hRSV_SRR24833888,69,L,OG5,M,AA
hRSV_SRR24833888,70,L,OG5,M,AA
hRSV_SRR24833888,71,I,OG5,M,AA
hRSV_SRR24833888,72,K,OG5,M,AA
hRSV_SRR24833888,73,E,OG5,M,AA
hRSV_SRR24833888,74,L,OG5,M,AA
hRSV_SRR24833888,75,A,OG5,M,AA
hRSV_SRR24833888,76,N,OG5,M,AA
hRSV_SRR24833888,77,V,OG5,M,AA
hRSV_SRR24833888,78,N,OG5,M,AA
hRSV_SRR24833888,79,I,OG5,M,AA
hRSV_SRR24833888,80,L,OG5,M,AA
hRSV_SRR24833888,81,V,OG5,M,AA
hRSV_SRR24833888,82,K,OG5,M,AA
hRSV_SRR24833888,83,Q,OG5,M,AA
hRSV_SRR24833888,84,I,OG5,M,AA
hRSV_SRR24833888,85,S,OG5,M,AA
hRSV_SRR24833888,86,T,OG5,M,AA
hRSV_SRR24833888,87,P,OG5,M,AA
hRSV_SRR24833888,88,K,OG5,M,AA
hRSV_SRR24833888,89,G,OG5,M,AA
hRSV_SRR24833888,90,P,OG5,M,AA
hRSV_SRR24833888,91,S,OG5,M,AA
hRSV_SRR24833888,92,L,OG5,M,AA
hRSV_SRR24833888,93,R,OG5,M,AA
hRSV_SRR24833888,94,V,OG5,M,AA
hRSV_SRR24833888,95,L,OG5,M,AA
hRSV_SRR24833888,96,I,OG5,M,AA
hRSV_SRR24833888,97,N,OG5,M,AA
hRSV_SRR24833888,98,S,OG5,M,AA
hRSV_SRR24833888,99,R,OG5,M,AA
hRSV_SRR24833888,100,S,OG5,M,AA
hRSV_SRR24833888,101,A,OG5,M,AA
hRSV_SRR24833888,102,V,OG5,M,AA
hRSV_SRR24833888,103,L,OG5,M,AA
hRSV_SRR24833888,104,A,OG5,M,AA
hRSV_SRR24833888,105,Q,OG5,M,AA
hRSV_SRR24833888,106,M,OG5,M,AA
hRSV_SRR24833888,107,P,OG5,M,AA
hRSV_SRR24833888,108,S,OG5,M,AA
hRSV_SRR24833888,109,K,OG5,M,AA
hRSV_SRR24833888,110,F,OG5,M,AA
hRSV_SRR24833888,111,T,OG5,M,AA
hRSV_SRR24833888,112,I,OG5,M,AA
hRSV_SRR24833888,113,C,OG5,M,AA
hRSV_SRR24833888,114,A,OG5,M,AA
hRSV_SRR24833888,115,N,OG5,M,AA
hRSV_SRR24833888,116,V,OG5,M,AA
hRSV_SRR24833888,117,S,OG5,M,AA
hRSV_SRR24833888,118,L,OG5,M,AA
hRSV_SRR24833888,119,D,OG5,M,AA
hRSV_SRR24833888,120,E,OG5,M,AA
hRSV_SRR24833888,121,R,OG5,M,AA
hRSV_SRR24833888,122,S,OG5,M,AA
hRSV_SRR24833888,123,K,OG5,M,AA
hRSV_SRR24833888,124,L,OG5,M,AA
hRSV_SRR24833888,125,A,OG5,M,AA
hRSV_SRR24833888,126,Y,OG5,M,AA
hRSV_SRR24833888,127,D,OG5,M,AA
hRSV_SRR24833888,128,V,OG5,M,AA
hRSV_SRR24833888,129,T,OG5,M,AA
hRSV_SRR24833888,130,T,OG5,M,AA
hRSV_SRR24833888,131,P,OG5,M,AA
hRSV_SRR24833888,132,C,OG5,M,AA
hRSV_SRR24833888,133,E,OG5,M,AA
hRSV_SRR24833888,134,I,OG5,M,AA
hRSV_SRR24833888,135,K,OG5,M,AA
hRSV_SRR24833888,136,A,OG5,M,AA
hRSV_SRR24833888,137,C,OG5,M,AA
hRSV_SRR24833888,138,S,OG5,M,AA
hRSV_SRR24833888,139,L,OG5,M,AA
hRSV_SRR24833888,140,T,OG5,M,AA
hRSV_SRR24833888,141,C,OG5,M,AA
hRSV_SRR24833888,142,L,OG5,M,AA
hRSV_SRR24833888,143,K,OG5,M,AA
hRSV_SRR24833888,144,S,OG5,M,AA
hRSV_SRR24833888,145,K,OG5,M,AA
hRSV_SRR24833888,146,N,OG5,M,AA
hRSV_SRR24833888,147,M,OG5,M,AA
hRSV_SRR24833888,148,L,OG5,M,AA
hRSV_SRR24833888,149,T,OG5,M,AA
hRSV_SRR24833888,150,T,OG5,M,AA
hRSV_SRR24833888,151,V,OG5,M,AA
hRSV_SRR24833888,152,K,OG5,M,AA
hRSV_SRR24833888,153,D,OG5,M,AA
hRSV_SRR24833888,154,L,OG5,M,AA
hRSV_SRR24833888,155,T,OG5,M,AA
hRSV_SRR24833888,156,M,OG5,M,AA
hRSV_SRR24833888,157,K,OG5,M,AA
hRSV_SRR24833888,158,T,OG5,M,AA
hRSV_SRR24833888,159,L,OG5,M,AA
hRSV_SRR24833888,160,N,OG5,M,AA
hRSV_SRR24833888,161,P,OG5,M,AA
hRSV_SRR24833888,162,T,OG5,M,AA
hRSV_SRR24833888,163,H,OG5,M,AA
hRSV_SRR24833888,164,D,OG5,M,AA
hRSV_SRR24833888,165,I,OG5,M,AA
hRSV_SRR24833888,166,I,OG5,M,AA
hRSV_SRR24833888,167,A,OG5,M,AA
hRSV_SRR24833888,168,L,OG5,M,AA
hRSV_SRR24833888,169,C,OG5,M,AA
hRSV_SRR24833888,170,E,OG5,M,AA
hRSV_SRR24833888,171,F,OG5,M,AA
hRSV_SRR24833888,172,E,OG5,M,AA
hRSV_SRR24833888,173,N,OG5,M,AA
hRSV_SRR24833888,174,I,OG5,M,AA
hRSV_SRR24833888,175,V,OG5,M,AA
hRSV_SRR24833888,176,T,OG5,M,AA
hRSV_SRR24833888,177,S,OG5,M,AA
hRSV_SRR24833888,178,K,OG5,M,AA
hRSV_SRR24833888,179,K,OG5,M,AA
hRSV_SRR24833888,180,V,OG5,M,AA
hRSV_SRR24833888,181,I,OG5,M,AA
hRSV_SRR24833888,182,I,OG5,M,AA
hRSV_SRR24833888,183,P,OG5,M,AA
hRSV_SRR24833888,184,T,OG5,M,AA
hRSV_SRR24833888,185,Y,OG5,M,AA
hRSV_SRR24833888,186,L,OG5,M,AA
hRSV_SRR24833888,187,R,OG5,M,AA
hRSV_SRR24833888,188,S,OG5,M,AA
hRSV_SRR24833888,189,I,OG5,M,AA
hRSV_SRR24833888,190,S,OG5,M,AA
hRSV_SRR24833888,191,V,OG5,M,AA
hRSV_SRR24833888,192,R,OG5,M,AA
hRSV_SRR24833888,193,N,OG5,M,AA
hRSV_SRR24833888,194,K,OG5,M,AA
hRSV_SRR24833888,195,D,OG5,M,AA
hRSV_SRR24833888,196,L,OG5,M,AA
hRSV_SRR24833888,197,N,OG5,M,AA
hRSV_SRR24833888,198,T,OG5,M,AA
hRSV_SRR24833888,199,L,OG5,M,AA
hRSV_SRR24833888,200,E,OG5,M,AA
hRSV_SRR24833888,201,N,OG5,M,AA
hRSV_SRR24833888,202,I,OG5,M,AA
hRSV_SRR24833888,203,T,OG5,M,AA
hRSV_SRR24833888,204,T,OG5,M,AA
hRSV_SRR24833888,205,T,OG5,M,AA
hRSV_SRR24833888,206,E,OG5,M,AA
hRSV_SRR24833888,207,F,OG5,M,AA
hRSV_SRR24833888,208,K,OG5,M,AA
hRSV_SRR24833888,209,N,OG5,M,AA
hRSV_SRR24833888,210,X,OG5,M,AA
hRSV_SRR24833888,211,X,OG5,M,AA
hRSV_SRR24833888,212,X,OG5,M,AA
hRSV_SRR24833888,213,X,OG5,M,AA
hRSV_SRR24833888,214,X,OG5,M,AA
hRSV_SRR24833888,215,X,OG5,M,AA
hRSV_SRR24833888,216,X,OG5,M,AA
hRSV_SRR24833888,217,X,OG5,M,AA
hRSV_SRR24833888,218,X,OG5,M,AA
hRSV_SRR24833888,219,X,OG5,M,AA
hRSV_SRR24833888,220,X,OG5,M,AA
hRSV_SRR24833888,221,X,OG5,M,AA
hRSV_SRR24833888,222,X,OG5,M,AA
hRSV_SRR24833888,223,X,OG5,M,AA
hRSV_SRR24833888,224,X,OG5,M,AA
hRSV_SRR24833888,225,X,OG5,M,AA
hRSV_SRR24833888,226,X,OG5,M,AA
hRSV_SRR24833888,227,X,OG5,M,AA
hRSV_SRR24833888,228,X,OG5,M,AA
hRSV_SRR24833888,229,X,OG5,M,AA
hRSV_SRR24833888,230,X,OG5,M,AA
hRSV_SRR24833888,231,X,OG5,M,AA
hRSV_SRR24833888,232,X,OG5,M,AA
hRSV_SRR24833888,233,X,OG5,M,AA
hRSV_SRR24833888,234,X,OG5,M,AA
hRSV_SRR24833888,235,X,OG5,M,AA
hRSV_SRR24833888,236,X,OG5,M,AA
hRSV_SRR24833888,237,X,OG5,M,AA
hRSV_SRR24833888,238,X,OG5,M,AA
hRSV_SRR24833888,239,X,OG5,M,AA
hRSV_SRR24833888,240,X,OG5,M,AA
hRSV_SRR24833888,241,X,OG5,M,AA
hRSV_SRR24833888,242,X,OG5,M,AA
hRSV_SRR24833888,243,X,OG5,M,AA
hRSV_SRR24833888,244,X,OG5,M,AA
hRSV_SRR24833888,245,X,OG5,M,AA
hRSV_SRR24833888,246,X,OG5,M,AA
hRSV_SRR24833888,247,X,OG5,M,AA
hRSV_SRR24833888,248,X,OG5,M,AA
hRSV_SRR24833888,249,X,OG5,M,AA
hRSV_SRR24833888,250,X,OG5,M,AA
hRSV_SRR24833888,251,X,OG5,M,AA
hRSV_SRR24833888,252,X,OG5,M,AA
hRSV_SRR24833888,253,X,OG5,M,AA
hRSV_SRR24833888,254,X,OG5,M,AA
hRSV_SRR24833888,255,X,OG5,M,AA
hRSV_SRR24833888,256,X,OG5,M,AA
hRSV_SRR24833888,257,X,OG5,M,AA
hRSV_SRR24833888,258,X,OG5,M,AA
hRSV_SRR24833888,259,X,OG5,M,AA
hRSV_SRR24833888,260,X,OG5,M,AA
hRSV_SRR24833888,261,X,OG5,M,AA
hRSV_SRR24833888,262,X,OG5,M,AA
hRSV_SRR24833888,263,X,OG5,M,AA
hRSV_SRR24833888,264,X,OG5,M,AA
hRSV_SRR24833888,265,X,OG5,M,AA
hRSV_SRR24833888,266,X,OG5,M,AA
hRSV_SRR24833888,267,X,OG5,M,AA
hRSV_SRR24833888,268,X,OG5,M,AA
hRSV_SRR24833888,269,X,OG5,M,AA
hRSV_SRR24833888,270,X,OG5,M,AA
hRSV_SRR24833888,271,X,OG5,M,AA
hRSV_SRR24833888,272,X,OG5,M,AA
hRSV_SRR24833888,273,X,OG5,M,AA
hRSV_SRR24833888,274,X,OG5,M,AA
hRSV_SRR24833888,275,X,OG5,M,AA
hRSV_SRR24833888,276,X,OG5,M,AA
hRSV_SRR24833888,277,X,OG5,M,AA
hRSV_SRR24833888,278,X,OG5,M,AA
hRSV_SRR24833879,1,-,OG5,M,AA
hRSV_SRR24833879,2,-,OG5,M,AA
hRSV_SRR24833879,3,-,OG5,M,AA
hRSV_SRR24833879,4,-,OG5,M,AA
hRSV_SRR24833879,5,-,OG5,M,AA
hRSV_SRR24833879,6,-,OG5,M,AA
hRSV_SRR24833879,7,-,OG5,M,AA
hRSV_SRR24833879,8,-,OG5,M,AA
hRSV_SRR24833879,9,-,OG5,M,AA
hRSV_SRR24833879,10,-,OG5,M,AA
hRSV_SRR24833879,11,-,OG5,M,AA
hRSV_SRR24833879,12,-,OG5,M,AA
hRSV_SRR24833879,13,-,OG5,M,AA
hRSV_SRR24833879,14,-,OG5,M,AA
hRSV_SRR24833879,15,-,OG5,M,AA
hRSV_SRR24833879,16,-,OG5,M,AA
hRSV_SRR24833879,17,-,OG5,M,AA
hRSV_SRR24833879,18,-,OG5,M,AA
hRSV_SRR24833879,19,-,OG5,M,AA
hRSV_SRR24833879,20,-,OG5,M,AA
hRSV_SRR24833879,21,-,OG5,M,AA
hRSV_SRR24833879,22,-,OG5,M,AA
hRSV_SRR24833879,23,M,OG5,M,AA
hRSV_SRR24833879,24,E,OG5,M,AA
hRSV_SRR24833879,25,T,OG5,M,AA
hRSV_SRR24833879,26,Y,OG5,M,AA
hRSV_SRR24833879,27,V,OG5,M,AA
hRSV_SRR24833879,28,N,OG5,M,AA
hRSV_SRR24833879,29,K,OG5,M,AA
hRSV_SRR24833879,30,L,OG5,M,AA
hRSV_SRR24833879,31,H,OG5,M,AA
hRSV_SRR24833879,32,E,OG5,M,AA
hRSV_SRR24833879,33,G,OG5,M,AA
hRSV_SRR24833879,34,S,OG5,M,AA
hRSV_SRR24833879,35,T,OG5,M,AA
hRSV_SRR24833879,36,Y,OG5,M,AA
hRSV_SRR24833879,37,T,OG5,M,AA
hRSV_SRR24833879,38,A,OG5,M,AA
hRSV_SRR24833879,39,A,OG5,M,AA
hRSV_SRR24833879,40,V,OG5,M,AA
hRSV_SRR24833879,41,Q,OG5,M,AA
hRSV_SRR24833879,42,Y,OG5,M,AA
hRSV_SRR24833879,43,N,OG5,M,AA
hRSV_SRR24833879,44,V,OG5,M,AA
hRSV_SRR24833879,45,L,OG5,M,AA
hRSV_SRR24833879,46,E,OG5,M,AA
hRSV_SRR24833879,47,K,OG5,M,AA
hRSV_SRR24833879,48,D,OG5,M,AA
hRSV_SRR24833879,49,D,OG5,M,AA
hRSV_SRR24833879,50,D,OG5,M,AA
hRSV_SRR24833879,51,P,OG5,M,AA
hRSV_SRR24833879,52,A,OG5,M,AA
hRSV_SRR24833879,53,S,OG5,M,AA
hRSV_SRR24833879,54,L,OG5,M,AA
hRSV_SRR24833879,55,T,OG5,M,AA
hRSV_SRR24833879,56,I,OG5,M,AA
hRSV_SRR24833879,57,W,OG5,M,AA
hRSV_SRR24833879,58,V,OG5,M,AA
hRSV_SRR24833879,59,P,OG5,M,AA
hRSV_SRR24833879,60,M,OG5,M,AA
hRSV_SRR24833879,61,F,OG5,M,AA
hRSV_SRR24833879,62,Q,OG5,M,AA
hRSV_SRR24833879,63,S,OG5,M,AA
hRSV_SRR24833879,64,S,OG5,M,AA
hRSV_SRR24833879,65,I,OG5,M,AA
hRSV_SRR24833879,66,P,OG5,M,AA
hRSV_SRR24833879,67,A,OG5,M,AA
hRSV_SRR24833879,68,D,OG5,M,AA
hRSV_SRR24833879,69,L,OG5,M,AA
hRSV_SRR24833879,70,L,OG5,M,AA
hRSV_SRR24833879,71,I,OG5,M,AA
hRSV_SRR24833879,72,K,OG5,M,AA
hRSV_SRR24833879,73,E,OG5,M,AA
hRSV_SRR24833879,74,L,OG5,M,AA
hRSV_SRR24833879,75,A,OG5,M,AA
hRSV_SRR24833879,76,N,OG5,M,AA
hRSV_SRR24833879,77,V,OG5,M,AA
hRSV_SRR24833879,78,N,OG5,M,AA
hRSV_SRR24833879,79,I,OG5,M,AA
hRSV_SRR24833879,80,L,OG5,M,AA
hRSV_SRR24833879,81,V,OG5,M,AA
hRSV_SRR24833879,82,K,OG5,M,AA
hRSV_SRR24833879,83,Q,OG5,M,AA
hRSV_SRR24833879,84,I,OG5,M,AA
hRSV_SRR24833879,85,S,OG5,M,AA
hRSV_SRR24833879,86,T,OG5,M,AA
hRSV_SRR24833879,87,P,OG5,M,AA
hRSV_SRR24833879,88,K,OG5,M,AA
hRSV_SRR24833879,89,G,OG5,M,AA
hRSV_SRR24833879,90,P,OG5,M,AA
hRSV_SRR24833879,91,S,OG5,M,AA
hRSV_SRR24833879,92,L,OG5,M,AA
hRSV_SRR24833879,93,R,OG5,M,AA
hRSV_SRR24833879,94,V,OG5,M,AA
hRSV_SRR24833879,95,M,OG5,M,AA
hRSV_SRR24833879,96,I,OG5,M,AA
hRSV_SRR24833879,97,N,OG5,M,AA
hRSV_SRR24833879,98,S,OG5,M,AA
hRSV_SRR24833879,99,R,OG5,M,AA
hRSV_SRR24833879,100,S,OG5,M,AA
hRSV_SRR24833879,101,A,OG5,M,AA
hRSV_SRR24833879,102,V,OG5,M,AA
hRSV_SRR24833879,103,L,OG5,M,AA
hRSV_SRR24833879,104,A,OG5,M,AA
hRSV_SRR24833879,105,Q,OG5,M,AA
hRSV_SRR24833879,106,M,OG5,M,AA
hRSV_SRR24833879,107,P,OG5,M,AA
hRSV_SRR24833879,108,S,OG5,M,AA
hRSV_SRR24833879,109,K,OG5,M,AA
hRSV_SRR24833879,110,F,OG5,M,AA
hRSV_SRR24833879,111,T,OG5,M,AA
hRSV_SRR24833879,112,I,OG5,M,AA
hRSV_SRR24833879,113,C,OG5,M,AA
hRSV_SRR24833879,114,A,OG5,M,AA
hRSV_SRR24833879,115,N,OG5,M,AA
hRSV_SRR24833879,116,V,OG5,M,AA
hRSV_SRR24833879,117,S,OG5,M,AA
hRSV_SRR24833879,118,L,OG5,M,AA
hRSV_SRR24833879,119,D,OG5,M,AA
hRSV_SRR24833879,120,E,OG5,M,AA
hRSV_SRR24833879,121,R,OG5,M,AA
hRSV_SRR24833879,122,S,OG5,M,AA
hRSV_SRR24833879,123,K,OG5,M,AA
hRSV_SRR24833879,124,L,OG5,M,AA
hRSV_SRR24833879,125,A,OG5,M,AA
hRSV_SRR24833879,126,Y,OG5,M,AA
hRSV_SRR24833879,127,D,OG5,M,AA
hRSV_SRR24833879,128,V,OG5,M,AA
hRSV_SRR24833879,129,T,OG5,M,AA
hRSV_SRR24833879,130,T,OG5,M,AA
hRSV_SRR24833879,131,P,OG5,M,AA
hRSV_SRR24833879,132,C,OG5,M,AA
hRSV_SRR24833879,133,E,OG5,M,AA
hRSV_SRR24833879,134,I,OG5,M,AA
hRSV_SRR24833879,135,K,OG5,M,AA
hRSV_SRR24833879,136,A,OG5,M,AA
hRSV_SRR24833879,137,C,OG5,M,AA
hRSV_SRR24833879,138,S,OG5,M,AA
hRSV_SRR24833879,139,L,OG5,M,AA
hRSV_SRR24833879,140,T,OG5,M,AA
hRSV_SRR24833879,141,C,OG5,M,AA
hRSV_SRR24833879,142,L,OG5,M,AA
hRSV_SRR24833879,143,K,OG5,M,AA
hRSV_SRR24833879,144,S,OG5,M,AA
hRSV_SRR24833879,145,K,OG5,M,AA
hRSV_SRR24833879,146,N,OG5,M,AA
hRSV_SRR24833879,147,M,OG5,M,AA
hRSV_SRR24833879,148,L,OG5,M,AA
hRSV_SRR24833879,149,T,OG5,M,AA
hRSV_SRR24833879,150,T,OG5,M,AA
hRSV_SRR24833879,151,V,OG5,M,AA
hRSV_SRR24833879,152,K,OG5,M,AA
hRSV_SRR24833879,153,D,OG5,M,AA
hRSV_SRR24833879,154,L,OG5,M,AA
hRSV_SRR24833879,155,T,OG5,M,AA
hRSV_SRR24833879,156,M,OG5,M,AA
hRSV_SRR24833879,157,K,OG5,M,AA
hRSV_SRR24833879,158,T,OG5,M,AA
hRSV_SRR24833879,159,L,OG5,M,AA
hRSV_SRR24833879,160,N,OG5,M,AA
hRSV_SRR24833879,161,P,OG5,M,AA
hRSV_SRR24833879,162,T,OG5,M,AA
hRSV_SRR24833879,163,H,OG5,M,AA
hRSV_SRR24833879,164,D,OG5,M,AA
hRSV_SRR24833879,165,I,OG5,M,AA
hRSV_SRR24833879,166,I,OG5,M,AA
hRSV_SRR24833879,167,A,OG5,M,AA
hRSV_SRR24833879,168,L,OG5,M,AA
hRSV_SRR24833879,169,C,OG5,M,AA
hRSV_SRR24833879,170,E,OG5,M,AA
hRSV_SRR24833879,171,F,OG5,M,AA
hRSV_SRR24833879,172,E,OG5,M,AA
hRSV_SRR24833879,173,N,OG5,M,AA
hRSV_SRR24833879,174,I,OG5,M,AA
hRSV_SRR24833879,175,V,OG5,M,AA
hRSV_SRR24833879,176,T,OG5,M,AA
hRSV_SRR24833879,177,S,OG5,M,AA
hRSV_SRR24833879,178,K,OG5,M,AA
hRSV_SRR24833879,179,K,OG5,M,AA
hRSV_SRR24833879,180,V,OG5,M,AA
hRSV_SRR24833879,181,I,OG5,M,AA
hRSV_SRR24833879,182,I,OG5,M,AA
hRSV_SRR24833879,183,P,OG5,M,AA
hRSV_SRR24833879,184,T,OG5,M,AA
hRSV_SRR24833879,185,Y,OG5,M,AA
hRSV_SRR24833879,186,L,OG5,M,AA
hRSV_SRR24833879,187,R,OG5,M,AA
hRSV_SRR24833879,188,S,OG5,M,AA
hRSV_SRR24833879,189,I,OG5,M,AA
hRSV_SRR24833879,190,S,OG5,M,AA
hRSV_SRR24833879,191,V,OG5,M,AA
hRSV_SRR24833879,192,R,OG5,M,AA
hRSV_SRR24833879,193,N,OG5,M,AA
hRSV_SRR24833879,194,K,OG5,M,AA
hRSV_SRR24833879,195,D,OG5,M,AA
hRSV_SRR24833879,196,L,OG5,M,AA
hRSV_SRR24833879,197,N,OG5,M,AA
hRSV_SRR24833879,198,T,OG5,M,AA
hRSV_SRR24833879,199,L,OG5,M,AA
hRSV_SRR24833879,200,E,OG5,M,AA
hRSV_SRR24833879,201,N,OG5,M,AA
hRSV_SRR24833879,202,I,OG5,M,AA
hRSV_SRR24833879,203,T,OG5,M,AA
hRSV_SRR24833879,204,T,OG5,M,AA
hRSV_SRR24833879,205,T,OG5,M,AA
hRSV_SRR24833879,206,E,OG5,M,AA
hRSV_SRR24833879,207,F,OG5,M,AA
hRSV_SRR24833879,208,K,OG5,M,AA
hRSV_SRR24833879,209,N,OG5,M,AA
hRSV_SRR24833879,210,A,OG5,M,AA
hRSV_SRR24833879,211,I,OG5,M,AA
hRSV_SRR24833879,212,T,OG5,M,AA
hRSV_SRR24833879,213,N,OG5,M,AA
hRSV_SRR24833879,214,A,OG5,M,AA
hRSV_SRR24833879,215,K,OG5,M,AA
hRSV_SRR24833879,216,I,OG5,M,AA
hRSV_SRR24833879,217,I,OG5,M,AA
hRSV_SRR24833879,218,P,OG5,M,AA
hRSV_SRR24833879,219,Y,OG5,M,AA
hRSV_SRR24833879,220,S,OG5,M,AA
hRSV_SRR24833879,221,G,OG5,M,AA
hRSV_SRR24833879,222,L,OG5,M,AA
hRSV_SRR24833879,223,L,OG5,M,AA
hRSV_SRR24833879,224,L,OG5,M,AA
hRSV_SRR24833879,225,V,OG5,M,AA
hRSV_SRR24833879,226,I,OG5,M,AA
hRSV_SRR24833879,227,T,OG5,M,AA
hRSV_SRR24833879,228,V,OG5,M,AA
hRSV_SRR24833879,229,T,OG5,M,AA
hRSV_SRR24833879,230,D,OG5,M,AA
hRSV_SRR24833879,231,N,OG5,M,AA
hRSV_SRR24833879,232,K,OG5,M,AA
hRSV_SRR24833879,233,G,OG5,M,AA
hRSV_SRR24833879,234,A,OG5,M,AA
hRSV_SRR24833879,235,F,OG5,M,AA
hRSV_SRR24833879,236,K,OG5,M,AA
hRSV_SRR24833879,237,Y,OG5,M,AA
hRSV_SRR24833879,238,I,OG5,M,AA
hRSV_SRR24833879,239,K,OG5,M,AA
hRSV_SRR24833879,240,P,OG5,M,AA
hRSV_SRR24833879,241,Q,OG5,M,AA
hRSV_SRR24833879,242,S,OG5,M,AA
hRSV_SRR24833879,243,Q,OG5,M,AA
hRSV_SRR24833879,244,F,OG5,M,AA
hRSV_SRR24833879,245,I,OG5,M,AA
hRSV_SRR24833879,246,V,OG5,M,AA
hRSV_SRR24833879,247,D,OG5,M,AA
hRSV_SRR24833879,248,L,OG5,M,AA
hRSV_SRR24833879,249,G,OG5,M,AA
hRSV_SRR24833879,250,A,OG5,M,AA
hRSV_SRR24833879,251,Y,OG5,M,AA
hRSV_SRR24833879,252,L,OG5,M,AA
hRSV_SRR24833879,253,E,OG5,M,AA
hRSV_SRR24833879,254,K,OG5,M,AA
hRSV_SRR24833879,255,E,OG5,M,AA
hRSV_SRR24833879,256,S,OG5,M,AA
hRSV_SRR24833879,257,I,OG5,M,AA
hRSV_SRR24833879,258,Y,OG5,M,AA
hRSV_SRR24833879,259,Y,OG5,M,AA
hRSV_SRR24833879,260,V,OG5,M,AA
hRSV_SRR24833879,261,T,OG5,M,AA
hRSV_SRR24833879,262,T,OG5,M,AA
hRSV_SRR24833879,263,N,OG5,M,AA
hRSV_SRR24833879,264,W,OG5,M,AA
hRSV_SRR24833879,265,K,OG5,M,AA
hRSV_SRR24833879,266,H,OG5,M,AA
hRSV_SRR24833879,267,T,OG5,M,AA
hRSV_SRR24833879,268,A,OG5,M,AA
hRSV_SRR24833879,269,T,OG5,M,AA
hRSV_SRR24833879,270,R,OG5,M,AA
hRSV_SRR24833879,271,F,OG5,M,AA
hRSV_SRR24833879,272,A,OG5,M,AA
hRSV_SRR24833879,273,I,OG5,M,AA
hRSV_SRR24833879,274,K,OG5,M,AA
hRSV_SRR24833879,275,P,OG5,M,AA
hRSV_SRR24833879,276,M,OG5,M,AA
hRSV_SRR24833879,277,E,OG5,M,AA
hRSV_SRR24833879,278,D,OG5,M,AA
hRSV_SRR24833895,1,-,OG5,M,AA
hRSV_SRR24833895,2,-,OG5,M,AA
hRSV_SRR24833895,3,-,OG5,M,AA
hRSV_SRR24833895,4,-,OG5,M,AA
hRSV_SRR24833895,5,-,OG5,M,AA
hRSV_SRR24833895,6,-,OG5,M,AA
hRSV_SRR24833895,7,-,OG5,M,AA
hRSV_SRR24833895,8,-,OG5,M,AA
hRSV_SRR24833895,9,-,OG5,M,AA
hRSV_SRR24833895,10,-,OG5,M,AA
hRSV_SRR24833895,11,-,OG5,M,AA
hRSV_SRR24833895,12,-,OG5,M,AA
hRSV_SRR24833895,13,-,OG5,M,AA
hRSV_SRR24833895,14,-,OG5,M,AA
hRSV_SRR24833895,15,-,OG5,M,AA
hRSV_SRR24833895,16,-,OG5,M,AA
hRSV_SRR24833895,17,-,OG5,M,AA
hRSV_SRR24833895,18,-,OG5,M,AA
hRSV_SRR24833895,19,-,OG5,M,AA
hRSV_SRR24833895,20,-,OG5,M,AA
hRSV_SRR24833895,21,-,OG5,M,AA
hRSV_SRR24833895,22,-,OG5,M,AA
hRSV_SRR24833895,23,M,OG5,M,AA
hRSV_SRR24833895,24,E,OG5,M,AA
hRSV_SRR24833895,25,T,OG5,M,AA
hRSV_SRR24833895,26,Y,OG5,M,AA
hRSV_SRR24833895,27,V,OG5,M,AA
hRSV_SRR24833895,28,N,OG5,M,AA
hRSV_SRR24833895,29,K,OG5,M,AA
hRSV_SRR24833895,30,L,OG5,M,AA
hRSV_SRR24833895,31,H,OG5,M,AA
hRSV_SRR24833895,32,E,OG5,M,AA
hRSV_SRR24833895,33,G,OG5,M,AA
hRSV_SRR24833895,34,S,OG5,M,AA
hRSV_SRR24833895,35,T,OG5,M,AA
hRSV_SRR24833895,36,Y,OG5,M,AA
hRSV_SRR24833895,37,T,OG5,M,AA
hRSV_SRR24833895,38,A,OG5,M,AA
hRSV_SRR24833895,39,A,OG5,M,AA
hRSV_SRR24833895,40,V,OG5,M,AA
hRSV_SRR24833895,41,Q,OG5,M,AA
hRSV_SRR24833895,42,Y,OG5,M,AA
hRSV_SRR24833895,43,N,OG5,M,AA
hRSV_SRR24833895,44,V,OG5,M,AA
hRSV_SRR24833895,45,L,OG5,M,AA
hRSV_SRR24833895,46,E,OG5,M,AA
hRSV_SRR24833895,47,K,OG5,M,AA
hRSV_SRR24833895,48,D,OG5,M,AA
hRSV_SRR24833895,49,D,OG5,M,AA
hRSV_SRR24833895,50,D,OG5,M,AA
hRSV_SRR24833895,51,P,OG5,M,AA
hRSV_SRR24833895,52,A,OG5,M,AA
hRSV_SRR24833895,53,S,OG5,M,AA
hRSV_SRR24833895,54,L,OG5,M,AA
hRSV_SRR24833895,55,T,OG5,M,AA
hRSV_SRR24833895,56,I,OG5,M,AA
hRSV_SRR24833895,57,W,OG5,M,AA
hRSV_SRR24833895,58,V,OG5,M,AA
hRSV_SRR24833895,59,P,OG5,M,AA
hRSV_SRR24833895,60,M,OG5,M,AA
hRSV_SRR24833895,61,F,OG5,M,AA
hRSV_SRR24833895,62,Q,OG5,M,AA
hRSV_SRR24833895,63,S,OG5,M,AA
hRSV_SRR24833895,64,S,OG5,M,AA
hRSV_SRR24833895,65,M,OG5,M,AA
hRSV_SRR24833895,66,P,OG5,M,AA
hRSV_SRR24833895,67,A,OG5,M,AA
hRSV_SRR24833895,68,D,OG5,M,AA
hRSV_SRR24833895,69,L,OG5,M,AA
hRSV_SRR24833895,70,L,OG5,M,AA
hRSV_SRR24833895,71,I,OG5,M,AA
hRSV_SRR24833895,72,K,OG5,M,AA
hRSV_SRR24833895,73,E,OG5,M,AA
hRSV_SRR24833895,74,L,OG5,M,AA
hRSV_SRR24833895,75,A,OG5,M,AA
hRSV_SRR24833895,76,N,OG5,M,AA
hRSV_SRR24833895,77,V,OG5,M,AA
hRSV_SRR24833895,78,N,OG5,M,AA
hRSV_SRR24833895,79,I,OG5,M,AA
hRSV_SRR24833895,80,L,OG5,M,AA
hRSV_SRR24833895,81,V,OG5,M,AA
hRSV_SRR24833895,82,K,OG5,M,AA
hRSV_SRR24833895,83,Q,OG5,M,AA
hRSV_SRR24833895,84,I,OG5,M,AA
hRSV_SRR24833895,85,S,OG5,M,AA
hRSV_SRR24833895,86,T,OG5,M,AA
hRSV_SRR24833895,87,P,OG5,M,AA
hRSV_SRR24833895,88,K,OG5,M,AA
hRSV_SRR24833895,89,G,OG5,M,AA
hRSV_SRR24833895,90,P,OG5,M,AA
hRSV_SRR24833895,91,S,OG5,M,AA
hRSV_SRR24833895,92,L,OG5,M,AA
hRSV_SRR24833895,93,R,OG5,M,AA
hRSV_SRR24833895,94,V,OG5,M,AA
hRSV_SRR24833895,95,M,OG5,M,AA
hRSV_SRR24833895,96,I,OG5,M,AA
hRSV_SRR24833895,97,N,OG5,M,AA
hRSV_SRR24833895,98,S,OG5,M,AA
hRSV_SRR24833895,99,R,OG5,M,AA
hRSV_SRR24833895,100,S,OG5,M,AA
hRSV_SRR24833895,101,A,OG5,M,AA
hRSV_SRR24833895,102,V,OG5,M,AA
hRSV_SRR24833895,103,L,OG5,M,AA
hRSV_SRR24833895,104,A,OG5,M,AA
hRSV_SRR24833895,105,Q,OG5,M,AA
hRSV_SRR24833895,106,M,OG5,M,AA
hRSV_SRR24833895,107,P,OG5,M,AA
hRSV_SRR24833895,108,S,OG5,M,AA
hRSV_SRR24833895,109,K,OG5,M,AA
hRSV_SRR24833895,110,F,OG5,M,AA
hRSV_SRR24833895,111,T,OG5,M,AA
hRSV_SRR24833895,112,I,OG5,M,AA
hRSV_SRR24833895,113,C,OG5,M,AA
hRSV_SRR24833895,114,A,OG5,M,AA
hRSV_SRR24833895,115,N,OG5,M,AA
hRSV_SRR24833895,116,V,OG5,M,AA
hRSV_SRR24833895,117,S,OG5,M,AA
hRSV_SRR24833895,118,L,OG5,M,AA
hRSV_SRR24833895,119,D,OG5,M,AA
hRSV_SRR24833895,120,E,OG5,M,AA
hRSV_SRR24833895,121,R,OG5,M,AA
hRSV_SRR24833895,122,S,OG5,M,AA
hRSV_SRR24833895,123,K,OG5,M,AA
hRSV_SRR24833895,124,L,OG5,M,AA
hRSV_SRR24833895,125,A,OG5,M,AA
hRSV_SRR24833895,126,Y,OG5,M,AA
hRSV_SRR24833895,127,D,OG5,M,AA
hRSV_SRR24833895,128,V,OG5,M,AA
hRSV_SRR24833895,129,T,OG5,M,AA
hRSV_SRR24833895,130,T,OG5,M,AA
hRSV_SRR24833895,131,P,OG5,M,AA
hRSV_SRR24833895,132,C,OG5,M,AA
hRSV_SRR24833895,133,E,OG5,M,AA
hRSV_SRR24833895,134,I,OG5,M,AA
hRSV_SRR24833895,135,K,OG5,M,AA
hRSV_SRR24833895,136,A,OG5,M,AA
hRSV_SRR24833895,137,C,OG5,M,AA
hRSV_SRR24833895,138,S,OG5,M,AA
hRSV_SRR24833895,139,L,OG5,M,AA
hRSV_SRR24833895,140,T,OG5,M,AA
hRSV_SRR24833895,141,C,OG5,M,AA
hRSV_SRR24833895,142,L,OG5,M,AA
hRSV_SRR24833895,143,K,OG5,M,AA
hRSV_SRR24833895,144,S,OG5,M,AA
hRSV_SRR24833895,145,K,OG5,M,AA
hRSV_SRR24833895,146,N,OG5,M,AA
hRSV_SRR24833895,147,M,OG5,M,AA
hRSV_SRR24833895,148,L,OG5,M,AA
hRSV_SRR24833895,149,T,OG5,M,AA
hRSV_SRR24833895,150,T,OG5,M,AA
hRSV_SRR24833895,151,V,OG5,M,AA
hRSV_SRR24833895,152,K,OG5,M,AA
hRSV_SRR24833895,153,D,OG5,M,AA
hRSV_SRR24833895,154,L,OG5,M,AA
hRSV_SRR24833895,155,T,OG5,M,AA
hRSV_SRR24833895,156,M,OG5,M,AA
hRSV_SRR24833895,157,K,OG5,M,AA
hRSV_SRR24833895,158,T,OG5,M,AA
hRSV_SRR24833895,159,L,OG5,M,AA
hRSV_SRR24833895,160,N,OG5,M,AA
hRSV_SRR24833895,161,P,OG5,M,AA
hRSV_SRR24833895,162,T,OG5,M,AA
hRSV_SRR24833895,163,H,OG5,M,AA
hRSV_SRR24833895,164,D,OG5,M,AA
hRSV_SRR24833895,165,I,OG5,M,AA
hRSV_SRR24833895,166,I,OG5,M,AA
hRSV_SRR24833895,167,A,OG5,M,AA
hRSV_SRR24833895,168,L,OG5,M,AA
hRSV_SRR24833895,169,C,OG5,M,AA
hRSV_SRR24833895,170,E,OG5,M,AA
hRSV_SRR24833895,171,F,OG5,M,AA
hRSV_SRR24833895,172,E,OG5,M,AA
hRSV_SRR24833895,173,N,OG5,M,AA
hRSV_SRR24833895,174,I,OG5,M,AA
hRSV_SRR24833895,175,V,OG5,M,AA
hRSV_SRR24833895,176,T,OG5,M,AA
hRSV_SRR24833895,177,S,OG5,M,AA
hRSV_SRR24833895,178,K,OG5,M,AA
hRSV_SRR24833895,179,K,OG5,M,AA
hRSV_SRR24833895,180,V,OG5,M,AA
hRSV_SRR24833895,181,I,OG5,M,AA
hRSV_SRR24833895,182,I,OG5,M,AA
hRSV_SRR24833895,183,P,OG5,M,AA
hRSV_SRR24833895,184,T,OG5,M,AA
hRSV_SRR24833895,185,Y,OG5,M,AA
hRSV_SRR24833895,186,L,OG5,M,AA
hRSV_SRR24833895,187,R,OG5,M,AA
hRSV_SRR24833895,188,S,OG5,M,AA
hRSV_SRR24833895,189,I,OG5,M,AA
hRSV_SRR24833895,190,S,OG5,M,AA
hRSV_SRR24833895,191,V,OG5,M,AA
hRSV_SRR24833895,192,R,OG5,M,AA
hRSV_SRR24833895,193,N,OG5,M,AA
hRSV_SRR24833895,194,K,OG5,M,AA
hRSV_SRR24833895,195,D,OG5,M,AA
hRSV_SRR24833895,196,L,OG5,M,AA
hRSV_SRR24833895,197,N,OG5,M,AA
hRSV_SRR24833895,198,T,OG5,M,AA
hRSV_SRR24833895,199,L,OG5,M,AA
hRSV_SRR24833895,200,E,OG5,M,AA
hRSV_SRR24833895,201,N,OG5,M,AA
hRSV_SRR24833895,202,I,OG5,M,AA
hRSV_SRR24833895,203,T,OG5,M,AA
hRSV_SRR24833895,204,T,OG5,M,AA
hRSV_SRR24833895,205,T,OG5,M,AA
hRSV_SRR24833895,206,E,OG5,M,AA
hRSV_SRR24833895,207,F,OG5,M,AA
hRSV_SRR24833895,208,K,OG5,M,AA
hRSV_SRR24833895,209,N,OG5,M,AA
hRSV_SRR24833895,210,A,OG5,M,AA
hRSV_SRR24833895,211,I,OG5,M,AA
hRSV_SRR24833895,212,T,OG5,M,AA
hRSV_SRR24833895,213,N,OG5,M,AA
hRSV_SRR24833895,214,A,OG5,M,AA
hRSV_SRR24833895,215,K,OG5,M,AA
hRSV_SRR24833895,216,I,OG5,M,AA
hRSV_SRR24833895,217,I,OG5,M,AA
hRSV_SRR24833895,218,P,OG5,M,AA
hRSV_SRR24833895,219,Y,OG5,M,AA
hRSV_SRR24833895,220,S,OG5,M,AA
hRSV_SRR24833895,221,G,OG5,M,AA
hRSV_SRR24833895,222,L,OG5,M,AA
hRSV_SRR24833895,223,L,OG5,M,AA
hRSV_SRR24833895,224,L,OG5,M,AA
hRSV_SRR24833895,225,V,OG5,M,AA
hRSV_SRR24833895,226,I,OG5,M,AA
hRSV_SRR24833895,227,T,OG5,M,AA
hRSV_SRR24833895,228,V,OG5,M,AA
hRSV_SRR24833895,229,T,OG5,M,AA
hRSV_SRR24833895,230,D,OG5,M,AA
hRSV_SRR24833895,231,N,OG5,M,AA
hRSV_SRR24833895,232,K,OG5,M,AA
hRSV_SRR24833895,233,G,OG5,M,AA
hRSV_SRR24833895,234,A,OG5,M,AA
hRSV_SRR24833895,235,F,OG5,M,AA
hRSV_SRR24833895,236,K,OG5,M,AA
hRSV_SRR24833895,237,Y,OG5,M,AA
hRSV_SRR24833895,238,I,OG5,M,AA
hRSV_SRR24833895,239,K,OG5,M,AA
hRSV_SRR24833895,240,P,OG5,M,AA
hRSV_SRR24833895,241,Q,OG5,M,AA
hRSV_SRR24833895,242,S,OG5,M,AA
hRSV_SRR24833895,243,Q,OG5,M,AA
hRSV_SRR24833895,244,F,OG5,M,AA
hRSV_SRR24833895,245,I,OG5,M,AA
hRSV_SRR24833895,246,V,OG5,M,AA
hRSV_SRR24833895,247,D,OG5,M,AA
hRSV_SRR24833895,248,L,OG5,M,AA
hRSV_SRR24833895,249,G,OG5,M,AA
hRSV_SRR24833895,250,A,OG5,M,AA
hRSV_SRR24833895,251,Y,OG5,M,AA
hRSV_SRR24833895,252,L,OG5,M,AA
hRSV_SRR24833895,253,E,OG5,M,AA
hRSV_SRR24833895,254,K,OG5,M,AA
hRSV_SRR24833895,255,E,OG5,M,AA
hRSV_SRR24833895,256,S,OG5,M,AA
hRSV_SRR24833895,257,I,OG5,M,AA
hRSV_SRR24833895,258,Y,OG5,M,AA
hRSV_SRR24833895,259,Y,OG5,M,AA
hRSV_SRR24833895,260,V,OG5,M,AA
hRSV_SRR24833895,261,T,OG5,M,AA
hRSV_SRR24833895,262,T,OG5,M,AA
hRSV_SRR24833895,263,N,OG5,M,AA
hRSV_SRR24833895,264,W,OG5,M,AA
hRSV_SRR24833895,265,K,OG5,M,AA
hRSV_SRR24833895,266,H,OG5,M,AA
hRSV_SRR24833895,267,T,OG5,M,AA
hRSV_SRR24833895,268,A,OG5,M,AA
hRSV_SRR24833895,269,T,OG5,M,AA
hRSV_SRR24833895,270,R,OG5,M,AA
hRSV_SRR24833895,271,F,OG5,M,AA
hRSV_SRR24833895,272,A,OG5,M,AA
hRSV_SRR24833895,273,I,OG5,M,AA
hRSV_SRR24833895,274,K,OG5,M,AA
hRSV_SRR24833895,275,P,OG5,M,AA
hRSV_SRR24833895,276,M,OG5,M,AA
hRSV_SRR24833895,277,E,OG5,M,AA
hRSV_SRR24833895,278,D,OG5,M,AA
hRSV_SRR24833888,1,M,OG6,P,AA
hRSV_SRR24833888,2,E,OG6,P,AA
hRSV_SRR24833888,3,K,OG6,P,AA
hRSV_SRR24833888,4,F,OG6,P,AA
hRSV_SRR24833888,5,A,OG6,P,AA
hRSV_SRR24833888,6,P,OG6,P,AA
hRSV_SRR24833888,7,E,OG6,P,AA
hRSV_SRR24833888,8,F,OG6,P,AA
hRSV_SRR24833888,9,H,OG6,P,AA
hRSV_SRR24833888,10,G,OG6,P,AA
hRSV_SRR24833888,11,E,OG6,P,AA
hRSV_SRR24833888,12,D,OG6,P,AA
hRSV_SRR24833888,13,A,OG6,P,AA
hRSV_SRR24833888,14,N,OG6,P,AA
hRSV_SRR24833888,15,N,OG6,P,AA
hRSV_SRR24833888,16,R,OG6,P,AA
hRSV_SRR24833888,17,A,OG6,P,AA
hRSV_SRR24833888,18,T,OG6,P,AA
hRSV_SRR24833888,19,K,OG6,P,AA
hRSV_SRR24833888,20,F,OG6,P,AA
hRSV_SRR24833888,21,L,OG6,P,AA
hRSV_SRR24833888,22,E,OG6,P,AA
hRSV_SRR24833888,23,S,OG6,P,AA
hRSV_SRR24833888,24,I,OG6,P,AA
hRSV_SRR24833888,25,K,OG6,P,AA
hRSV_SRR24833888,26,G,OG6,P,AA
hRSV_SRR24833888,27,K,OG6,P,AA
hRSV_SRR24833888,28,F,OG6,P,AA
hRSV_SRR24833888,29,T,OG6,P,AA
hRSV_SRR24833888,30,S,OG6,P,AA
hRSV_SRR24833888,31,P,OG6,P,AA
hRSV_SRR24833888,32,K,OG6,P,AA
hRSV_SRR24833888,33,D,OG6,P,AA
hRSV_SRR24833888,34,P,OG6,P,AA
hRSV_SRR24833888,35,K,OG6,P,AA
hRSV_SRR24833888,36,K,OG6,P,AA
hRSV_SRR24833888,37,K,OG6,P,AA
hRSV_SRR24833888,38,D,OG6,P,AA
hRSV_SRR24833888,39,S,OG6,P,AA
hRSV_SRR24833888,40,I,OG6,P,AA
hRSV_SRR24833888,41,I,OG6,P,AA
hRSV_SRR24833888,42,S,OG6,P,AA
hRSV_SRR24833888,43,V,OG6,P,AA
hRSV_SRR24833888,44,N,OG6,P,AA
hRSV_SRR24833888,45,S,OG6,P,AA
hRSV_SRR24833888,46,I,OG6,P,AA
hRSV_SRR24833888,47,D,OG6,P,AA
hRSV_SRR24833888,48,I,OG6,P,AA
hRSV_SRR24833888,49,E,OG6,P,AA
hRSV_SRR24833888,50,V,OG6,P,AA
hRSV_SRR24833888,51,T,OG6,P,AA
hRSV_SRR24833888,52,K,OG6,P,AA
hRSV_SRR24833888,53,E,OG6,P,AA
hRSV_SRR24833888,54,S,OG6,P,AA
hRSV_SRR24833888,55,P,OG6,P,AA
hRSV_SRR24833888,56,I,OG6,P,AA
hRSV_SRR24833888,57,T,OG6,P,AA
hRSV_SRR24833888,58,S,OG6,P,AA
hRSV_SRR24833888,59,N,OG6,P,AA
hRSV_SRR24833888,60,S,OG6,P,AA
hRSV_SRR24833888,61,T,OG6,P,AA
hRSV_SRR24833888,62,I,OG6,P,AA
hRSV_SRR24833888,63,I,OG6,P,AA
hRSV_SRR24833888,64,N,OG6,P,AA
hRSV_SRR24833888,65,P,OG6,P,AA
hRSV_SRR24833888,66,I,OG6,P,AA
hRSV_SRR24833888,67,N,OG6,P,AA
hRSV_SRR24833888,68,E,OG6,P,AA
hRSV_SRR24833888,69,I,OG6,P,AA
hRSV_SRR24833888,70,D,OG6,P,AA
hRSV_SRR24833888,71,D,OG6,P,AA
hRSV_SRR24833888,72,T,OG6,P,AA
hRSV_SRR24833888,73,V,OG6,P,AA
hRSV_SRR24833888,74,G,OG6,P,AA
hRSV_SRR24833888,75,N,OG6,P,AA
hRSV_SRR24833888,76,K,OG6,P,AA
hRSV_SRR24833888,77,P,OG6,P,AA
hRSV_SRR24833888,78,N,OG6,P,AA
hRSV_SRR24833888,79,Y,OG6,P,AA
hRSV_SRR24833888,80,Q,OG6,P,AA
hRSV_SRR24833888,81,R,OG6,P,AA
hRSV_SRR24833888,82,K,OG6,P,AA
hRSV_SRR24833888,83,P,OG6,P,AA
hRSV_SRR24833888,84,L,OG6,P,AA
hRSV_SRR24833888,85,V,OG6,P,AA
hRSV_SRR24833888,86,S,OG6,P,AA
hRSV_SRR24833888,87,F,OG6,P,AA
hRSV_SRR24833888,88,K,OG6,P,AA
hRSV_SRR24833888,89,E,OG6,P,AA
hRSV_SRR24833888,90,D,OG6,P,AA
hRSV_SRR24833888,91,P,OG6,P,AA
hRSV_SRR24833888,92,T,OG6,P,AA
hRSV_SRR24833888,93,P,OG6,P,AA
hRSV_SRR24833888,94,S,OG6,P,AA
hRSV_SRR24833888,95,D,OG6,P,AA
hRSV_SRR24833888,96,N,OG6,P,AA
hRSV_SRR24833888,97,P,OG6,P,AA
hRSV_SRR24833888,98,F,OG6,P,AA
hRSV_SRR24833888,99,S,OG6,P,AA
hRSV_SRR24833888,100,K,OG6,P,AA
hRSV_SRR24833888,101,L,OG6,P,AA
hRSV_SRR24833888,102,Y,OG6,P,AA
hRSV_SRR24833888,103,K,OG6,P,AA
hRSV_SRR24833888,104,E,OG6,P,AA
hRSV_SRR24833888,105,T,OG6,P,AA
hRSV_SRR24833888,106,I,OG6,P,AA
hRSV_SRR24833888,107,E,OG6,P,AA
hRSV_SRR24833888,108,T,OG6,P,AA
hRSV_SRR24833888,109,F,OG6,P,AA
hRSV_SRR24833888,110,D,OG6,P,AA
hRSV_SRR24833888,111,N,OG6,P,AA
hRSV_SRR24833888,112,N,OG6,P,AA
hRSV_SRR24833888,113,E,OG6,P,AA
hRSV_SRR24833888,114,E,OG6,P,AA
hRSV_SRR24833888,115,E,OG6,P,AA
hRSV_SRR24833888,116,S,OG6,P,AA
hRSV_SRR24833888,117,S,OG6,P,AA
hRSV_SRR24833888,118,Y,OG6,P,AA
hRSV_SRR24833888,119,S,OG6,P,AA
hRSV_SRR24833888,120,Y,OG6,P,AA
hRSV_SRR24833888,121,E,OG6,P,AA
hRSV_SRR24833888,122,E,OG6,P,AA
hRSV_SRR24833888,123,I,OG6,P,AA
hRSV_SRR24833888,124,N,OG6,P,AA
hRSV_SRR24833888,125,D,OG6,P,AA
hRSV_SRR24833888,126,Q,OG6,P,AA
hRSV_SRR24833888,127,T,OG6,P,AA
hRSV_SRR24833888,128,N,OG6,P,AA
hRSV_SRR24833888,129,D,OG6,P,AA
hRSV_SRR24833888,130,N,OG6,P,AA
hRSV_SRR24833888,131,I,OG6,P,AA
hRSV_SRR24833888,132,T,OG6,P,AA
hRSV_SRR24833888,133,A,OG6,P,AA
hRSV_SRR24833888,134,R,OG6,P,AA
hRSV_SRR24833888,135,L,OG6,P,AA
hRSV_SRR24833888,136,D,OG6,P,AA
hRSV_SRR24833888,137,R,OG6,P,AA
hRSV_SRR24833888,138,I,OG6,P,AA
hRSV_SRR24833888,139,D,OG6,P,AA
hRSV_SRR24833888,140,E,OG6,P,AA
hRSV_SRR24833888,141,K,OG6,P,AA
hRSV_SRR24833888,142,L,OG6,P,AA
hRSV_SRR24833888,143,S,OG6,P,AA
hRSV_SRR24833888,144,E,OG6,P,AA
hRSV_SRR24833888,145,I,OG6,P,AA
hRSV_SRR24833888,146,L,OG6,P,AA
hRSV_SRR24833888,147,G,OG6,P,AA
hRSV_SRR24833888,148,M,OG6,P,AA
hRSV_SRR24833888,149,L,OG6,P,AA
hRSV_SRR24833888,150,H,OG6,P,AA
hRSV_SRR24833888,151,T,OG6,P,AA
hRSV_SRR24833888,152,L,OG6,P,AA
hRSV_SRR24833888,153,V,OG6,P,AA
hRSV_SRR24833888,154,V,OG6,P,AA
hRSV_SRR24833888,155,A,OG6,P,AA
hRSV_SRR24833888,156,S,OG6,P,AA
hRSV_SRR24833888,157,A,OG6,P,AA
hRSV_SRR24833888,158,G,OG6,P,AA
hRSV_SRR24833888,159,P,OG6,P,AA
hRSV_SRR24833888,160,T,OG6,P,AA
hRSV_SRR24833888,161,S,OG6,P,AA
hRSV_SRR24833888,162,A,OG6,P,AA
hRSV_SRR24833888,163,R,OG6,P,AA
hRSV_SRR24833888,164,D,OG6,P,AA
hRSV_SRR24833888,165,G,OG6,P,AA
hRSV_SRR24833888,166,I,OG6,P,AA
hRSV_SRR24833888,167,R,OG6,P,AA
hRSV_SRR24833888,168,D,OG6,P,AA
hRSV_SRR24833888,169,A,OG6,P,AA
hRSV_SRR24833888,170,M,OG6,P,AA
hRSV_SRR24833888,171,V,OG6,P,AA
hRSV_SRR24833888,172,G,OG6,P,AA
hRSV_SRR24833888,173,L,OG6,P,AA
hRSV_SRR24833888,174,R,OG6,P,AA
hRSV_SRR24833888,175,E,OG6,P,AA
hRSV_SRR24833888,176,E,OG6,P,AA
hRSV_SRR24833888,177,M,OG6,P,AA
hRSV_SRR24833888,178,I,OG6,P,AA
hRSV_SRR24833888,179,E,OG6,P,AA
hRSV_SRR24833888,180,K,OG6,P,AA
hRSV_SRR24833888,181,I,OG6,P,AA
hRSV_SRR24833888,182,R,OG6,P,AA
hRSV_SRR24833888,183,T,OG6,P,AA
hRSV_SRR24833888,184,E,OG6,P,AA
hRSV_SRR24833888,185,A,OG6,P,AA
hRSV_SRR24833888,186,L,OG6,P,AA
hRSV_SRR24833888,187,M,OG6,P,AA
hRSV_SRR24833888,188,T,OG6,P,AA
hRSV_SRR24833888,189,N,OG6,P,AA
hRSV_SRR24833888,190,D,OG6,P,AA
hRSV_SRR24833888,191,R,OG6,P,AA
hRSV_SRR24833888,192,L,OG6,P,AA
hRSV_SRR24833888,193,E,OG6,P,AA
hRSV_SRR24833888,194,A,OG6,P,AA
hRSV_SRR24833888,195,M,OG6,P,AA
hRSV_SRR24833888,196,A,OG6,P,AA
hRSV_SRR24833888,197,R,OG6,P,AA
hRSV_SRR24833888,198,L,OG6,P,AA
hRSV_SRR24833888,199,R,OG6,P,AA
hRSV_SRR24833888,200,N,OG6,P,AA
hRSV_SRR24833888,201,E,OG6,P,AA
hRSV_SRR24833888,202,E,OG6,P,AA
hRSV_SRR24833888,203,S,OG6,P,AA
hRSV_SRR24833888,204,E,OG6,P,AA
hRSV_SRR24833888,205,K,OG6,P,AA
hRSV_SRR24833888,206,M,OG6,P,AA
hRSV_SRR24833888,207,A,OG6,P,AA
hRSV_SRR24833888,208,K,OG6,P,AA
hRSV_SRR24833888,209,D,OG6,P,AA
hRSV_SRR24833888,210,T,OG6,P,AA
hRSV_SRR24833888,211,S,OG6,P,AA
hRSV_SRR24833888,212,D,OG6,P,AA
hRSV_SRR24833888,213,E,OG6,P,AA
hRSV_SRR24833888,214,V,OG6,P,AA
hRSV_SRR24833888,215,S,OG6,P,AA
hRSV_SRR24833888,216,L,OG6,P,AA
hRSV_SRR24833888,217,N,OG6,P,AA
hRSV_SRR24833888,218,P,OG6,P,AA
hRSV_SRR24833888,219,T,OG6,P,AA
hRSV_SRR24833888,220,S,OG6,P,AA
hRSV_SRR24833888,221,E,OG6,P,AA
hRSV_SRR24833888,222,K,OG6,P,AA
hRSV_SRR24833888,223,L,OG6,P,AA
hRSV_SRR24833888,224,N,OG6,P,AA
hRSV_SRR24833888,225,N,OG6,P,AA
hRSV_SRR24833888,226,L,OG6,P,AA
hRSV_SRR24833888,227,L,OG6,P,AA
hRSV_SRR24833888,228,E,OG6,P,AA
hRSV_SRR24833888,229,G,OG6,P,AA
hRSV_SRR24833888,230,N,OG6,P,AA
hRSV_SRR24833888,231,D,OG6,P,AA
hRSV_SRR24833888,232,S,OG6,P,AA
hRSV_SRR24833888,233,D,OG6,P,AA
hRSV_SRR24833888,234,N,OG6,P,AA
hRSV_SRR24833888,235,D,OG6,P,AA
hRSV_SRR24833888,236,L,OG6,P,AA
hRSV_SRR24833888,237,S,OG6,P,AA
hRSV_SRR24833888,238,L,OG6,P,AA
hRSV_SRR24833888,239,E,OG6,P,AA
hRSV_SRR24833888,240,D,OG6,P,AA
hRSV_SRR24833888,241,F,OG6,P,AA
hRSV_SRR24833879,1,M,OG6,P,AA
hRSV_SRR24833879,2,E,OG6,P,AA
hRSV_SRR24833879,3,K,OG6,P,AA
hRSV_SRR24833879,4,F,OG6,P,AA
hRSV_SRR24833879,5,A,OG6,P,AA
hRSV_SRR24833879,6,P,OG6,P,AA
hRSV_SRR24833879,7,E,OG6,P,AA
hRSV_SRR24833879,8,F,OG6,P,AA
hRSV_SRR24833879,9,H,OG6,P,AA
hRSV_SRR24833879,10,G,OG6,P,AA
hRSV_SRR24833879,11,E,OG6,P,AA
hRSV_SRR24833879,12,D,OG6,P,AA
hRSV_SRR24833879,13,A,OG6,P,AA
hRSV_SRR24833879,14,N,OG6,P,AA
hRSV_SRR24833879,15,N,OG6,P,AA
hRSV_SRR24833879,16,R,OG6,P,AA
hRSV_SRR24833879,17,A,OG6,P,AA
hRSV_SRR24833879,18,T,OG6,P,AA
hRSV_SRR24833879,19,K,OG6,P,AA
hRSV_SRR24833879,20,F,OG6,P,AA
hRSV_SRR24833879,21,L,OG6,P,AA
hRSV_SRR24833879,22,E,OG6,P,AA
hRSV_SRR24833879,23,S,OG6,P,AA
hRSV_SRR24833879,24,I,OG6,P,AA
hRSV_SRR24833879,25,K,OG6,P,AA
hRSV_SRR24833879,26,G,OG6,P,AA
hRSV_SRR24833879,27,K,OG6,P,AA
hRSV_SRR24833879,28,F,OG6,P,AA
hRSV_SRR24833879,29,T,OG6,P,AA
hRSV_SRR24833879,30,S,OG6,P,AA
hRSV_SRR24833879,31,P,OG6,P,AA
hRSV_SRR24833879,32,K,OG6,P,AA
hRSV_SRR24833879,33,D,OG6,P,AA
hRSV_SRR24833879,34,P,OG6,P,AA
hRSV_SRR24833879,35,K,OG6,P,AA
hRSV_SRR24833879,36,K,OG6,P,AA
hRSV_SRR24833879,37,K,OG6,P,AA
hRSV_SRR24833879,38,D,OG6,P,AA
hRSV_SRR24833879,39,S,OG6,P,AA
hRSV_SRR24833879,40,I,OG6,P,AA
hRSV_SRR24833879,41,I,OG6,P,AA
hRSV_SRR24833879,42,S,OG6,P,AA
hRSV_SRR24833879,43,V,OG6,P,AA
hRSV_SRR24833879,44,N,OG6,P,AA
hRSV_SRR24833879,45,S,OG6,P,AA
hRSV_SRR24833879,46,I,OG6,P,AA
hRSV_SRR24833879,47,D,OG6,P,AA
hRSV_SRR24833879,48,I,OG6,P,AA
hRSV_SRR24833879,49,E,OG6,P,AA
hRSV_SRR24833879,50,V,OG6,P,AA
hRSV_SRR24833879,51,T,OG6,P,AA
hRSV_SRR24833879,52,K,OG6,P,AA
hRSV_SRR24833879,53,E,OG6,P,AA
hRSV_SRR24833879,54,S,OG6,P,AA
hRSV_SRR24833879,55,P,OG6,P,AA
hRSV_SRR24833879,56,I,OG6,P,AA
hRSV_SRR24833879,57,T,OG6,P,AA
hRSV_SRR24833879,58,S,OG6,P,AA
hRSV_SRR24833879,59,N,OG6,P,AA
hRSV_SRR24833879,60,S,OG6,P,AA
hRSV_SRR24833879,61,T,OG6,P,AA
hRSV_SRR24833879,62,I,OG6,P,AA
hRSV_SRR24833879,63,I,OG6,P,AA
hRSV_SRR24833879,64,N,OG6,P,AA
hRSV_SRR24833879,65,P,OG6,P,AA
hRSV_SRR24833879,66,I,OG6,P,AA
hRSV_SRR24833879,67,N,OG6,P,AA
hRSV_SRR24833879,68,E,OG6,P,AA
hRSV_SRR24833879,69,T,OG6,P,AA
hRSV_SRR24833879,70,D,OG6,P,AA
hRSV_SRR24833879,71,D,OG6,P,AA
hRSV_SRR24833879,72,T,OG6,P,AA
hRSV_SRR24833879,73,V,OG6,P,AA
hRSV_SRR24833879,74,G,OG6,P,AA
hRSV_SRR24833879,75,N,OG6,P,AA
hRSV_SRR24833879,76,K,OG6,P,AA
hRSV_SRR24833879,77,P,OG6,P,AA
hRSV_SRR24833879,78,N,OG6,P,AA
hRSV_SRR24833879,79,Y,OG6,P,AA
hRSV_SRR24833879,80,Q,OG6,P,AA
hRSV_SRR24833879,81,R,OG6,P,AA
hRSV_SRR24833879,82,K,OG6,P,AA
hRSV_SRR24833879,83,P,OG6,P,AA
hRSV_SRR24833879,84,L,OG6,P,AA
hRSV_SRR24833879,85,V,OG6,P,AA
hRSV_SRR24833879,86,S,OG6,P,AA
hRSV_SRR24833879,87,F,OG6,P,AA
hRSV_SRR24833879,88,K,OG6,P,AA
hRSV_SRR24833879,89,E,OG6,P,AA
hRSV_SRR24833879,90,D,OG6,P,AA
hRSV_SRR24833879,91,P,OG6,P,AA
hRSV_SRR24833879,92,T,OG6,P,AA
hRSV_SRR24833879,93,P,OG6,P,AA
hRSV_SRR24833879,94,S,OG6,P,AA
hRSV_SRR24833879,95,D,OG6,P,AA
hRSV_SRR24833879,96,N,OG6,P,AA
hRSV_SRR24833879,97,P,OG6,P,AA
hRSV_SRR24833879,98,F,OG6,P,AA
hRSV_SRR24833879,99,S,OG6,P,AA
hRSV_SRR24833879,100,K,OG6,P,AA
hRSV_SRR24833879,101,L,OG6,P,AA
hRSV_SRR24833879,102,Y,OG6,P,AA
hRSV_SRR24833879,103,K,OG6,P,AA
hRSV_SRR24833879,104,E,OG6,P,AA
hRSV_SRR24833879,105,T,OG6,P,AA
hRSV_SRR24833879,106,I,OG6,P,AA
hRSV_SRR24833879,107,E,OG6,P,AA
hRSV_SRR24833879,108,T,OG6,P,AA
hRSV_SRR24833879,109,F,OG6,P,AA
hRSV_SRR24833879,110,D,OG6,P,AA
hRSV_SRR24833879,111,N,OG6,P,AA
hRSV_SRR24833879,112,N,OG6,P,AA
hRSV_SRR24833879,113,E,OG6,P,AA
hRSV_SRR24833879,114,E,OG6,P,AA
hRSV_SRR24833879,115,E,OG6,P,AA
hRSV_SRR24833879,116,S,OG6,P,AA
hRSV_SRR24833879,117,S,OG6,P,AA
hRSV_SRR24833879,118,Y,OG6,P,AA
hRSV_SRR24833879,119,S,OG6,P,AA
hRSV_SRR24833879,120,Y,OG6,P,AA
hRSV_SRR24833879,121,E,OG6,P,AA
hRSV_SRR24833879,122,E,OG6,P,AA
hRSV_SRR24833879,123,I,OG6,P,AA
hRSV_SRR24833879,124,N,OG6,P,AA
hRSV_SRR24833879,125,D,OG6,P,AA
hRSV_SRR24833879,126,Q,OG6,P,AA
hRSV_SRR24833879,127,T,OG6,P,AA
hRSV_SRR24833879,128,N,OG6,P,AA
hRSV_SRR24833879,129,D,OG6,P,AA
hRSV_SRR24833879,130,N,OG6,P,AA
hRSV_SRR24833879,131,I,OG6,P,AA
hRSV_SRR24833879,132,T,OG6,P,AA
hRSV_SRR24833879,133,A,OG6,P,AA
hRSV_SRR24833879,134,R,OG6,P,AA
hRSV_SRR24833879,135,L,OG6,P,AA
hRSV_SRR24833879,136,D,OG6,P,AA
hRSV_SRR24833879,137,R,OG6,P,AA
hRSV_SRR24833879,138,I,OG6,P,AA
hRSV_SRR24833879,139,D,OG6,P,AA
hRSV_SRR24833879,140,E,OG6,P,AA
hRSV_SRR24833879,141,K,OG6,P,AA
hRSV_SRR24833879,142,L,OG6,P,AA
hRSV_SRR24833879,143,S,OG6,P,AA
hRSV_SRR24833879,144,E,OG6,P,AA
hRSV_SRR24833879,145,I,OG6,P,AA
hRSV_SRR24833879,146,L,OG6,P,AA
hRSV_SRR24833879,147,G,OG6,P,AA
hRSV_SRR24833879,148,M,OG6,P,AA
hRSV_SRR24833879,149,L,OG6,P,AA
hRSV_SRR24833879,150,H,OG6,P,AA
hRSV_SRR24833879,151,T,OG6,P,AA
hRSV_SRR24833879,152,L,OG6,P,AA
hRSV_SRR24833879,153,V,OG6,P,AA
hRSV_SRR24833879,154,V,OG6,P,AA
hRSV_SRR24833879,155,A,OG6,P,AA
hRSV_SRR24833879,156,S,OG6,P,AA
hRSV_SRR24833879,157,A,OG6,P,AA
hRSV_SRR24833879,158,G,OG6,P,AA
hRSV_SRR24833879,159,P,OG6,P,AA
hRSV_SRR24833879,160,T,OG6,P,AA
hRSV_SRR24833879,161,S,OG6,P,AA
hRSV_SRR24833879,162,A,OG6,P,AA
hRSV_SRR24833879,163,R,OG6,P,AA
hRSV_SRR24833879,164,D,OG6,P,AA
hRSV_SRR24833879,165,G,OG6,P,AA
hRSV_SRR24833879,166,I,OG6,P,AA
hRSV_SRR24833879,167,R,OG6,P,AA
hRSV_SRR24833879,168,D,OG6,P,AA
hRSV_SRR24833879,169,A,OG6,P,AA
hRSV_SRR24833879,170,M,OG6,P,AA
hRSV_SRR24833879,171,V,OG6,P,AA
hRSV_SRR24833879,172,G,OG6,P,AA
hRSV_SRR24833879,173,L,OG6,P,AA
hRSV_SRR24833879,174,R,OG6,P,AA
hRSV_SRR24833879,175,E,OG6,P,AA
hRSV_SRR24833879,176,E,OG6,P,AA
hRSV_SRR24833879,177,M,OG6,P,AA
hRSV_SRR24833879,178,I,OG6,P,AA
hRSV_SRR24833879,179,E,OG6,P,AA
hRSV_SRR24833879,180,K,OG6,P,AA
hRSV_SRR24833879,181,I,OG6,P,AA
hRSV_SRR24833879,182,R,OG6,P,AA
hRSV_SRR24833879,183,T,OG6,P,AA
hRSV_SRR24833879,184,E,OG6,P,AA
hRSV_SRR24833879,185,A,OG6,P,AA
hRSV_SRR24833879,186,L,OG6,P,AA
hRSV_SRR24833879,187,M,OG6,P,AA
hRSV_SRR24833879,188,T,OG6,P,AA
hRSV_SRR24833879,189,N,OG6,P,AA
hRSV_SRR24833879,190,D,OG6,P,AA
hRSV_SRR24833879,191,R,OG6,P,AA
hRSV_SRR24833879,192,L,OG6,P,AA
hRSV_SRR24833879,193,E,OG6,P,AA
hRSV_SRR24833879,194,A,OG6,P,AA
hRSV_SRR24833879,195,M,OG6,P,AA
hRSV_SRR24833879,196,A,OG6,P,AA
hRSV_SRR24833879,197,R,OG6,P,AA
hRSV_SRR24833879,198,L,OG6,P,AA
hRSV_SRR24833879,199,R,OG6,P,AA
hRSV_SRR24833879,200,N,OG6,P,AA
hRSV_SRR24833879,201,E,OG6,P,AA
hRSV_SRR24833879,202,E,OG6,P,AA
hRSV_SRR24833879,203,S,OG6,P,AA
hRSV_SRR24833879,204,E,OG6,P,AA
hRSV_SRR24833879,205,K,OG6,P,AA
hRSV_SRR24833879,206,M,OG6,P,AA
hRSV_SRR24833879,207,A,OG6,P,AA
hRSV_SRR24833879,208,K,OG6,P,AA
hRSV_SRR24833879,209,D,OG6,P,AA
hRSV_SRR24833879,210,T,OG6,P,AA
hRSV_SRR24833879,211,S,OG6,P,AA
hRSV_SRR24833879,212,D,OG6,P,AA
hRSV_SRR24833879,213,E,OG6,P,AA
hRSV_SRR24833879,214,V,OG6,P,AA
hRSV_SRR24833879,215,S,OG6,P,AA
hRSV_SRR24833879,216,L,OG6,P,AA
hRSV_SRR24833879,217,N,OG6,P,AA
hRSV_SRR24833879,218,P,OG6,P,AA
hRSV_SRR24833879,219,T,OG6,P,AA
hRSV_SRR24833879,220,S,OG6,P,AA
hRSV_SRR24833879,221,E,OG6,P,AA
hRSV_SRR24833879,222,K,OG6,P,AA
hRSV_SRR24833879,223,L,OG6,P,AA
hRSV_SRR24833879,224,N,OG6,P,AA
hRSV_SRR24833879,225,N,OG6,P,AA
hRSV_SRR24833879,226,L,OG6,P,AA
hRSV_SRR24833879,227,L,OG6,P,AA
hRSV_SRR24833879,228,E,OG6,P,AA
hRSV_SRR24833879,229,G,OG6,P,AA
hRSV_SRR24833879,230,N,OG6,P,AA
hRSV_SRR24833879,231,D,OG6,P,AA
hRSV_SRR24833879,232,S,OG6,P,AA
hRSV_SRR24833879,233,D,OG6,P,AA
hRSV_SRR24833879,234,N,OG6,P,AA
hRSV_SRR24833879,235,D,OG6,P,AA
hRSV_SRR24833879,236,L,OG6,P,AA
hRSV_SRR24833879,237,S,OG6,P,AA
hRSV_SRR24833879,238,L,OG6,P,AA
hRSV_SRR24833879,239,E,OG6,P,AA
hRSV_SRR24833879,240,D,OG6,P,AA
hRSV_SRR24833879,241,F,OG6,P,AA
hRSV_SRR24833895,1,M,OG6,P,AA
hRSV_SRR24833895,2,E,OG6,P,AA
hRSV_SRR24833895,3,K,OG6,P,AA
hRSV_SRR24833895,4,F,OG6,P,AA
hRSV_SRR24833895,5,A,OG6,P,AA
hRSV_SRR24833895,6,P,OG6,P,AA
hRSV_SRR24833895,7,E,OG6,P,AA
hRSV_SRR24833895,8,F,OG6,P,AA
hRSV_SRR24833895,9,H,OG6,P,AA
hRSV_SRR24833895,10,G,OG6,P,AA
hRSV_SRR24833895,11,E,OG6,P,AA
hRSV_SRR24833895,12,D,OG6,P,AA
hRSV_SRR24833895,13,A,OG6,P,AA
hRSV_SRR24833895,14,N,OG6,P,AA
hRSV_SRR24833895,15,N,OG6,P,AA
hRSV_SRR24833895,16,R,OG6,P,AA
hRSV_SRR24833895,17,A,OG6,P,AA
hRSV_SRR24833895,18,T,OG6,P,AA
hRSV_SRR24833895,19,K,OG6,P,AA
hRSV_SRR24833895,20,F,OG6,P,AA
hRSV_SRR24833895,21,L,OG6,P,AA
hRSV_SRR24833895,22,E,OG6,P,AA
hRSV_SRR24833895,23,S,OG6,P,AA
hRSV_SRR24833895,24,I,OG6,P,AA
hRSV_SRR24833895,25,K,OG6,P,AA
hRSV_SRR24833895,26,G,OG6,P,AA
hRSV_SRR24833895,27,K,OG6,P,AA
hRSV_SRR24833895,28,F,OG6,P,AA
hRSV_SRR24833895,29,T,OG6,P,AA
hRSV_SRR24833895,30,S,OG6,P,AA
hRSV_SRR24833895,31,P,OG6,P,AA
hRSV_SRR24833895,32,K,OG6,P,AA
hRSV_SRR24833895,33,D,OG6,P,AA
hRSV_SRR24833895,34,P,OG6,P,AA
hRSV_SRR24833895,35,K,OG6,P,AA
hRSV_SRR24833895,36,K,OG6,P,AA
hRSV_SRR24833895,37,K,OG6,P,AA
hRSV_SRR24833895,38,D,OG6,P,AA
hRSV_SRR24833895,39,S,OG6,P,AA
hRSV_SRR24833895,40,I,OG6,P,AA
hRSV_SRR24833895,41,I,OG6,P,AA
hRSV_SRR24833895,42,S,OG6,P,AA
hRSV_SRR24833895,43,V,OG6,P,AA
hRSV_SRR24833895,44,N,OG6,P,AA
hRSV_SRR24833895,45,S,OG6,P,AA
hRSV_SRR24833895,46,X,OG6,P,AA
hRSV_SRR24833895,47,X,OG6,P,AA
hRSV_SRR24833895,48,X,OG6,P,AA
hRSV_SRR24833895,49,X,OG6,P,AA
hRSV_SRR24833895,50,X,OG6,P,AA
hRSV_SRR24833895,51,X,OG6,P,AA
hRSV_SRR24833895,52,X,OG6,P,AA
hRSV_SRR24833895,53,X,OG6,P,AA
hRSV_SRR24833895,54,X,OG6,P,AA
hRSV_SRR24833895,55,X,OG6,P,AA
hRSV_SRR24833895,56,X,OG6,P,AA
hRSV_SRR24833895,57,X,OG6,P,AA
hRSV_SRR24833895,58,X,OG6,P,AA
hRSV_SRR24833895,59,X,OG6,P,AA
hRSV_SRR24833895,60,X,OG6,P,AA
hRSV_SRR24833895,61,X,OG6,P,AA
hRSV_SRR24833895,62,X,OG6,P,AA
hRSV_SRR24833895,63,X,OG6,P,AA
hRSV_SRR24833895,64,X,OG6,P,AA
hRSV_SRR24833895,65,X,OG6,P,AA
hRSV_SRR24833895,66,X,OG6,P,AA
hRSV_SRR24833895,67,X,OG6,P,AA
hRSV_SRR24833895,68,X,OG6,P,AA
hRSV_SRR24833895,69,X,OG6,P,AA
hRSV_SRR24833895,70,X,OG6,P,AA
hRSV_SRR24833895,71,X,OG6,P,AA
hRSV_SRR24833895,72,T,OG6,P,AA
hRSV_SRR24833895,73,V,OG6,P,AA
hRSV_SRR24833895,74,G,OG6,P,AA
hRSV_SRR24833895,75,N,OG6,P,AA
hRSV_SRR24833895,76,K,OG6,P,AA
hRSV_SRR24833895,77,P,OG6,P,AA
hRSV_SRR24833895,78,N,OG6,P,AA
hRSV_SRR24833895,79,Y,OG6,P,AA
hRSV_SRR24833895,80,Q,OG6,P,AA
hRSV_SRR24833895,81,R,OG6,P,AA
hRSV_SRR24833895,82,K,OG6,P,AA
hRSV_SRR24833895,83,P,OG6,P,AA
hRSV_SRR24833895,84,L,OG6,P,AA
hRSV_SRR24833895,85,V,OG6,P,AA
hRSV_SRR24833895,86,S,OG6,P,AA
hRSV_SRR24833895,87,F,OG6,P,AA
hRSV_SRR24833895,88,K,OG6,P,AA
hRSV_SRR24833895,89,E,OG6,P,AA
hRSV_SRR24833895,90,D,OG6,P,AA
hRSV_SRR24833895,91,P,OG6,P,AA
hRSV_SRR24833895,92,M,OG6,P,AA
hRSV_SRR24833895,93,P,OG6,P,AA
hRSV_SRR24833895,94,S,OG6,P,AA
hRSV_SRR24833895,95,D,OG6,P,AA
hRSV_SRR24833895,96,N,OG6,P,AA
hRSV_SRR24833895,97,P,OG6,P,AA
hRSV_SRR24833895,98,F,OG6,P,AA
hRSV_SRR24833895,99,S,OG6,P,AA
hRSV_SRR24833895,100,K,OG6,P,AA
hRSV_SRR24833895,101,L,OG6,P,AA
hRSV_SRR24833895,102,Y,OG6,P,AA
hRSV_SRR24833895,103,K,OG6,P,AA
hRSV_SRR24833895,104,E,OG6,P,AA
hRSV_SRR24833895,105,T,OG6,P,AA
hRSV_SRR24833895,106,I,OG6,P,AA
hRSV_SRR24833895,107,E,OG6,P,AA
hRSV_SRR24833895,108,T,OG6,P,AA
hRSV_SRR24833895,109,F,OG6,P,AA
hRSV_SRR24833895,110,D,OG6,P,AA
hRSV_SRR24833895,111,N,OG6,P,AA
hRSV_SRR24833895,112,N,OG6,P,AA
hRSV_SRR24833895,113,E,OG6,P,AA
hRSV_SRR24833895,114,E,OG6,P,AA
hRSV_SRR24833895,115,E,OG6,P,AA
hRSV_SRR24833895,116,S,OG6,P,AA
hRSV_SRR24833895,117,S,OG6,P,AA
hRSV_SRR24833895,118,Y,OG6,P,AA
hRSV_SRR24833895,119,S,OG6,P,AA
hRSV_SRR24833895,120,Y,OG6,P,AA
hRSV_SRR24833895,121,E,OG6,P,AA
hRSV_SRR24833895,122,E,OG6,P,AA
hRSV_SRR24833895,123,I,OG6,P,AA
hRSV_SRR24833895,124,N,OG6,P,AA
hRSV_SRR24833895,125,D,OG6,P,AA
hRSV_SRR24833895,126,Q,OG6,P,AA
hRSV_SRR24833895,127,T,OG6,P,AA
hRSV_SRR24833895,128,N,OG6,P,AA
hRSV_SRR24833895,129,D,OG6,P,AA
hRSV_SRR24833895,130,N,OG6,P,AA
hRSV_SRR24833895,131,I,OG6,P,AA
hRSV_SRR24833895,132,T,OG6,P,AA
hRSV_SRR24833895,133,A,OG6,P,AA
hRSV_SRR24833895,134,R,OG6,P,AA
hRSV_SRR24833895,135,L,OG6,P,AA
hRSV_SRR24833895,136,D,OG6,P,AA
hRSV_SRR24833895,137,R,OG6,P,AA
hRSV_SRR24833895,138,I,OG6,P,AA
hRSV_SRR24833895,139,D,OG6,P,AA
hRSV_SRR24833895,140,E,OG6,P,AA
hRSV_SRR24833895,141,K,OG6,P,AA
hRSV_SRR24833895,142,L,OG6,P,AA
hRSV_SRR24833895,143,S,OG6,P,AA
hRSV_SRR24833895,144,E,OG6,P,AA
hRSV_SRR24833895,145,I,OG6,P,AA
hRSV_SRR24833895,146,L,OG6,P,AA
hRSV_SRR24833895,147,G,OG6,P,AA
hRSV_SRR24833895,148,M,OG6,P,AA
hRSV_SRR24833895,149,L,OG6,P,AA
hRSV_SRR24833895,150,H,OG6,P,AA
hRSV_SRR24833895,151,T,OG6,P,AA
hRSV_SRR24833895,152,L,OG6,P,AA
hRSV_SRR24833895,153,V,OG6,P,AA
hRSV_SRR24833895,154,V,OG6,P,AA
hRSV_SRR24833895,155,A,OG6,P,AA
hRSV_SRR24833895,156,S,OG6,P,AA
hRSV_SRR24833895,157,A,OG6,P,AA
hRSV_SRR24833895,158,G,OG6,P,AA
hRSV_SRR24833895,159,P,OG6,P,AA
hRSV_SRR24833895,160,T,OG6,P,AA
hRSV_SRR24833895,161,S,OG6,P,AA
hRSV_SRR24833895,162,A,OG6,P,AA
hRSV_SRR24833895,163,R,OG6,P,AA
hRSV_SRR24833895,164,D,OG6,P,AA
hRSV_SRR24833895,165,G,OG6,P,AA
hRSV_SRR24833895,166,I,OG6,P,AA
hRSV_SRR24833895,167,R,OG6,P,AA
hRSV_SRR24833895,168,D,OG6,P,AA
hRSV_SRR24833895,169,A,OG6,P,AA
hRSV_SRR24833895,170,M,OG6,P,AA
hRSV_SRR24833895,171,V,OG6,P,AA
hRSV_SRR24833895,172,G,OG6,P,AA
hRSV_SRR24833895,173,L,OG6,P,AA
hRSV_SRR24833895,174,R,OG6,P,AA
hRSV_SRR24833895,175,E,OG6,P,AA
hRSV_SRR24833895,176,E,OG6,P,AA
hRSV_SRR24833895,177,M,OG6,P,AA
hRSV_SRR24833895,178,I,OG6,P,AA
hRSV_SRR24833895,179,E,OG6,P,AA
hRSV_SRR24833895,180,K,OG6,P,AA
hRSV_SRR24833895,181,I,OG6,P,AA
hRSV_SRR24833895,182,R,OG6,P,AA
hRSV_SRR24833895,183,T,OG6,P,AA
hRSV_SRR24833895,184,E,OG6,P,AA
hRSV_SRR24833895,185,A,OG6,P,AA
hRSV_SRR24833895,186,L,OG6,P,AA
hRSV_SRR24833895,187,M,OG6,P,AA
hRSV_SRR24833895,188,T,OG6,P,AA
hRSV_SRR24833895,189,N,OG6,P,AA
hRSV_SRR24833895,190,D,OG6,P,AA
hRSV_SRR24833895,191,R,OG6,P,AA
hRSV_SRR24833895,192,L,OG6,P,AA
hRSV_SRR24833895,193,E,OG6,P,AA
hRSV_SRR24833895,194,A,OG6,P,AA
hRSV_SRR24833895,195,M,OG6,P,AA
hRSV_SRR24833895,196,A,OG6,P,AA
hRSV_SRR24833895,197,R,OG6,P,AA
hRSV_SRR24833895,198,L,OG6,P,AA
hRSV_SRR24833895,199,R,OG6,P,AA
hRSV_SRR24833895,200,N,OG6,P,AA
hRSV_SRR24833895,201,E,OG6,P,AA
hRSV_SRR24833895,202,E,OG6,P,AA
hRSV_SRR24833895,203,S,OG6,P,AA
hRSV_SRR24833895,204,E,OG6,P,AA
hRSV_SRR24833895,205,K,OG6,P,AA
hRSV_SRR24833895,206,M,OG6,P,AA
hRSV_SRR24833895,207,A,OG6,P,AA
hRSV_SRR24833895,208,K,OG6,P,AA
hRSV_SRR24833895,209,D,OG6,P,AA
hRSV_SRR24833895,210,T,OG6,P,AA
hRSV_SRR24833895,211,S,OG6,P,AA
hRSV_SRR24833895,212,D,OG6,P,AA
hRSV_SRR24833895,213,E,OG6,P,AA
hRSV_SRR24833895,214,V,OG6,P,AA
hRSV_SRR24833895,215,S,OG6,P,AA
hRSV_SRR24833895,216,L,OG6,P,AA
hRSV_SRR24833895,217,N,OG6,P,AA
hRSV_SRR24833895,218,P,OG6,P,AA
hRSV_SRR24833895,219,T,OG6,P,AA
hRSV_SRR24833895,220,S,OG6,P,AA
hRSV_SRR24833895,221,E,OG6,P,AA
hRSV_SRR24833895,222,K,OG6,P,AA
hRSV_SRR24833895,223,L,OG6,P,AA
hRSV_SRR24833895,224,N,OG6,P,AA
hRSV_SRR24833895,225,N,OG6,P,AA
hRSV_SRR24833895,226,L,OG6,P,AA
hRSV_SRR24833895,227,L,OG6,P,AA
hRSV_SRR24833895,228,E,OG6,P,AA
hRSV_SRR24833895,229,G,OG6,P,AA
hRSV_SRR24833895,230,N,OG6,P,AA
hRSV_SRR24833895,231,D,OG6,P,AA
hRSV_SRR24833895,232,S,OG6,P,AA
hRSV_SRR24833895,233,D,OG6,P,AA
hRSV_SRR24833895,234,N,OG6,P,AA
hRSV_SRR24833895,235,D,OG6,P,AA
hRSV_SRR24833895,236,L,OG6,P,AA
hRSV_SRR24833895,237,S,OG6,P,AA
hRSV_SRR24833895,238,L,OG6,P,AA
hRSV_SRR24833895,239,E,OG6,P,AA
hRSV_SRR24833895,240,D,OG6,P,AA
hRSV_SRR24833895,241,F,OG6,P,AA
hRSV_SRR24833886,1,M,OG7,M2-1,AA
hRSV_SRR24833886,2,S,OG7,M2-1,AA
hRSV_SRR24833886,3,R,OG7,M2-1,AA
hRSV_SRR24833886,4,R,OG7,M2-1,AA
hRSV_SRR24833886,5,X,OG7,M2-1,AA
hRSV_SRR24833886,6,X,OG7,M2-1,AA
hRSV_SRR24833886,7,X,OG7,M2-1,AA
hRSV_SRR24833886,8,X,OG7,M2-1,AA
hRSV_SRR24833886,9,I,OG7,M2-1,AA
hRSV_SRR24833886,10,E,OG7,M2-1,AA
hRSV_SRR24833886,11,X,OG7,M2-1,AA
hRSV_SRR24833886,12,X,OG7,M2-1,AA
hRSV_SRR24833886,13,G,OG7,M2-1,AA
hRSV_SRR24833886,14,X,OG7,M2-1,AA
hRSV_SRR24833886,15,X,OG7,M2-1,AA
hRSV_SRR24833886,16,L,OG7,M2-1,AA
hRSV_SRR24833886,17,N,OG7,M2-1,AA
hRSV_SRR24833886,18,G,OG7,M2-1,AA
hRSV_SRR24833886,19,X,OG7,M2-1,AA
hRSV_SRR24833886,20,X,OG7,M2-1,AA
hRSV_SRR24833886,21,X,OG7,M2-1,AA
hRSV_SRR24833886,22,X,OG7,M2-1,AA
hRSV_SRR24833886,23,X,OG7,M2-1,AA
hRSV_SRR24833886,24,X,OG7,M2-1,AA
hRSV_SRR24833886,25,X,OG7,M2-1,AA
hRSV_SRR24833886,26,X,OG7,M2-1,AA
hRSV_SRR24833886,27,X,OG7,M2-1,AA
hRSV_SRR24833886,28,F,OG7,M2-1,AA
hRSV_SRR24833886,29,E,OG7,M2-1,AA
hRSV_SRR24833886,30,W,OG7,M2-1,AA
hRSV_SRR24833886,31,P,OG7,M2-1,AA
hRSV_SRR24833886,32,P,OG7,M2-1,AA
hRSV_SRR24833886,33,H,OG7,M2-1,AA
hRSV_SRR24833886,34,A,OG7,M2-1,AA
hRSV_SRR24833886,35,X,OG7,M2-1,AA
hRSV_SRR24833886,36,X,OG7,M2-1,AA
hRSV_SRR24833886,37,X,OG7,M2-1,AA
hRSV_SRR24833886,38,X,OG7,M2-1,AA
hRSV_SRR24833886,39,X,OG7,M2-1,AA
hRSV_SRR24833886,40,N,OG7,M2-1,AA
hRSV_SRR24833886,41,X,OG7,M2-1,AA
hRSV_SRR24833886,42,M,OG7,M2-1,AA
hRSV_SRR24833886,43,L,OG7,M2-1,AA
hRSV_SRR24833886,44,N,OG7,M2-1,AA
hRSV_SRR24833886,45,R,OG7,M2-1,AA
hRSV_SRR24833886,46,I,OG7,M2-1,AA
hRSV_SRR24833886,47,L,OG7,M2-1,AA
hRSV_SRR24833886,48,K,OG7,M2-1,AA
hRSV_SRR24833886,49,S,OG7,M2-1,AA
hRSV_SRR24833886,50,M,OG7,M2-1,AA
hRSV_SRR24833886,51,D,OG7,M2-1,AA
hRSV_SRR24833886,52,K,OG7,M2-1,AA
hRSV_SRR24833886,53,S,OG7,M2-1,AA
hRSV_SRR24833886,54,I,OG7,M2-1,AA
hRSV_SRR24833886,55,D,OG7,M2-1,AA
hRSV_SRR24833886,56,T,OG7,M2-1,AA
hRSV_SRR24833886,57,L,OG7,M2-1,AA
hRSV_SRR24833886,58,X,OG7,M2-1,AA
hRSV_SRR24833886,59,E,OG7,M2-1,AA
hRSV_SRR24833886,60,I,OG7,M2-1,AA
hRSV_SRR24833886,61,S,OG7,M2-1,AA
hRSV_SRR24833886,62,G,OG7,M2-1,AA
hRSV_SRR24833886,63,X,OG7,M2-1,AA
hRSV_SRR24833886,64,X,OG7,M2-1,AA
hRSV_SRR24833886,65,X,OG7,M2-1,AA
hRSV_SRR24833886,66,X,OG7,M2-1,AA
hRSV_SRR24833886,67,X,OG7,M2-1,AA
hRSV_SRR24833886,68,X,OG7,M2-1,AA
hRSV_SRR24833886,69,X,OG7,M2-1,AA
hRSV_SRR24833886,70,X,OG7,M2-1,AA
hRSV_SRR24833886,71,X,OG7,M2-1,AA
hRSV_SRR24833886,72,X,OG7,M2-1,AA
hRSV_SRR24833886,73,X,OG7,M2-1,AA
hRSV_SRR24833886,74,X,OG7,M2-1,AA
hRSV_SRR24833886,75,X,OG7,M2-1,AA
hRSV_SRR24833886,76,X,OG7,M2-1,AA
hRSV_SRR24833886,77,X,OG7,M2-1,AA
hRSV_SRR24833886,78,X,OG7,M2-1,AA
hRSV_SRR24833886,79,X,OG7,M2-1,AA
hRSV_SRR24833886,80,X,OG7,M2-1,AA
hRSV_SRR24833886,81,X,OG7,M2-1,AA
hRSV_SRR24833886,82,X,OG7,M2-1,AA
hRSV_SRR24833886,83,X,OG7,M2-1,AA
hRSV_SRR24833886,84,X,OG7,M2-1,AA
hRSV_SRR24833886,85,X,OG7,M2-1,AA
hRSV_SRR24833886,86,X,OG7,M2-1,AA
hRSV_SRR24833886,87,X,OG7,M2-1,AA
hRSV_SRR24833886,88,X,OG7,M2-1,AA
hRSV_SRR24833886,89,X,OG7,M2-1,AA
hRSV_SRR24833886,90,X,OG7,M2-1,AA
hRSV_SRR24833886,91,X,OG7,M2-1,AA
hRSV_SRR24833886,92,X,OG7,M2-1,AA
hRSV_SRR24833886,93,X,OG7,M2-1,AA
hRSV_SRR24833886,94,X,OG7,M2-1,AA
hRSV_SRR24833886,95,X,OG7,M2-1,AA
hRSV_SRR24833886,96,X,OG7,M2-1,AA
hRSV_SRR24833886,97,X,OG7,M2-1,AA
hRSV_SRR24833886,98,X,OG7,M2-1,AA
hRSV_SRR24833886,99,X,OG7,M2-1,AA
hRSV_SRR24833886,100,X,OG7,M2-1,AA
hRSV_SRR24833886,101,X,OG7,M2-1,AA
hRSV_SRR24833886,102,X,OG7,M2-1,AA
hRSV_SRR24833886,103,X,OG7,M2-1,AA
hRSV_SRR24833886,104,X,OG7,M2-1,AA
hRSV_SRR24833886,105,X,OG7,M2-1,AA
hRSV_SRR24833886,106,X,OG7,M2-1,AA
hRSV_SRR24833886,107,X,OG7,M2-1,AA
hRSV_SRR24833886,108,X,OG7,M2-1,AA
hRSV_SRR24833886,109,X,OG7,M2-1,AA
hRSV_SRR24833886,110,X,OG7,M2-1,AA
hRSV_SRR24833886,111,X,OG7,M2-1,AA
hRSV_SRR24833886,112,X,OG7,M2-1,AA
hRSV_SRR24833886,113,X,OG7,M2-1,AA
hRSV_SRR24833886,114,X,OG7,M2-1,AA
hRSV_SRR24833886,115,X,OG7,M2-1,AA
hRSV_SRR24833886,116,X,OG7,M2-1,AA
hRSV_SRR24833886,117,X,OG7,M2-1,AA
hRSV_SRR24833886,118,X,OG7,M2-1,AA
hRSV_SRR24833886,119,X,OG7,M2-1,AA
hRSV_SRR24833886,120,X,OG7,M2-1,AA
hRSV_SRR24833886,121,X,OG7,M2-1,AA
hRSV_SRR24833886,122,X,OG7,M2-1,AA
hRSV_SRR24833886,123,X,OG7,M2-1,AA
hRSV_SRR24833886,124,X,OG7,M2-1,AA
hRSV_SRR24833886,125,X,OG7,M2-1,AA
hRSV_SRR24833886,126,X,OG7,M2-1,AA
hRSV_SRR24833886,127,X,OG7,M2-1,AA
hRSV_SRR24833886,128,X,OG7,M2-1,AA
hRSV_SRR24833886,129,X,OG7,M2-1,AA
hRSV_SRR24833886,130,X,OG7,M2-1,AA
hRSV_SRR24833886,131,X,OG7,M2-1,AA
hRSV_SRR24833886,132,X,OG7,M2-1,AA
hRSV_SRR24833886,133,X,OG7,M2-1,AA
hRSV_SRR24833886,134,X,OG7,M2-1,AA
hRSV_SRR24833886,135,X,OG7,M2-1,AA
hRSV_SRR24833886,136,X,OG7,M2-1,AA
hRSV_SRR24833886,137,X,OG7,M2-1,AA
hRSV_SRR24833886,138,X,OG7,M2-1,AA
hRSV_SRR24833886,139,X,OG7,M2-1,AA
hRSV_SRR24833886,140,X,OG7,M2-1,AA
hRSV_SRR24833886,141,X,OG7,M2-1,AA
hRSV_SRR24833886,142,X,OG7,M2-1,AA
hRSV_SRR24833886,143,X,OG7,M2-1,AA
hRSV_SRR24833886,144,X,OG7,M2-1,AA
hRSV_SRR24833886,145,X,OG7,M2-1,AA
hRSV_SRR24833886,146,X,OG7,M2-1,AA
hRSV_SRR24833886,147,X,OG7,M2-1,AA
hRSV_SRR24833886,148,X,OG7,M2-1,AA
hRSV_SRR24833886,149,X,OG7,M2-1,AA
hRSV_SRR24833886,150,X,OG7,M2-1,AA
hRSV_SRR24833886,151,X,OG7,M2-1,AA
hRSV_SRR24833886,152,X,OG7,M2-1,AA
hRSV_SRR24833886,153,X,OG7,M2-1,AA
hRSV_SRR24833886,154,X,OG7,M2-1,AA
hRSV_SRR24833886,155,X,OG7,M2-1,AA
hRSV_SRR24833886,156,X,OG7,M2-1,AA
hRSV_SRR24833886,157,X,OG7,M2-1,AA
hRSV_SRR24833886,158,X,OG7,M2-1,AA
hRSV_SRR24833886,159,X,OG7,M2-1,AA
hRSV_SRR24833886,160,X,OG7,M2-1,AA
hRSV_SRR24833886,161,X,OG7,M2-1,AA
hRSV_SRR24833886,162,X,OG7,M2-1,AA
hRSV_SRR24833886,163,X,OG7,M2-1,AA
hRSV_SRR24833886,164,X,OG7,M2-1,AA
hRSV_SRR24833886,165,X,OG7,M2-1,AA
hRSV_SRR24833886,166,X,OG7,M2-1,AA
hRSV_SRR24833886,167,X,OG7,M2-1,AA
hRSV_SRR24833886,168,X,OG7,M2-1,AA
hRSV_SRR24833886,169,X,OG7,M2-1,AA
hRSV_SRR24833886,170,X,OG7,M2-1,AA
hRSV_SRR24833886,171,X,OG7,M2-1,AA
hRSV_SRR24833886,172,X,OG7,M2-1,AA
hRSV_SRR24833886,173,X,OG7,M2-1,AA
hRSV_SRR24833886,174,X,OG7,M2-1,AA
hRSV_SRR24833886,175,X,OG7,M2-1,AA
hRSV_SRR24833886,176,P,OG7,M2-1,AA
hRSV_SRR24833886,177,K,OG7,M2-1,AA
hRSV_SRR24833886,178,E,OG7,M2-1,AA
hRSV_SRR24833886,179,S,OG7,M2-1,AA
hRSV_SRR24833886,180,T,OG7,M2-1,AA
hRSV_SRR24833886,181,V,OG7,M2-1,AA
hRSV_SRR24833886,182,S,OG7,M2-1,AA
hRSV_SRR24833886,183,D,OG7,M2-1,AA
hRSV_SRR24833886,184,T,OG7,M2-1,AA
hRSV_SRR24833886,185,N,OG7,M2-1,AA
hRSV_SRR24833886,186,D,OG7,M2-1,AA
hRSV_SRR24833886,187,H,OG7,M2-1,AA
hRSV_SRR24833886,188,A,OG7,M2-1,AA
hRSV_SRR24833886,189,K,OG7,M2-1,AA
hRSV_SRR24833886,190,N,OG7,M2-1,AA
hRSV_SRR24833886,191,N,OG7,M2-1,AA
hRSV_SRR24833886,192,D,OG7,M2-1,AA
hRSV_SRR24833886,193,T,OG7,M2-1,AA
hRSV_SRR24833886,194,T,OG7,M2-1,AA
hRSV_SRR24833886,195,-,OG7,M2-1,AA
hRSV_SRR24833888,1,M,OG7,M2-1,AA
hRSV_SRR24833888,2,S,OG7,M2-1,AA
hRSV_SRR24833888,3,R,OG7,M2-1,AA
hRSV_SRR24833888,4,R,OG7,M2-1,AA
hRSV_SRR24833888,5,N,OG7,M2-1,AA
hRSV_SRR24833888,6,P,OG7,M2-1,AA
hRSV_SRR24833888,7,C,OG7,M2-1,AA
hRSV_SRR24833888,8,K,OG7,M2-1,AA
hRSV_SRR24833888,9,F,OG7,M2-1,AA
hRSV_SRR24833888,10,E,OG7,M2-1,AA
hRSV_SRR24833888,11,I,OG7,M2-1,AA
hRSV_SRR24833888,12,R,OG7,M2-1,AA
hRSV_SRR24833888,13,G,OG7,M2-1,AA
hRSV_SRR24833888,14,H,OG7,M2-1,AA
hRSV_SRR24833888,15,C,OG7,M2-1,AA
hRSV_SRR24833888,16,L,OG7,M2-1,AA
hRSV_SRR24833888,17,N,OG7,M2-1,AA
hRSV_SRR24833888,18,G,OG7,M2-1,AA
hRSV_SRR24833888,19,K,OG7,M2-1,AA
hRSV_SRR24833888,20,R,OG7,M2-1,AA
hRSV_SRR24833888,21,C,OG7,M2-1,AA
hRSV_SRR24833888,22,H,OG7,M2-1,AA
hRSV_SRR24833888,23,F,OG7,M2-1,AA
hRSV_SRR24833888,24,S,OG7,M2-1,AA
hRSV_SRR24833888,25,H,OG7,M2-1,AA
hRSV_SRR24833888,26,N,OG7,M2-1,AA
hRSV_SRR24833888,27,Y,OG7,M2-1,AA
hRSV_SRR24833888,28,F,OG7,M2-1,AA
hRSV_SRR24833888,29,E,OG7,M2-1,AA
hRSV_SRR24833888,30,W,OG7,M2-1,AA
hRSV_SRR24833888,31,P,OG7,M2-1,AA
hRSV_SRR24833888,32,P,OG7,M2-1,AA
hRSV_SRR24833888,33,H,OG7,M2-1,AA
hRSV_SRR24833888,34,A,OG7,M2-1,AA
hRSV_SRR24833888,35,L,OG7,M2-1,AA
hRSV_SRR24833888,36,L,OG7,M2-1,AA
hRSV_SRR24833888,37,V,OG7,M2-1,AA
hRSV_SRR24833888,38,R,OG7,M2-1,AA
hRSV_SRR24833888,39,Q,OG7,M2-1,AA
hRSV_SRR24833888,40,N,OG7,M2-1,AA
hRSV_SRR24833888,41,F,OG7,M2-1,AA
hRSV_SRR24833888,42,M,OG7,M2-1,AA
hRSV_SRR24833888,43,L,OG7,M2-1,AA
hRSV_SRR24833888,44,N,OG7,M2-1,AA
hRSV_SRR24833888,45,R,OG7,M2-1,AA
hRSV_SRR24833888,46,I,OG7,M2-1,AA
hRSV_SRR24833888,47,L,OG7,M2-1,AA
hRSV_SRR24833888,48,K,OG7,M2-1,AA
hRSV_SRR24833888,49,S,OG7,M2-1,AA
hRSV_SRR24833888,50,M,OG7,M2-1,AA
hRSV_SRR24833888,51,D,OG7,M2-1,AA
hRSV_SRR24833888,52,K,OG7,M2-1,AA
hRSV_SRR24833888,53,S,OG7,M2-1,AA
hRSV_SRR24833888,54,I,OG7,M2-1,AA
hRSV_SRR24833888,55,D,OG7,M2-1,AA
hRSV_SRR24833888,56,T,OG7,M2-1,AA
hRSV_SRR24833888,57,L,OG7,M2-1,AA
hRSV_SRR24833888,58,S,OG7,M2-1,AA
hRSV_SRR24833888,59,E,OG7,M2-1,AA
hRSV_SRR24833888,60,I,OG7,M2-1,AA
hRSV_SRR24833888,61,S,OG7,M2-1,AA
hRSV_SRR24833888,62,G,OG7,M2-1,AA
hRSV_SRR24833888,63,A,OG7,M2-1,AA
hRSV_SRR24833888,64,A,OG7,M2-1,AA
hRSV_SRR24833888,65,E,OG7,M2-1,AA
hRSV_SRR24833888,66,L,OG7,M2-1,AA
hRSV_SRR24833888,67,D,OG7,M2-1,AA
hRSV_SRR24833888,68,R,OG7,M2-1,AA
hRSV_SRR24833888,69,T,OG7,M2-1,AA
hRSV_SRR24833888,70,E,OG7,M2-1,AA
hRSV_SRR24833888,71,E,OG7,M2-1,AA
hRSV_SRR24833888,72,Y,OG7,M2-1,AA
hRSV_SRR24833888,73,A,OG7,M2-1,AA
hRSV_SRR24833888,74,L,OG7,M2-1,AA
hRSV_SRR24833888,75,G,OG7,M2-1,AA
hRSV_SRR24833888,76,V,OG7,M2-1,AA
hRSV_SRR24833888,77,V,OG7,M2-1,AA
hRSV_SRR24833888,78,G,OG7,M2-1,AA
hRSV_SRR24833888,79,V,OG7,M2-1,AA
hRSV_SRR24833888,80,L,OG7,M2-1,AA
hRSV_SRR24833888,81,E,OG7,M2-1,AA
hRSV_SRR24833888,82,S,OG7,M2-1,AA
hRSV_SRR24833888,83,Y,OG7,M2-1,AA
hRSV_SRR24833888,84,I,OG7,M2-1,AA
hRSV_SRR24833888,85,G,OG7,M2-1,AA
hRSV_SRR24833888,86,S,OG7,M2-1,AA
hRSV_SRR24833888,87,I,OG7,M2-1,AA
hRSV_SRR24833888,88,N,OG7,M2-1,AA
hRSV_SRR24833888,89,N,OG7,M2-1,AA
hRSV_SRR24833888,90,I,OG7,M2-1,AA
hRSV_SRR24833888,91,T,OG7,M2-1,AA
hRSV_SRR24833888,92,K,OG7,M2-1,AA
hRSV_SRR24833888,93,Q,OG7,M2-1,AA
hRSV_SRR24833888,94,S,OG7,M2-1,AA
hRSV_SRR24833888,95,A,OG7,M2-1,AA
hRSV_SRR24833888,96,C,OG7,M2-1,AA
hRSV_SRR24833888,97,V,OG7,M2-1,AA
hRSV_SRR24833888,98,A,OG7,M2-1,AA
hRSV_SRR24833888,99,M,OG7,M2-1,AA
hRSV_SRR24833888,100,S,OG7,M2-1,AA
hRSV_SRR24833888,101,K,OG7,M2-1,AA
hRSV_SRR24833888,102,X,OG7,M2-1,AA
hRSV_SRR24833888,103,L,OG7,M2-1,AA
hRSV_SRR24833888,104,T,OG7,M2-1,AA
hRSV_SRR24833888,105,E,OG7,M2-1,AA
hRSV_SRR24833888,106,L,OG7,M2-1,AA
hRSV_SRR24833888,107,N,OG7,M2-1,AA
hRSV_SRR24833888,108,S,OG7,M2-1,AA
hRSV_SRR24833888,109,D,OG7,M2-1,AA
hRSV_SRR24833888,110,D,OG7,M2-1,AA
hRSV_SRR24833888,111,I,OG7,M2-1,AA
hRSV_SRR24833888,112,X,OG7,M2-1,AA
hRSV_SRR24833888,113,K,OG7,M2-1,AA
hRSV_SRR24833888,114,L,OG7,M2-1,AA
hRSV_SRR24833888,115,R,OG7,M2-1,AA
hRSV_SRR24833888,116,D,OG7,M2-1,AA
hRSV_SRR24833888,117,N,OG7,M2-1,AA
hRSV_SRR24833888,118,E,OG7,M2-1,AA
hRSV_SRR24833888,119,E,OG7,M2-1,AA
hRSV_SRR24833888,120,P,OG7,M2-1,AA
hRSV_SRR24833888,121,N,OG7,M2-1,AA
hRSV_SRR24833888,122,S,OG7,M2-1,AA
hRSV_SRR24833888,123,P,OG7,M2-1,AA
hRSV_SRR24833888,124,K,OG7,M2-1,AA
hRSV_SRR24833888,125,V,OG7,M2-1,AA
hRSV_SRR24833888,126,R,OG7,M2-1,AA
hRSV_SRR24833888,127,V,OG7,M2-1,AA
hRSV_SRR24833888,128,Y,OG7,M2-1,AA
hRSV_SRR24833888,129,N,OG7,M2-1,AA
hRSV_SRR24833888,130,T,OG7,M2-1,AA
hRSV_SRR24833888,131,V,OG7,M2-1,AA
hRSV_SRR24833888,132,I,OG7,M2-1,AA
hRSV_SRR24833888,133,S,OG7,M2-1,AA
hRSV_SRR24833888,134,Y,OG7,M2-1,AA
hRSV_SRR24833888,135,I,OG7,M2-1,AA
hRSV_SRR24833888,136,E,OG7,M2-1,AA
hRSV_SRR24833888,137,S,OG7,M2-1,AA
hRSV_SRR24833888,138,N,OG7,M2-1,AA
hRSV_SRR24833888,139,R,OG7,M2-1,AA
hRSV_SRR24833888,140,K,OG7,M2-1,AA
hRSV_SRR24833888,141,X,OG7,M2-1,AA
hRSV_SRR24833888,142,X,OG7,M2-1,AA
hRSV_SRR24833888,143,K,OG7,M2-1,AA
hRSV_SRR24833888,144,Q,OG7,M2-1,AA
hRSV_SRR24833888,145,T,OG7,M2-1,AA
hRSV_SRR24833888,146,I,OG7,M2-1,AA
hRSV_SRR24833888,147,H,OG7,M2-1,AA
hRSV_SRR24833888,148,L,OG7,M2-1,AA
hRSV_SRR24833888,149,L,OG7,M2-1,AA
hRSV_SRR24833888,150,K,OG7,M2-1,AA
hRSV_SRR24833888,151,R,OG7,M2-1,AA
hRSV_SRR24833888,152,L,OG7,M2-1,AA
hRSV_SRR24833888,153,P,OG7,M2-1,AA
hRSV_SRR24833888,154,A,OG7,M2-1,AA
hRSV_SRR24833888,155,D,OG7,M2-1,AA
hRSV_SRR24833888,156,V,OG7,M2-1,AA
hRSV_SRR24833888,157,L,OG7,M2-1,AA
hRSV_SRR24833888,158,K,OG7,M2-1,AA
hRSV_SRR24833888,159,K,OG7,M2-1,AA
hRSV_SRR24833888,160,T,OG7,M2-1,AA
hRSV_SRR24833888,161,I,OG7,M2-1,AA
hRSV_SRR24833888,162,K,OG7,M2-1,AA
hRSV_SRR24833888,163,N,OG7,M2-1,AA
hRSV_SRR24833888,164,T,OG7,M2-1,AA
hRSV_SRR24833888,165,L,OG7,M2-1,AA
hRSV_SRR24833888,166,D,OG7,M2-1,AA
hRSV_SRR24833888,167,I,OG7,M2-1,AA
hRSV_SRR24833888,168,X,OG7,M2-1,AA
hRSV_SRR24833888,169,K,OG7,M2-1,AA
hRSV_SRR24833888,170,S,OG7,M2-1,AA
hRSV_SRR24833888,171,I,OG7,M2-1,AA
hRSV_SRR24833888,172,T,OG7,M2-1,AA
hRSV_SRR24833888,173,I,OG7,M2-1,AA
hRSV_SRR24833888,174,N,OG7,M2-1,AA
hRSV_SRR24833888,175,N,OG7,M2-1,AA
hRSV_SRR24833888,176,P,OG7,M2-1,AA
hRSV_SRR24833888,177,K,OG7,M2-1,AA
hRSV_SRR24833888,178,E,OG7,M2-1,AA
hRSV_SRR24833888,179,S,OG7,M2-1,AA
hRSV_SRR24833888,180,T,OG7,M2-1,AA
hRSV_SRR24833888,181,I,OG7,M2-1,AA
hRSV_SRR24833888,182,N,OG7,M2-1,AA
hRSV_SRR24833888,183,D,OG7,M2-1,AA
hRSV_SRR24833888,184,T,OG7,M2-1,AA
hRSV_SRR24833888,185,N,OG7,M2-1,AA
hRSV_SRR24833888,186,D,OG7,M2-1,AA
hRSV_SRR24833888,187,H,OG7,M2-1,AA
hRSV_SRR24833888,188,A,OG7,M2-1,AA
hRSV_SRR24833888,189,K,OG7,M2-1,AA
hRSV_SRR24833888,190,N,OG7,M2-1,AA
hRSV_SRR24833888,191,N,OG7,M2-1,AA
hRSV_SRR24833888,192,D,OG7,M2-1,AA
hRSV_SRR24833888,193,T,OG7,M2-1,AA
hRSV_SRR24833888,194,T,OG7,M2-1,AA
hRSV_SRR24833888,195,-,OG7,M2-1,AA
hRSV_SRR24833879,1,M,OG7,M2-1,AA
hRSV_SRR24833879,2,S,OG7,M2-1,AA
hRSV_SRR24833879,3,R,OG7,M2-1,AA
hRSV_SRR24833879,4,R,OG7,M2-1,AA
hRSV_SRR24833879,5,N,OG7,M2-1,AA
hRSV_SRR24833879,6,P,OG7,M2-1,AA
hRSV_SRR24833879,7,C,OG7,M2-1,AA
hRSV_SRR24833879,8,K,OG7,M2-1,AA
hRSV_SRR24833879,9,F,OG7,M2-1,AA
hRSV_SRR24833879,10,E,OG7,M2-1,AA
hRSV_SRR24833879,11,I,OG7,M2-1,AA
hRSV_SRR24833879,12,R,OG7,M2-1,AA
hRSV_SRR24833879,13,G,OG7,M2-1,AA
hRSV_SRR24833879,14,H,OG7,M2-1,AA
hRSV_SRR24833879,15,C,OG7,M2-1,AA
hRSV_SRR24833879,16,L,OG7,M2-1,AA
hRSV_SRR24833879,17,N,OG7,M2-1,AA
hRSV_SRR24833879,18,G,OG7,M2-1,AA
hRSV_SRR24833879,19,K,OG7,M2-1,AA
hRSV_SRR24833879,20,R,OG7,M2-1,AA
hRSV_SRR24833879,21,C,OG7,M2-1,AA
hRSV_SRR24833879,22,H,OG7,M2-1,AA
hRSV_SRR24833879,23,F,OG7,M2-1,AA
hRSV_SRR24833879,24,S,OG7,M2-1,AA
hRSV_SRR24833879,25,H,OG7,M2-1,AA
hRSV_SRR24833879,26,N,OG7,M2-1,AA
hRSV_SRR24833879,27,Y,OG7,M2-1,AA
hRSV_SRR24833879,28,F,OG7,M2-1,AA
hRSV_SRR24833879,29,E,OG7,M2-1,AA
hRSV_SRR24833879,30,W,OG7,M2-1,AA
hRSV_SRR24833879,31,P,OG7,M2-1,AA
hRSV_SRR24833879,32,P,OG7,M2-1,AA
hRSV_SRR24833879,33,H,OG7,M2-1,AA
hRSV_SRR24833879,34,A,OG7,M2-1,AA
hRSV_SRR24833879,35,L,OG7,M2-1,AA
hRSV_SRR24833879,36,L,OG7,M2-1,AA
hRSV_SRR24833879,37,V,OG7,M2-1,AA
hRSV_SRR24833879,38,R,OG7,M2-1,AA
hRSV_SRR24833879,39,Q,OG7,M2-1,AA
hRSV_SRR24833879,40,N,OG7,M2-1,AA
hRSV_SRR24833879,41,F,OG7,M2-1,AA
hRSV_SRR24833879,42,M,OG7,M2-1,AA
hRSV_SRR24833879,43,L,OG7,M2-1,AA
hRSV_SRR24833879,44,N,OG7,M2-1,AA
hRSV_SRR24833879,45,R,OG7,M2-1,AA
hRSV_SRR24833879,46,I,OG7,M2-1,AA
hRSV_SRR24833879,47,L,OG7,M2-1,AA
hRSV_SRR24833879,48,K,OG7,M2-1,AA
hRSV_SRR24833879,49,S,OG7,M2-1,AA
hRSV_SRR24833879,50,M,OG7,M2-1,AA
hRSV_SRR24833879,51,D,OG7,M2-1,AA
hRSV_SRR24833879,52,K,OG7,M2-1,AA
hRSV_SRR24833879,53,S,OG7,M2-1,AA
hRSV_SRR24833879,54,I,OG7,M2-1,AA
hRSV_SRR24833879,55,D,OG7,M2-1,AA
hRSV_SRR24833879,56,T,OG7,M2-1,AA
hRSV_SRR24833879,57,L,OG7,M2-1,AA
hRSV_SRR24833879,58,S,OG7,M2-1,AA
hRSV_SRR24833879,59,E,OG7,M2-1,AA
hRSV_SRR24833879,60,I,OG7,M2-1,AA
hRSV_SRR24833879,61,S,OG7,M2-1,AA
hRSV_SRR24833879,62,G,OG7,M2-1,AA
hRSV_SRR24833879,63,A,OG7,M2-1,AA
hRSV_SRR24833879,64,A,OG7,M2-1,AA
hRSV_SRR24833879,65,E,OG7,M2-1,AA
hRSV_SRR24833879,66,L,OG7,M2-1,AA
hRSV_SRR24833879,67,D,OG7,M2-1,AA
hRSV_SRR24833879,68,R,OG7,M2-1,AA
hRSV_SRR24833879,69,T,OG7,M2-1,AA
hRSV_SRR24833879,70,E,OG7,M2-1,AA
hRSV_SRR24833879,71,E,OG7,M2-1,AA
hRSV_SRR24833879,72,Y,OG7,M2-1,AA
hRSV_SRR24833879,73,A,OG7,M2-1,AA
hRSV_SRR24833879,74,L,OG7,M2-1,AA
hRSV_SRR24833879,75,G,OG7,M2-1,AA
hRSV_SRR24833879,76,V,OG7,M2-1,AA
hRSV_SRR24833879,77,V,OG7,M2-1,AA
hRSV_SRR24833879,78,G,OG7,M2-1,AA
hRSV_SRR24833879,79,V,OG7,M2-1,AA
hRSV_SRR24833879,80,L,OG7,M2-1,AA
hRSV_SRR24833879,81,E,OG7,M2-1,AA
hRSV_SRR24833879,82,S,OG7,M2-1,AA
hRSV_SRR24833879,83,Y,OG7,M2-1,AA
hRSV_SRR24833879,84,I,OG7,M2-1,AA
hRSV_SRR24833879,85,G,OG7,M2-1,AA
hRSV_SRR24833879,86,S,OG7,M2-1,AA
hRSV_SRR24833879,87,I,OG7,M2-1,AA
hRSV_SRR24833879,88,N,OG7,M2-1,AA
hRSV_SRR24833879,89,N,OG7,M2-1,AA
hRSV_SRR24833879,90,I,OG7,M2-1,AA
hRSV_SRR24833879,91,T,OG7,M2-1,AA
hRSV_SRR24833879,92,K,OG7,M2-1,AA
hRSV_SRR24833879,93,Q,OG7,M2-1,AA
hRSV_SRR24833879,94,S,OG7,M2-1,AA
hRSV_SRR24833879,95,A,OG7,M2-1,AA
hRSV_SRR24833879,96,C,OG7,M2-1,AA
hRSV_SRR24833879,97,V,OG7,M2-1,AA
hRSV_SRR24833879,98,A,OG7,M2-1,AA
hRSV_SRR24833879,99,M,OG7,M2-1,AA
hRSV_SRR24833879,100,S,OG7,M2-1,AA
hRSV_SRR24833879,101,K,OG7,M2-1,AA
hRSV_SRR24833879,102,L,OG7,M2-1,AA
hRSV_SRR24833879,103,L,OG7,M2-1,AA
hRSV_SRR24833879,104,T,OG7,M2-1,AA
hRSV_SRR24833879,105,E,OG7,M2-1,AA
hRSV_SRR24833879,106,L,OG7,M2-1,AA
hRSV_SRR24833879,107,N,OG7,M2-1,AA
hRSV_SRR24833879,108,S,OG7,M2-1,AA
hRSV_SRR24833879,109,D,OG7,M2-1,AA
hRSV_SRR24833879,110,D,OG7,M2-1,AA
hRSV_SRR24833879,111,I,OG7,M2-1,AA
hRSV_SRR24833879,112,K,OG7,M2-1,AA
hRSV_SRR24833879,113,K,OG7,M2-1,AA
hRSV_SRR24833879,114,L,OG7,M2-1,AA
hRSV_SRR24833879,115,R,OG7,M2-1,AA
hRSV_SRR24833879,116,D,OG7,M2-1,AA
hRSV_SRR24833879,117,N,OG7,M2-1,AA
hRSV_SRR24833879,118,E,OG7,M2-1,AA
hRSV_SRR24833879,119,E,OG7,M2-1,AA
hRSV_SRR24833879,120,P,OG7,M2-1,AA
hRSV_SRR24833879,121,N,OG7,M2-1,AA
hRSV_SRR24833879,122,S,OG7,M2-1,AA
hRSV_SRR24833879,123,P,OG7,M2-1,AA
hRSV_SRR24833879,124,K,OG7,M2-1,AA
hRSV_SRR24833879,125,V,OG7,M2-1,AA
hRSV_SRR24833879,126,R,OG7,M2-1,AA
hRSV_SRR24833879,127,V,OG7,M2-1,AA
hRSV_SRR24833879,128,Y,OG7,M2-1,AA
hRSV_SRR24833879,129,N,OG7,M2-1,AA
hRSV_SRR24833879,130,T,OG7,M2-1,AA
hRSV_SRR24833879,131,V,OG7,M2-1,AA
hRSV_SRR24833879,132,I,OG7,M2-1,AA
hRSV_SRR24833879,133,S,OG7,M2-1,AA
hRSV_SRR24833879,134,Y,OG7,M2-1,AA
hRSV_SRR24833879,135,I,OG7,M2-1,AA
hRSV_SRR24833879,136,E,OG7,M2-1,AA
hRSV_SRR24833879,137,S,OG7,M2-1,AA
hRSV_SRR24833879,138,N,OG7,M2-1,AA
hRSV_SRR24833879,139,R,OG7,M2-1,AA
hRSV_SRR24833879,140,K,OG7,M2-1,AA
hRSV_SRR24833879,141,N,OG7,M2-1,AA
hRSV_SRR24833879,142,N,OG7,M2-1,AA
hRSV_SRR24833879,143,K,OG7,M2-1,AA
hRSV_SRR24833879,144,Q,OG7,M2-1,AA
hRSV_SRR24833879,145,T,OG7,M2-1,AA
hRSV_SRR24833879,146,I,OG7,M2-1,AA
hRSV_SRR24833879,147,H,OG7,M2-1,AA
hRSV_SRR24833879,148,L,OG7,M2-1,AA
hRSV_SRR24833879,149,L,OG7,M2-1,AA
hRSV_SRR24833879,150,K,OG7,M2-1,AA
hRSV_SRR24833879,151,R,OG7,M2-1,AA
hRSV_SRR24833879,152,L,OG7,M2-1,AA
hRSV_SRR24833879,153,P,OG7,M2-1,AA
hRSV_SRR24833879,154,A,OG7,M2-1,AA
hRSV_SRR24833879,155,D,OG7,M2-1,AA
hRSV_SRR24833879,156,V,OG7,M2-1,AA
hRSV_SRR24833879,157,L,OG7,M2-1,AA
hRSV_SRR24833879,158,K,OG7,M2-1,AA
hRSV_SRR24833879,159,K,OG7,M2-1,AA
hRSV_SRR24833879,160,T,OG7,M2-1,AA
hRSV_SRR24833879,161,I,OG7,M2-1,AA
hRSV_SRR24833879,162,K,OG7,M2-1,AA
hRSV_SRR24833879,163,N,OG7,M2-1,AA
hRSV_SRR24833879,164,T,OG7,M2-1,AA
hRSV_SRR24833879,165,L,OG7,M2-1,AA
hRSV_SRR24833879,166,D,OG7,M2-1,AA
hRSV_SRR24833879,167,I,OG7,M2-1,AA
hRSV_SRR24833879,168,H,OG7,M2-1,AA
hRSV_SRR24833879,169,K,OG7,M2-1,AA
hRSV_SRR24833879,170,S,OG7,M2-1,AA
hRSV_SRR24833879,171,I,OG7,M2-1,AA
hRSV_SRR24833879,172,T,OG7,M2-1,AA
hRSV_SRR24833879,173,I,OG7,M2-1,AA
hRSV_SRR24833879,174,N,OG7,M2-1,AA
hRSV_SRR24833879,175,N,OG7,M2-1,AA
hRSV_SRR24833879,176,P,OG7,M2-1,AA
hRSV_SRR24833879,177,K,OG7,M2-1,AA
hRSV_SRR24833879,178,E,OG7,M2-1,AA
hRSV_SRR24833879,179,S,OG7,M2-1,AA
hRSV_SRR24833879,180,T,OG7,M2-1,AA
hRSV_SRR24833879,181,V,OG7,M2-1,AA
hRSV_SRR24833879,182,S,OG7,M2-1,AA
hRSV_SRR24833879,183,D,OG7,M2-1,AA
hRSV_SRR24833879,184,T,OG7,M2-1,AA
hRSV_SRR24833879,185,N,OG7,M2-1,AA
hRSV_SRR24833879,186,D,OG7,M2-1,AA
hRSV_SRR24833879,187,H,OG7,M2-1,AA
hRSV_SRR24833879,188,A,OG7,M2-1,AA
hRSV_SRR24833879,189,K,OG7,M2-1,AA
hRSV_SRR24833879,190,N,OG7,M2-1,AA
hRSV_SRR24833879,191,N,OG7,M2-1,AA
hRSV_SRR24833879,192,D,OG7,M2-1,AA
hRSV_SRR24833879,193,T,OG7,M2-1,AA
hRSV_SRR24833879,194,T,OG7,M2-1,AA
hRSV_SRR24833879,195,-,OG7,M2-1,AA
hRSV_SRR24833895,1,X,OG7,M2-1,AA
hRSV_SRR24833895,2,X,OG7,M2-1,AA
hRSV_SRR24833895,3,X,OG7,M2-1,AA
hRSV_SRR24833895,4,X,OG7,M2-1,AA
hRSV_SRR24833895,5,X,OG7,M2-1,AA
hRSV_SRR24833895,6,X,OG7,M2-1,AA
hRSV_SRR24833895,7,X,OG7,M2-1,AA
hRSV_SRR24833895,8,X,OG7,M2-1,AA
hRSV_SRR24833895,9,X,OG7,M2-1,AA
hRSV_SRR24833895,10,X,OG7,M2-1,AA
hRSV_SRR24833895,11,X,OG7,M2-1,AA
hRSV_SRR24833895,12,X,OG7,M2-1,AA
hRSV_SRR24833895,13,X,OG7,M2-1,AA
hRSV_SRR24833895,14,X,OG7,M2-1,AA
hRSV_SRR24833895,15,X,OG7,M2-1,AA
hRSV_SRR24833895,16,X,OG7,M2-1,AA
hRSV_SRR24833895,17,X,OG7,M2-1,AA
hRSV_SRR24833895,18,X,OG7,M2-1,AA
hRSV_SRR24833895,19,X,OG7,M2-1,AA
hRSV_SRR24833895,20,X,OG7,M2-1,AA
hRSV_SRR24833895,21,X,OG7,M2-1,AA
hRSV_SRR24833895,22,X,OG7,M2-1,AA
hRSV_SRR24833895,23,X,OG7,M2-1,AA
hRSV_SRR24833895,24,X,OG7,M2-1,AA
hRSV_SRR24833895,25,X,OG7,M2-1,AA
hRSV_SRR24833895,26,X,OG7,M2-1,AA
hRSV_SRR24833895,27,X,OG7,M2-1,AA
hRSV_SRR24833895,28,X,OG7,M2-1,AA
hRSV_SRR24833895,29,X,OG7,M2-1,AA
hRSV_SRR24833895,30,X,OG7,M2-1,AA
hRSV_SRR24833895,31,X,OG7,M2-1,AA
hRSV_SRR24833895,32,X,OG7,M2-1,AA
hRSV_SRR24833895,33,X,OG7,M2-1,AA
hRSV_SRR24833895,34,X,OG7,M2-1,AA
hRSV_SRR24833895,35,X,OG7,M2-1,AA
hRSV_SRR24833895,36,X,OG7,M2-1,AA
hRSV_SRR24833895,37,X,OG7,M2-1,AA
hRSV_SRR24833895,38,X,OG7,M2-1,AA
hRSV_SRR24833895,39,X,OG7,M2-1,AA
hRSV_SRR24833895,40,X,OG7,M2-1,AA
hRSV_SRR24833895,41,X,OG7,M2-1,AA
hRSV_SRR24833895,42,X,OG7,M2-1,AA
hRSV_SRR24833895,43,X,OG7,M2-1,AA
hRSV_SRR24833895,44,X,OG7,M2-1,AA
hRSV_SRR24833895,45,X,OG7,M2-1,AA
hRSV_SRR24833895,46,X,OG7,M2-1,AA
hRSV_SRR24833895,47,X,OG7,M2-1,AA
hRSV_SRR24833895,48,X,OG7,M2-1,AA
hRSV_SRR24833895,49,X,OG7,M2-1,AA
hRSV_SRR24833895,50,X,OG7,M2-1,AA
hRSV_SRR24833895,51,X,OG7,M2-1,AA
hRSV_SRR24833895,52,X,OG7,M2-1,AA
hRSV_SRR24833895,53,X,OG7,M2-1,AA
hRSV_SRR24833895,54,X,OG7,M2-1,AA
hRSV_SRR24833895,55,X,OG7,M2-1,AA
hRSV_SRR24833895,56,X,OG7,M2-1,AA
hRSV_SRR24833895,57,X,OG7,M2-1,AA
hRSV_SRR24833895,58,X,OG7,M2-1,AA
hRSV_SRR24833895,59,X,OG7,M2-1,AA
hRSV_SRR24833895,60,X,OG7,M2-1,AA
hRSV_SRR24833895,61,X,OG7,M2-1,AA
hRSV_SRR24833895,62,X,OG7,M2-1,AA
hRSV_SRR24833895,63,X,OG7,M2-1,AA
hRSV_SRR24833895,64,X,OG7,M2-1,AA
hRSV_SRR24833895,65,X,OG7,M2-1,AA
hRSV_SRR24833895,66,X,OG7,M2-1,AA
hRSV_SRR24833895,67,X,OG7,M2-1,AA
hRSV_SRR24833895,68,X,OG7,M2-1,AA
hRSV_SRR24833895,69,X,OG7,M2-1,AA
hRSV_SRR24833895,70,X,OG7,M2-1,AA
hRSV_SRR24833895,71,X,OG7,M2-1,AA
hRSV_SRR24833895,72,X,OG7,M2-1,AA
hRSV_SRR24833895,73,X,OG7,M2-1,AA
hRSV_SRR24833895,74,X,OG7,M2-1,AA
hRSV_SRR24833895,75,G,OG7,M2-1,AA
hRSV_SRR24833895,76,V,OG7,M2-1,AA
hRSV_SRR24833895,77,V,OG7,M2-1,AA
hRSV_SRR24833895,78,G,OG7,M2-1,AA
hRSV_SRR24833895,79,V,OG7,M2-1,AA
hRSV_SRR24833895,80,L,OG7,M2-1,AA
hRSV_SRR24833895,81,E,OG7,M2-1,AA
hRSV_SRR24833895,82,S,OG7,M2-1,AA
hRSV_SRR24833895,83,Y,OG7,M2-1,AA
hRSV_SRR24833895,84,I,OG7,M2-1,AA
hRSV_SRR24833895,85,G,OG7,M2-1,AA
hRSV_SRR24833895,86,S,OG7,M2-1,AA
hRSV_SRR24833895,87,I,OG7,M2-1,AA
hRSV_SRR24833895,88,N,OG7,M2-1,AA
hRSV_SRR24833895,89,N,OG7,M2-1,AA
hRSV_SRR24833895,90,I,OG7,M2-1,AA
hRSV_SRR24833895,91,T,OG7,M2-1,AA
hRSV_SRR24833895,92,K,OG7,M2-1,AA
hRSV_SRR24833895,93,Q,OG7,M2-1,AA
hRSV_SRR24833895,94,S,OG7,M2-1,AA
hRSV_SRR24833895,95,A,OG7,M2-1,AA
hRSV_SRR24833895,96,C,OG7,M2-1,AA
hRSV_SRR24833895,97,V,OG7,M2-1,AA
hRSV_SRR24833895,98,A,OG7,M2-1,AA
hRSV_SRR24833895,99,M,OG7,M2-1,AA
hRSV_SRR24833895,100,S,OG7,M2-1,AA
hRSV_SRR24833895,101,K,OG7,M2-1,AA
hRSV_SRR24833895,102,L,OG7,M2-1,AA
hRSV_SRR24833895,103,L,OG7,M2-1,AA
hRSV_SRR24833895,104,T,OG7,M2-1,AA
hRSV_SRR24833895,105,E,OG7,M2-1,AA
hRSV_SRR24833895,106,L,OG7,M2-1,AA
hRSV_SRR24833895,107,N,OG7,M2-1,AA
hRSV_SRR24833895,108,S,OG7,M2-1,AA
hRSV_SRR24833895,109,D,OG7,M2-1,AA
hRSV_SRR24833895,110,D,OG7,M2-1,AA
hRSV_SRR24833895,111,I,OG7,M2-1,AA
hRSV_SRR24833895,112,K,OG7,M2-1,AA
hRSV_SRR24833895,113,K,OG7,M2-1,AA
hRSV_SRR24833895,114,L,OG7,M2-1,AA
hRSV_SRR24833895,115,R,OG7,M2-1,AA
hRSV_SRR24833895,116,D,OG7,M2-1,AA
hRSV_SRR24833895,117,N,OG7,M2-1,AA
hRSV_SRR24833895,118,E,OG7,M2-1,AA
hRSV_SRR24833895,119,E,OG7,M2-1,AA
hRSV_SRR24833895,120,P,OG7,M2-1,AA
hRSV_SRR24833895,121,N,OG7,M2-1,AA
hRSV_SRR24833895,122,S,OG7,M2-1,AA
hRSV_SRR24833895,123,P,OG7,M2-1,AA
hRSV_SRR24833895,124,K,OG7,M2-1,AA
hRSV_SRR24833895,125,V,OG7,M2-1,AA
hRSV_SRR24833895,126,R,OG7,M2-1,AA
hRSV_SRR24833895,127,V,OG7,M2-1,AA
hRSV_SRR24833895,128,Y,OG7,M2-1,AA
hRSV_SRR24833895,129,N,OG7,M2-1,AA
hRSV_SRR24833895,130,T,OG7,M2-1,AA
hRSV_SRR24833895,131,V,OG7,M2-1,AA
hRSV_SRR24833895,132,I,OG7,M2-1,AA
hRSV_SRR24833895,133,S,OG7,M2-1,AA
hRSV_SRR24833895,134,Y,OG7,M2-1,AA
hRSV_SRR24833895,135,I,OG7,M2-1,AA
hRSV_SRR24833895,136,E,OG7,M2-1,AA
hRSV_SRR24833895,137,S,OG7,M2-1,AA
hRSV_SRR24833895,138,N,OG7,M2-1,AA
hRSV_SRR24833895,139,R,OG7,M2-1,AA
hRSV_SRR24833895,140,K,OG7,M2-1,AA
hRSV_SRR24833895,141,N,OG7,M2-1,AA
hRSV_SRR24833895,142,N,OG7,M2-1,AA
hRSV_SRR24833895,143,K,OG7,M2-1,AA
hRSV_SRR24833895,144,Q,OG7,M2-1,AA
hRSV_SRR24833895,145,T,OG7,M2-1,AA
hRSV_SRR24833895,146,I,OG7,M2-1,AA
hRSV_SRR24833895,147,H,OG7,M2-1,AA
hRSV_SRR24833895,148,L,OG7,M2-1,AA
hRSV_SRR24833895,149,L,OG7,M2-1,AA
hRSV_SRR24833895,150,K,OG7,M2-1,AA
hRSV_SRR24833895,151,R,OG7,M2-1,AA
hRSV_SRR24833895,152,L,OG7,M2-1,AA
hRSV_SRR24833895,153,P,OG7,M2-1,AA
hRSV_SRR24833895,154,A,OG7,M2-1,AA
hRSV_SRR24833895,155,D,OG7,M2-1,AA
hRSV_SRR24833895,156,V,OG7,M2-1,AA
hRSV_SRR24833895,157,L,OG7,M2-1,AA
hRSV_SRR24833895,158,K,OG7,M2-1,AA
hRSV_SRR24833895,159,K,OG7,M2-1,AA
hRSV_SRR24833895,160,T,OG7,M2-1,AA
hRSV_SRR24833895,161,I,OG7,M2-1,AA
hRSV_SRR24833895,162,K,OG7,M2-1,AA
hRSV_SRR24833895,163,N,OG7,M2-1,AA
hRSV_SRR24833895,164,T,OG7,M2-1,AA
hRSV_SRR24833895,165,L,OG7,M2-1,AA
hRSV_SRR24833895,166,D,OG7,M2-1,AA
hRSV_SRR24833895,167,I,OG7,M2-1,AA
hRSV_SRR24833895,168,H,OG7,M2-1,AA
hRSV_SRR24833895,169,K,OG7,M2-1,AA
hRSV_SRR24833895,170,S,OG7,M2-1,AA
hRSV_SRR24833895,171,I,OG7,M2-1,AA
hRSV_SRR24833895,172,T,OG7,M2-1,AA
hRSV_SRR24833895,173,I,OG7,M2-1,AA
hRSV_SRR24833895,174,N,OG7,M2-1,AA
hRSV_SRR24833895,175,N,OG7,M2-1,AA
hRSV_SRR24833895,176,P,OG7,M2-1,AA
hRSV_SRR24833895,177,K,OG7,M2-1,AA
hRSV_SRR24833895,178,E,OG7,M2-1,AA
hRSV_SRR24833895,179,S,OG7,M2-1,AA
hRSV_SRR24833895,180,T,OG7,M2-1,AA
hRSV_SRR24833895,181,V,OG7,M2-1,AA
hRSV_SRR24833895,182,S,OG7,M2-1,AA
hRSV_SRR24833895,183,D,OG7,M2-1,AA
hRSV_SRR24833895,184,T,OG7,M2-1,AA
hRSV_SRR24833895,185,N,OG7,M2-1,AA
hRSV_SRR24833895,186,D,OG7,M2-1,AA
hRSV_SRR24833895,187,H,OG7,M2-1,AA
hRSV_SRR24833895,188,A,OG7,M2-1,AA
hRSV_SRR24833895,189,K,OG7,M2-1,AA
hRSV_SRR24833895,190,N,OG7,M2-1,AA
hRSV_SRR24833895,191,N,OG7,M2-1,AA
hRSV_SRR24833895,192,D,OG7,M2-1,AA
hRSV_SRR24833895,193,T,OG7,M2-1,AA
hRSV_SRR24833895,194,T,OG7,M2-1,AA
hRSV_SRR24833895,195,-,OG7,M2-1,AA
hRSV_SRR24833888,1,M,OG8,NS1,AA
hRSV_SRR24833888,2,G,OG8,NS1,AA
hRSV_SRR24833888,3,S,OG8,NS1,AA
hRSV_SRR24833888,4,N,OG8,NS1,AA
hRSV_SRR24833888,5,S,OG8,NS1,AA
hRSV_SRR24833888,6,L,OG8,NS1,AA
hRSV_SRR24833888,7,S,OG8,NS1,AA
hRSV_SRR24833888,8,M,OG8,NS1,AA
hRSV_SRR24833888,9,I,OG8,NS1,AA
hRSV_SRR24833888,10,K,OG8,NS1,AA
hRSV_SRR24833888,11,V,OG8,NS1,AA
hRSV_SRR24833888,12,R,OG8,NS1,AA
hRSV_SRR24833888,13,L,OG8,NS1,AA
hRSV_SRR24833888,14,Q,OG8,NS1,AA
hRSV_SRR24833888,15,N,OG8,NS1,AA
hRSV_SRR24833888,16,L,OG8,NS1,AA
hRSV_SRR24833888,17,F,OG8,NS1,AA
hRSV_SRR24833888,18,D,OG8,NS1,AA
hRSV_SRR24833888,19,N,OG8,NS1,AA
hRSV_SRR24833888,20,D,OG8,NS1,AA
hRSV_SRR24833888,21,E,OG8,NS1,AA
hRSV_SRR24833888,22,V,OG8,NS1,AA
hRSV_SRR24833888,23,A,OG8,NS1,AA
hRSV_SRR24833888,24,L,OG8,NS1,AA
hRSV_SRR24833888,25,L,OG8,NS1,AA
hRSV_SRR24833888,26,K,OG8,NS1,AA
hRSV_SRR24833888,27,I,OG8,NS1,AA
hRSV_SRR24833888,28,T,OG8,NS1,AA
hRSV_SRR24833888,29,C,OG8,NS1,AA
hRSV_SRR24833888,30,Y,OG8,NS1,AA
hRSV_SRR24833888,31,T,OG8,NS1,AA
hRSV_SRR24833888,32,D,OG8,NS1,AA
hRSV_SRR24833888,33,K,OG8,NS1,AA
hRSV_SRR24833888,34,L,OG8,NS1,AA
hRSV_SRR24833888,35,I,OG8,NS1,AA
hRSV_SRR24833888,36,Q,OG8,NS1,AA
hRSV_SRR24833888,37,L,OG8,NS1,AA
hRSV_SRR24833888,38,T,OG8,NS1,AA
hRSV_SRR24833888,39,N,OG8,NS1,AA
hRSV_SRR24833888,40,A,OG8,NS1,AA
hRSV_SRR24833888,41,L,OG8,NS1,AA
hRSV_SRR24833888,42,A,OG8,NS1,AA
hRSV_SRR24833888,43,K,OG8,NS1,AA
hRSV_SRR24833888,44,A,OG8,NS1,AA
hRSV_SRR24833888,45,V,OG8,NS1,AA
hRSV_SRR24833888,46,I,OG8,NS1,AA
hRSV_SRR24833888,47,H,OG8,NS1,AA
hRSV_SRR24833888,48,T,OG8,NS1,AA
hRSV_SRR24833888,49,I,OG8,NS1,AA
hRSV_SRR24833888,50,K,OG8,NS1,AA
hRSV_SRR24833888,51,L,OG8,NS1,AA
hRSV_SRR24833888,52,N,OG8,NS1,AA
hRSV_SRR24833888,53,G,OG8,NS1,AA
hRSV_SRR24833888,54,I,OG8,NS1,AA
hRSV_SRR24833888,55,V,OG8,NS1,AA
hRSV_SRR24833888,56,F,OG8,NS1,AA
hRSV_SRR24833888,57,V,OG8,NS1,AA
hRSV_SRR24833888,58,H,OG8,NS1,AA
hRSV_SRR24833888,59,V,OG8,NS1,AA
hRSV_SRR24833888,60,I,OG8,NS1,AA
hRSV_SRR24833888,61,T,OG8,NS1,AA
hRSV_SRR24833888,62,S,OG8,NS1,AA
hRSV_SRR24833888,63,S,OG8,NS1,AA
hRSV_SRR24833888,64,D,OG8,NS1,AA
hRSV_SRR24833888,65,I,OG8,NS1,AA
hRSV_SRR24833888,66,C,OG8,NS1,AA
hRSV_SRR24833888,67,P,OG8,NS1,AA
hRSV_SRR24833888,68,N,OG8,NS1,AA
hRSV_SRR24833888,69,N,OG8,NS1,AA
hRSV_SRR24833888,70,N,OG8,NS1,AA
hRSV_SRR24833888,71,I,OG8,NS1,AA
hRSV_SRR24833888,72,V,OG8,NS1,AA
hRSV_SRR24833888,73,V,OG8,NS1,AA
hRSV_SRR24833888,74,K,OG8,NS1,AA
hRSV_SRR24833888,75,S,OG8,NS1,AA
hRSV_SRR24833888,76,N,OG8,NS1,AA
hRSV_SRR24833888,77,F,OG8,NS1,AA
hRSV_SRR24833888,78,T,OG8,NS1,AA
hRSV_SRR24833888,79,T,OG8,NS1,AA
hRSV_SRR24833888,80,M,OG8,NS1,AA
hRSV_SRR24833888,81,P,OG8,NS1,AA
hRSV_SRR24833888,82,V,OG8,NS1,AA
hRSV_SRR24833888,83,L,OG8,NS1,AA
hRSV_SRR24833888,84,Q,OG8,NS1,AA
hRSV_SRR24833888,85,N,OG8,NS1,AA
hRSV_SRR24833888,86,G,OG8,NS1,AA
hRSV_SRR24833888,87,G,OG8,NS1,AA
hRSV_SRR24833888,88,Y,OG8,NS1,AA
hRSV_SRR24833888,89,I,OG8,NS1,AA
hRSV_SRR24833888,90,W,OG8,NS1,AA
hRSV_SRR24833888,91,E,OG8,NS1,AA
hRSV_SRR24833888,92,M,OG8,NS1,AA
hRSV_SRR24833888,93,M,OG8,NS1,AA
hRSV_SRR24833888,94,E,OG8,NS1,AA
hRSV_SRR24833888,95,L,OG8,NS1,AA
hRSV_SRR24833888,96,T,OG8,NS1,AA
hRSV_SRR24833888,97,H,OG8,NS1,AA
hRSV_SRR24833888,98,C,OG8,NS1,AA
hRSV_SRR24833888,99,S,OG8,NS1,AA
hRSV_SRR24833888,100,Q,OG8,NS1,AA
hRSV_SRR24833888,101,P,OG8,NS1,AA
hRSV_SRR24833888,102,N,OG8,NS1,AA
hRSV_SRR24833888,103,G,OG8,NS1,AA
hRSV_SRR24833888,104,L,OG8,NS1,AA
hRSV_SRR24833888,105,I,OG8,NS1,AA
hRSV_SRR24833888,106,D,OG8,NS1,AA
hRSV_SRR24833888,107,D,OG8,NS1,AA
hRSV_SRR24833888,108,N,OG8,NS1,AA
hRSV_SRR24833888,109,C,OG8,NS1,AA
hRSV_SRR24833888,110,E,OG8,NS1,AA
hRSV_SRR24833888,111,I,OG8,NS1,AA
hRSV_SRR24833888,112,K,OG8,NS1,AA
hRSV_SRR24833888,113,F,OG8,NS1,AA
hRSV_SRR24833888,114,S,OG8,NS1,AA
hRSV_SRR24833888,115,K,OG8,NS1,AA
hRSV_SRR24833888,116,K,OG8,NS1,AA
hRSV_SRR24833888,117,L,OG8,NS1,AA
hRSV_SRR24833888,118,S,OG8,NS1,AA
hRSV_SRR24833888,119,D,OG8,NS1,AA
hRSV_SRR24833888,120,S,OG8,NS1,AA
hRSV_SRR24833888,121,T,OG8,NS1,AA
hRSV_SRR24833888,122,M,OG8,NS1,AA
hRSV_SRR24833888,123,T,OG8,NS1,AA
hRSV_SRR24833888,124,N,OG8,NS1,AA
hRSV_SRR24833888,125,Y,OG8,NS1,AA
hRSV_SRR24833888,126,M,OG8,NS1,AA
hRSV_SRR24833888,127,N,OG8,NS1,AA
hRSV_SRR24833888,128,Q,OG8,NS1,AA
hRSV_SRR24833888,129,L,OG8,NS1,AA
hRSV_SRR24833888,130,S,OG8,NS1,AA
hRSV_SRR24833888,131,E,OG8,NS1,AA
hRSV_SRR24833888,132,L,OG8,NS1,AA
hRSV_SRR24833888,133,L,OG8,NS1,AA
hRSV_SRR24833888,134,G,OG8,NS1,AA
hRSV_SRR24833888,135,F,OG8,NS1,AA
hRSV_SRR24833888,136,D,OG8,NS1,AA
hRSV_SRR24833888,137,L,OG8,NS1,AA
hRSV_SRR24833888,138,N,OG8,NS1,AA
hRSV_SRR24833888,139,P,OG8,NS1,AA
hRSV_SRR24833879,1,M,OG8,NS1,AA
hRSV_SRR24833879,2,G,OG8,NS1,AA
hRSV_SRR24833879,3,S,OG8,NS1,AA
hRSV_SRR24833879,4,N,OG8,NS1,AA
hRSV_SRR24833879,5,S,OG8,NS1,AA
hRSV_SRR24833879,6,L,OG8,NS1,AA
hRSV_SRR24833879,7,S,OG8,NS1,AA
hRSV_SRR24833879,8,M,OG8,NS1,AA
hRSV_SRR24833879,9,I,OG8,NS1,AA
hRSV_SRR24833879,10,K,OG8,NS1,AA
hRSV_SRR24833879,11,V,OG8,NS1,AA
hRSV_SRR24833879,12,R,OG8,NS1,AA
hRSV_SRR24833879,13,L,OG8,NS1,AA
hRSV_SRR24833879,14,Q,OG8,NS1,AA
hRSV_SRR24833879,15,N,OG8,NS1,AA
hRSV_SRR24833879,16,L,OG8,NS1,AA
hRSV_SRR24833879,17,F,OG8,NS1,AA
hRSV_SRR24833879,18,D,OG8,NS1,AA
hRSV_SRR24833879,19,N,OG8,NS1,AA
hRSV_SRR24833879,20,D,OG8,NS1,AA
hRSV_SRR24833879,21,E,OG8,NS1,AA
hRSV_SRR24833879,22,V,OG8,NS1,AA
hRSV_SRR24833879,23,A,OG8,NS1,AA
hRSV_SRR24833879,24,L,OG8,NS1,AA
hRSV_SRR24833879,25,L,OG8,NS1,AA
hRSV_SRR24833879,26,K,OG8,NS1,AA
hRSV_SRR24833879,27,I,OG8,NS1,AA
hRSV_SRR24833879,28,T,OG8,NS1,AA
hRSV_SRR24833879,29,C,OG8,NS1,AA
hRSV_SRR24833879,30,Y,OG8,NS1,AA
hRSV_SRR24833879,31,T,OG8,NS1,AA
hRSV_SRR24833879,32,D,OG8,NS1,AA
hRSV_SRR24833879,33,K,OG8,NS1,AA
hRSV_SRR24833879,34,L,OG8,NS1,AA
hRSV_SRR24833879,35,I,OG8,NS1,AA
hRSV_SRR24833879,36,Q,OG8,NS1,AA
hRSV_SRR24833879,37,L,OG8,NS1,AA
hRSV_SRR24833879,38,T,OG8,NS1,AA
hRSV_SRR24833879,39,N,OG8,NS1,AA
hRSV_SRR24833879,40,A,OG8,NS1,AA
hRSV_SRR24833879,41,L,OG8,NS1,AA
hRSV_SRR24833879,42,A,OG8,NS1,AA
hRSV_SRR24833879,43,K,OG8,NS1,AA
hRSV_SRR24833879,44,A,OG8,NS1,AA
hRSV_SRR24833879,45,V,OG8,NS1,AA
hRSV_SRR24833879,46,I,OG8,NS1,AA
hRSV_SRR24833879,47,H,OG8,NS1,AA
hRSV_SRR24833879,48,T,OG8,NS1,AA
hRSV_SRR24833879,49,I,OG8,NS1,AA
hRSV_SRR24833879,50,K,OG8,NS1,AA
hRSV_SRR24833879,51,L,OG8,NS1,AA
hRSV_SRR24833879,52,N,OG8,NS1,AA
hRSV_SRR24833879,53,G,OG8,NS1,AA
hRSV_SRR24833879,54,I,OG8,NS1,AA
hRSV_SRR24833879,55,V,OG8,NS1,AA
hRSV_SRR24833879,56,F,OG8,NS1,AA
hRSV_SRR24833879,57,V,OG8,NS1,AA
hRSV_SRR24833879,58,H,OG8,NS1,AA
hRSV_SRR24833879,59,V,OG8,NS1,AA
hRSV_SRR24833879,60,I,OG8,NS1,AA
hRSV_SRR24833879,61,T,OG8,NS1,AA
hRSV_SRR24833879,62,S,OG8,NS1,AA
hRSV_SRR24833879,63,S,OG8,NS1,AA
hRSV_SRR24833879,64,D,OG8,NS1,AA
hRSV_SRR24833879,65,I,OG8,NS1,AA
hRSV_SRR24833879,66,C,OG8,NS1,AA
hRSV_SRR24833879,67,P,OG8,NS1,AA
hRSV_SRR24833879,68,N,OG8,NS1,AA
hRSV_SRR24833879,69,N,OG8,NS1,AA
hRSV_SRR24833879,70,N,OG8,NS1,AA
hRSV_SRR24833879,71,I,OG8,NS1,AA
hRSV_SRR24833879,72,V,OG8,NS1,AA
hRSV_SRR24833879,73,V,OG8,NS1,AA
hRSV_SRR24833879,74,K,OG8,NS1,AA
hRSV_SRR24833879,75,S,OG8,NS1,AA
hRSV_SRR24833879,76,N,OG8,NS1,AA
hRSV_SRR24833879,77,F,OG8,NS1,AA
hRSV_SRR24833879,78,T,OG8,NS1,AA
hRSV_SRR24833879,79,T,OG8,NS1,AA
hRSV_SRR24833879,80,M,OG8,NS1,AA
hRSV_SRR24833879,81,P,OG8,NS1,AA
hRSV_SRR24833879,82,V,OG8,NS1,AA
hRSV_SRR24833879,83,L,OG8,NS1,AA
hRSV_SRR24833879,84,Q,OG8,NS1,AA
hRSV_SRR24833879,85,N,OG8,NS1,AA
hRSV_SRR24833879,86,G,OG8,NS1,AA
hRSV_SRR24833879,87,G,OG8,NS1,AA
hRSV_SRR24833879,88,Y,OG8,NS1,AA
hRSV_SRR24833879,89,I,OG8,NS1,AA
hRSV_SRR24833879,90,W,OG8,NS1,AA
hRSV_SRR24833879,91,E,OG8,NS1,AA
hRSV_SRR24833879,92,M,OG8,NS1,AA
hRSV_SRR24833879,93,M,OG8,NS1,AA
hRSV_SRR24833879,94,E,OG8,NS1,AA
hRSV_SRR24833879,95,L,OG8,NS1,AA
hRSV_SRR24833879,96,T,OG8,NS1,AA
hRSV_SRR24833879,97,H,OG8,NS1,AA
hRSV_SRR24833879,98,C,OG8,NS1,AA
hRSV_SRR24833879,99,S,OG8,NS1,AA
hRSV_SRR24833879,100,Q,OG8,NS1,AA
hRSV_SRR24833879,101,P,OG8,NS1,AA
hRSV_SRR24833879,102,N,OG8,NS1,AA
hRSV_SRR24833879,103,G,OG8,NS1,AA
hRSV_SRR24833879,104,L,OG8,NS1,AA
hRSV_SRR24833879,105,I,OG8,NS1,AA
hRSV_SRR24833879,106,D,OG8,NS1,AA
hRSV_SRR24833879,107,D,OG8,NS1,AA
hRSV_SRR24833879,108,N,OG8,NS1,AA
hRSV_SRR24833879,109,C,OG8,NS1,AA
hRSV_SRR24833879,110,E,OG8,NS1,AA
hRSV_SRR24833879,111,I,OG8,NS1,AA
hRSV_SRR24833879,112,K,OG8,NS1,AA
hRSV_SRR24833879,113,F,OG8,NS1,AA
hRSV_SRR24833879,114,S,OG8,NS1,AA
hRSV_SRR24833879,115,K,OG8,NS1,AA
hRSV_SRR24833879,116,K,OG8,NS1,AA
hRSV_SRR24833879,117,L,OG8,NS1,AA
hRSV_SRR24833879,118,S,OG8,NS1,AA
hRSV_SRR24833879,119,D,OG8,NS1,AA
hRSV_SRR24833879,120,S,OG8,NS1,AA
hRSV_SRR24833879,121,T,OG8,NS1,AA
hRSV_SRR24833879,122,M,OG8,NS1,AA
hRSV_SRR24833879,123,T,OG8,NS1,AA
hRSV_SRR24833879,124,N,OG8,NS1,AA
hRSV_SRR24833879,125,Y,OG8,NS1,AA
hRSV_SRR24833879,126,M,OG8,NS1,AA
hRSV_SRR24833879,127,N,OG8,NS1,AA
hRSV_SRR24833879,128,Q,OG8,NS1,AA
hRSV_SRR24833879,129,L,OG8,NS1,AA
hRSV_SRR24833879,130,S,OG8,NS1,AA
hRSV_SRR24833879,131,E,OG8,NS1,AA
hRSV_SRR24833879,132,L,OG8,NS1,AA
hRSV_SRR24833879,133,L,OG8,NS1,AA
hRSV_SRR24833879,134,G,OG8,NS1,AA
hRSV_SRR24833879,135,F,OG8,NS1,AA
hRSV_SRR24833879,136,D,OG8,NS1,AA
hRSV_SRR24833879,137,L,OG8,NS1,AA
hRSV_SRR24833879,138,N,OG8,NS1,AA
hRSV_SRR24833879,139,P,OG8,NS1,AA
hRSV_SRR24833895,1,M,OG8,NS1,AA
hRSV_SRR24833895,2,G,OG8,NS1,AA
hRSV_SRR24833895,3,S,OG8,NS1,AA
hRSV_SRR24833895,4,N,OG8,NS1,AA
hRSV_SRR24833895,5,S,OG8,NS1,AA
hRSV_SRR24833895,6,L,OG8,NS1,AA
hRSV_SRR24833895,7,S,OG8,NS1,AA
hRSV_SRR24833895,8,M,OG8,NS1,AA
hRSV_SRR24833895,9,I,OG8,NS1,AA
hRSV_SRR24833895,10,K,OG8,NS1,AA
hRSV_SRR24833895,11,V,OG8,NS1,AA
hRSV_SRR24833895,12,R,OG8,NS1,AA
hRSV_SRR24833895,13,L,OG8,NS1,AA
hRSV_SRR24833895,14,Q,OG8,NS1,AA
hRSV_SRR24833895,15,N,OG8,NS1,AA
hRSV_SRR24833895,16,L,OG8,NS1,AA
hRSV_SRR24833895,17,F,OG8,NS1,AA
hRSV_SRR24833895,18,D,OG8,NS1,AA
hRSV_SRR24833895,19,N,OG8,NS1,AA
hRSV_SRR24833895,20,D,OG8,NS1,AA
hRSV_SRR24833895,21,E,OG8,NS1,AA
hRSV_SRR24833895,22,V,OG8,NS1,AA
hRSV_SRR24833895,23,A,OG8,NS1,AA
hRSV_SRR24833895,24,L,OG8,NS1,AA
hRSV_SRR24833895,25,L,OG8,NS1,AA
hRSV_SRR24833895,26,K,OG8,NS1,AA
hRSV_SRR24833895,27,I,OG8,NS1,AA
hRSV_SRR24833895,28,T,OG8,NS1,AA
hRSV_SRR24833895,29,C,OG8,NS1,AA
hRSV_SRR24833895,30,Y,OG8,NS1,AA
hRSV_SRR24833895,31,T,OG8,NS1,AA
hRSV_SRR24833895,32,D,OG8,NS1,AA
hRSV_SRR24833895,33,K,OG8,NS1,AA
hRSV_SRR24833895,34,L,OG8,NS1,AA
hRSV_SRR24833895,35,I,OG8,NS1,AA
hRSV_SRR24833895,36,Q,OG8,NS1,AA
hRSV_SRR24833895,37,L,OG8,NS1,AA
hRSV_SRR24833895,38,T,OG8,NS1,AA
hRSV_SRR24833895,39,N,OG8,NS1,AA
hRSV_SRR24833895,40,A,OG8,NS1,AA
hRSV_SRR24833895,41,L,OG8,NS1,AA
hRSV_SRR24833895,42,A,OG8,NS1,AA
hRSV_SRR24833895,43,K,OG8,NS1,AA
hRSV_SRR24833895,44,A,OG8,NS1,AA
hRSV_SRR24833895,45,V,OG8,NS1,AA
hRSV_SRR24833895,46,I,OG8,NS1,AA
hRSV_SRR24833895,47,H,OG8,NS1,AA
hRSV_SRR24833895,48,T,OG8,NS1,AA
hRSV_SRR24833895,49,I,OG8,NS1,AA
hRSV_SRR24833895,50,K,OG8,NS1,AA
hRSV_SRR24833895,51,L,OG8,NS1,AA
hRSV_SRR24833895,52,N,OG8,NS1,AA
hRSV_SRR24833895,53,G,OG8,NS1,AA
hRSV_SRR24833895,54,I,OG8,NS1,AA
hRSV_SRR24833895,55,V,OG8,NS1,AA
hRSV_SRR24833895,56,F,OG8,NS1,AA
hRSV_SRR24833895,57,V,OG8,NS1,AA
hRSV_SRR24833895,58,H,OG8,NS1,AA
hRSV_SRR24833895,59,V,OG8,NS1,AA
hRSV_SRR24833895,60,I,OG8,NS1,AA
hRSV_SRR24833895,61,T,OG8,NS1,AA
hRSV_SRR24833895,62,S,OG8,NS1,AA
hRSV_SRR24833895,63,S,OG8,NS1,AA
hRSV_SRR24833895,64,D,OG8,NS1,AA
hRSV_SRR24833895,65,I,OG8,NS1,AA
hRSV_SRR24833895,66,C,OG8,NS1,AA
hRSV_SRR24833895,67,P,OG8,NS1,AA
hRSV_SRR24833895,68,N,OG8,NS1,AA
hRSV_SRR24833895,69,N,OG8,NS1,AA
hRSV_SRR24833895,70,N,OG8,NS1,AA
hRSV_SRR24833895,71,I,OG8,NS1,AA
hRSV_SRR24833895,72,V,OG8,NS1,AA
hRSV_SRR24833895,73,V,OG8,NS1,AA
hRSV_SRR24833895,74,K,OG8,NS1,AA
hRSV_SRR24833895,75,S,OG8,NS1,AA
hRSV_SRR24833895,76,N,OG8,NS1,AA
hRSV_SRR24833895,77,F,OG8,NS1,AA
hRSV_SRR24833895,78,T,OG8,NS1,AA
hRSV_SRR24833895,79,T,OG8,NS1,AA
hRSV_SRR24833895,80,M,OG8,NS1,AA
hRSV_SRR24833895,81,P,OG8,NS1,AA
hRSV_SRR24833895,82,V,OG8,NS1,AA
hRSV_SRR24833895,83,L,OG8,NS1,AA
hRSV_SRR24833895,84,Q,OG8,NS1,AA
hRSV_SRR24833895,85,N,OG8,NS1,AA
hRSV_SRR24833895,86,G,OG8,NS1,AA
hRSV_SRR24833895,87,G,OG8,NS1,AA
hRSV_SRR24833895,88,Y,OG8,NS1,AA
hRSV_SRR24833895,89,I,OG8,NS1,AA
hRSV_SRR24833895,90,W,OG8,NS1,AA
hRSV_SRR24833895,91,E,OG8,NS1,AA
hRSV_SRR24833895,92,M,OG8,NS1,AA
hRSV_SRR24833895,93,M,OG8,NS1,AA
hRSV_SRR24833895,94,E,OG8,NS1,AA
hRSV_SRR24833895,95,L,OG8,NS1,AA
hRSV_SRR24833895,96,T,OG8,NS1,AA
hRSV_SRR24833895,97,H,OG8,NS1,AA
hRSV_SRR24833895,98,C,OG8,NS1,AA
hRSV_SRR24833895,99,S,OG8,NS1,AA
hRSV_SRR24833895,100,Q,OG8,NS1,AA
hRSV_SRR24833895,101,P,OG8,NS1,AA
hRSV_SRR24833895,102,N,OG8,NS1,AA
hRSV_SRR24833895,103,G,OG8,NS1,AA
hRSV_SRR24833895,104,L,OG8,NS1,AA
hRSV_SRR24833895,105,I,OG8,NS1,AA
hRSV_SRR24833895,106,D,OG8,NS1,AA
hRSV_SRR24833895,107,D,OG8,NS1,AA
hRSV_SRR24833895,108,N,OG8,NS1,AA
hRSV_SRR24833895,109,C,OG8,NS1,AA
hRSV_SRR24833895,110,E,OG8,NS1,AA
hRSV_SRR24833895,111,I,OG8,NS1,AA
hRSV_SRR24833895,112,K,OG8,NS1,AA
hRSV_SRR24833895,113,F,OG8,NS1,AA
hRSV_SRR24833895,114,S,OG8,NS1,AA
hRSV_SRR24833895,115,K,OG8,NS1,AA
hRSV_SRR24833895,116,K,OG8,NS1,AA
hRSV_SRR24833895,117,L,OG8,NS1,AA
hRSV_SRR24833895,118,S,OG8,NS1,AA
hRSV_SRR24833895,119,D,OG8,NS1,AA
hRSV_SRR24833895,120,S,OG8,NS1,AA
hRSV_SRR24833895,121,T,OG8,NS1,AA
hRSV_SRR24833895,122,M,OG8,NS1,AA
hRSV_SRR24833895,123,T,OG8,NS1,AA
hRSV_SRR24833895,124,N,OG8,NS1,AA
hRSV_SRR24833895,125,Y,OG8,NS1,AA
hRSV_SRR24833895,126,M,OG8,NS1,AA
hRSV_SRR24833895,127,N,OG8,NS1,AA
hRSV_SRR24833895,128,Q,OG8,NS1,AA
hRSV_SRR24833895,129,L,OG8,NS1,AA
hRSV_SRR24833895,130,S,OG8,NS1,AA
hRSV_SRR24833895,131,E,OG8,NS1,AA
hRSV_SRR24833895,132,L,OG8,NS1,AA
hRSV_SRR24833895,133,L,OG8,NS1,AA
hRSV_SRR24833895,134,G,OG8,NS1,AA
hRSV_SRR24833895,135,F,OG8,NS1,AA
hRSV_SRR24833895,136,D,OG8,NS1,AA
hRSV_SRR24833895,137,L,OG8,NS1,AA
hRSV_SRR24833895,138,N,OG8,NS1,AA
hRSV_SRR24833895,139,P,OG8,NS1,AA
hRSV_SRR24833886,1,X,OG9,NS2,AA
hRSV_SRR24833886,2,X,OG9,NS2,AA
hRSV_SRR24833886,3,X,OG9,NS2,AA
hRSV_SRR24833886,4,X,OG9,NS2,AA
hRSV_SRR24833886,5,X,OG9,NS2,AA
hRSV_SRR24833886,6,X,OG9,NS2,AA
hRSV_SRR24833886,7,X,OG9,NS2,AA
hRSV_SRR24833886,8,X,OG9,NS2,AA
hRSV_SRR24833886,9,X,OG9,NS2,AA
hRSV_SRR24833886,10,X,OG9,NS2,AA
hRSV_SRR24833886,11,X,OG9,NS2,AA
hRSV_SRR24833886,12,X,OG9,NS2,AA
hRSV_SRR24833886,13,X,OG9,NS2,AA
hRSV_SRR24833886,14,X,OG9,NS2,AA
hRSV_SRR24833886,15,X,OG9,NS2,AA
hRSV_SRR24833886,16,X,OG9,NS2,AA
hRSV_SRR24833886,17,X,OG9,NS2,AA
hRSV_SRR24833886,18,X,OG9,NS2,AA
hRSV_SRR24833886,19,X,OG9,NS2,AA
hRSV_SRR24833886,20,X,OG9,NS2,AA
hRSV_SRR24833886,21,X,OG9,NS2,AA
hRSV_SRR24833886,22,X,OG9,NS2,AA
hRSV_SRR24833886,23,X,OG9,NS2,AA
hRSV_SRR24833886,24,X,OG9,NS2,AA
hRSV_SRR24833886,25,X,OG9,NS2,AA
hRSV_SRR24833886,26,X,OG9,NS2,AA
hRSV_SRR24833886,27,X,OG9,NS2,AA
hRSV_SRR24833886,28,X,OG9,NS2,AA
hRSV_SRR24833886,29,X,OG9,NS2,AA
hRSV_SRR24833886,30,X,OG9,NS2,AA
hRSV_SRR24833886,31,X,OG9,NS2,AA
hRSV_SRR24833886,32,X,OG9,NS2,AA
hRSV_SRR24833886,33,X,OG9,NS2,AA
hRSV_SRR24833886,34,X,OG9,NS2,AA
hRSV_SRR24833886,35,X,OG9,NS2,AA
hRSV_SRR24833886,36,X,OG9,NS2,AA
hRSV_SRR24833886,37,X,OG9,NS2,AA
hRSV_SRR24833886,38,X,OG9,NS2,AA
hRSV_SRR24833886,39,X,OG9,NS2,AA
hRSV_SRR24833886,40,X,OG9,NS2,AA
hRSV_SRR24833886,41,X,OG9,NS2,AA
hRSV_SRR24833886,42,X,OG9,NS2,AA
hRSV_SRR24833886,43,X,OG9,NS2,AA
hRSV_SRR24833886,44,X,OG9,NS2,AA
hRSV_SRR24833886,45,X,OG9,NS2,AA
hRSV_SRR24833886,46,X,OG9,NS2,AA
hRSV_SRR24833886,47,X,OG9,NS2,AA
hRSV_SRR24833886,48,X,OG9,NS2,AA
hRSV_SRR24833886,49,X,OG9,NS2,AA
hRSV_SRR24833886,50,X,OG9,NS2,AA
hRSV_SRR24833886,51,X,OG9,NS2,AA
hRSV_SRR24833886,52,X,OG9,NS2,AA
hRSV_SRR24833886,53,X,OG9,NS2,AA
hRSV_SRR24833886,54,X,OG9,NS2,AA
hRSV_SRR24833886,55,X,OG9,NS2,AA
hRSV_SRR24833886,56,X,OG9,NS2,AA
hRSV_SRR24833886,57,X,OG9,NS2,AA
hRSV_SRR24833886,58,X,OG9,NS2,AA
hRSV_SRR24833886,59,X,OG9,NS2,AA
hRSV_SRR24833886,60,X,OG9,NS2,AA
hRSV_SRR24833886,61,X,OG9,NS2,AA
hRSV_SRR24833886,62,X,OG9,NS2,AA
hRSV_SRR24833886,63,X,OG9,NS2,AA
hRSV_SRR24833886,64,X,OG9,NS2,AA
hRSV_SRR24833886,65,X,OG9,NS2,AA
hRSV_SRR24833886,66,X,OG9,NS2,AA
hRSV_SRR24833886,67,M,OG9,NS2,AA
hRSV_SRR24833886,68,K,OG9,NS2,AA
hRSV_SRR24833886,69,L,OG9,NS2,AA
hRSV_SRR24833886,70,L,OG9,NS2,AA
hRSV_SRR24833886,71,H,OG9,NS2,AA
hRSV_SRR24833886,72,X,OG9,NS2,AA
hRSV_SRR24833886,73,X,OG9,NS2,AA
hRSV_SRR24833886,74,X,OG9,NS2,AA
hRSV_SRR24833886,75,S,OG9,NS2,AA
hRSV_SRR24833886,76,T,OG9,NS2,AA
hRSV_SRR24833886,77,K,OG9,NS2,AA
hRSV_SRR24833886,78,Y,OG9,NS2,AA
hRSV_SRR24833886,79,K,OG9,NS2,AA
hRSV_SRR24833886,80,K,OG9,NS2,AA
hRSV_SRR24833886,81,Y,OG9,NS2,AA
hRSV_SRR24833886,82,T,OG9,NS2,AA
hRSV_SRR24833886,83,E,OG9,NS2,AA
hRSV_SRR24833886,84,Y,OG9,NS2,AA
hRSV_SRR24833886,85,N,OG9,NS2,AA
hRSV_SRR24833886,86,T,OG9,NS2,AA
hRSV_SRR24833886,87,K,OG9,NS2,AA
hRSV_SRR24833886,88,X,OG9,NS2,AA
hRSV_SRR24833886,89,X,OG9,NS2,AA
hRSV_SRR24833886,90,X,OG9,NS2,AA
hRSV_SRR24833886,91,F,OG9,NS2,AA
hRSV_SRR24833886,92,P,OG9,NS2,AA
hRSV_SRR24833886,93,M,OG9,NS2,AA
hRSV_SRR24833886,94,P,OG9,NS2,AA
hRSV_SRR24833886,95,I,OG9,NS2,AA
hRSV_SRR24833886,96,F,OG9,NS2,AA
hRSV_SRR24833886,97,I,OG9,NS2,AA
hRSV_SRR24833886,98,N,OG9,NS2,AA
hRSV_SRR24833886,99,H,OG9,NS2,AA
hRSV_SRR24833886,100,G,OG9,NS2,AA
hRSV_SRR24833886,101,G,OG9,NS2,AA
hRSV_SRR24833886,102,F,OG9,NS2,AA
hRSV_SRR24833886,103,L,OG9,NS2,AA
hRSV_SRR24833886,104,E,OG9,NS2,AA
hRSV_SRR24833886,105,C,OG9,NS2,AA
hRSV_SRR24833886,106,I,OG9,NS2,AA
hRSV_SRR24833886,107,G,OG9,NS2,AA
hRSV_SRR24833886,108,I,OG9,NS2,AA
hRSV_SRR24833886,109,K,OG9,NS2,AA
hRSV_SRR24833886,110,P,OG9,NS2,AA
hRSV_SRR24833886,111,T,OG9,NS2,AA
hRSV_SRR24833886,112,K,OG9,NS2,AA
hRSV_SRR24833886,113,H,OG9,NS2,AA
hRSV_SRR24833886,114,T,OG9,NS2,AA
hRSV_SRR24833886,115,P,OG9,NS2,AA
hRSV_SRR24833886,116,I,OG9,NS2,AA
hRSV_SRR24833886,117,I,OG9,NS2,AA
hRSV_SRR24833886,118,X,OG9,NS2,AA
hRSV_SRR24833886,119,X,OG9,NS2,AA
hRSV_SRR24833886,120,X,OG9,NS2,AA
hRSV_SRR24833886,121,D,OG9,NS2,AA
hRSV_SRR24833886,122,L,OG9,NS2,AA
hRSV_SRR24833886,123,N,OG9,NS2,AA
hRSV_SRR24833886,124,P,OG9,NS2,AA
hRSV_SRR24833888,1,M,OG9,NS2,AA
hRSV_SRR24833888,2,D,OG9,NS2,AA
hRSV_SRR24833888,3,T,OG9,NS2,AA
hRSV_SRR24833888,4,T,OG9,NS2,AA
hRSV_SRR24833888,5,H,OG9,NS2,AA
hRSV_SRR24833888,6,N,OG9,NS2,AA
hRSV_SRR24833888,7,D,OG9,NS2,AA
hRSV_SRR24833888,8,T,OG9,NS2,AA
hRSV_SRR24833888,9,T,OG9,NS2,AA
hRSV_SRR24833888,10,P,OG9,NS2,AA
hRSV_SRR24833888,11,Q,OG9,NS2,AA
hRSV_SRR24833888,12,R,OG9,NS2,AA
hRSV_SRR24833888,13,L,OG9,NS2,AA
hRSV_SRR24833888,14,M,OG9,NS2,AA
hRSV_SRR24833888,15,I,OG9,NS2,AA
hRSV_SRR24833888,16,T,OG9,NS2,AA
hRSV_SRR24833888,17,D,OG9,NS2,AA
hRSV_SRR24833888,18,M,OG9,NS2,AA
hRSV_SRR24833888,19,R,OG9,NS2,AA
hRSV_SRR24833888,20,P,OG9,NS2,AA
hRSV_SRR24833888,21,L,OG9,NS2,AA
hRSV_SRR24833888,22,S,OG9,NS2,AA
hRSV_SRR24833888,23,L,OG9,NS2,AA
hRSV_SRR24833888,24,E,OG9,NS2,AA
hRSV_SRR24833888,25,T,OG9,NS2,AA
hRSV_SRR24833888,26,I,OG9,NS2,AA
hRSV_SRR24833888,27,I,OG9,NS2,AA
hRSV_SRR24833888,28,T,OG9,NS2,AA
hRSV_SRR24833888,29,S,OG9,NS2,AA
hRSV_SRR24833888,30,L,OG9,NS2,AA
hRSV_SRR24833888,31,T,OG9,NS2,AA
hRSV_SRR24833888,32,R,OG9,NS2,AA
hRSV_SRR24833888,33,D,OG9,NS2,AA
hRSV_SRR24833888,34,I,OG9,NS2,AA
hRSV_SRR24833888,35,I,OG9,NS2,AA
hRSV_SRR24833888,36,T,OG9,NS2,AA
hRSV_SRR24833888,37,H,OG9,NS2,AA
hRSV_SRR24833888,38,K,OG9,NS2,AA
hRSV_SRR24833888,39,F,OG9,NS2,AA
hRSV_SRR24833888,40,I,OG9,NS2,AA
hRSV_SRR24833888,41,Y,OG9,NS2,AA
hRSV_SRR24833888,42,L,OG9,NS2,AA
hRSV_SRR24833888,43,I,OG9,NS2,AA
hRSV_SRR24833888,44,N,OG9,NS2,AA
hRSV_SRR24833888,45,H,OG9,NS2,AA
hRSV_SRR24833888,46,E,OG9,NS2,AA
hRSV_SRR24833888,47,C,OG9,NS2,AA
hRSV_SRR24833888,48,I,OG9,NS2,AA
hRSV_SRR24833888,49,V,OG9,NS2,AA
hRSV_SRR24833888,50,R,OG9,NS2,AA
hRSV_SRR24833888,51,K,OG9,NS2,AA
hRSV_SRR24833888,52,L,OG9,NS2,AA
hRSV_SRR24833888,53,D,OG9,NS2,AA
hRSV_SRR24833888,54,E,OG9,NS2,AA
hRSV_SRR24833888,55,R,OG9,NS2,AA
hRSV_SRR24833888,56,Q,OG9,NS2,AA
hRSV_SRR24833888,57,A,OG9,NS2,AA
hRSV_SRR24833888,58,T,OG9,NS2,AA
hRSV_SRR24833888,59,F,OG9,NS2,AA
hRSV_SRR24833888,60,T,OG9,NS2,AA
hRSV_SRR24833888,61,F,OG9,NS2,AA
hRSV_SRR24833888,62,L,OG9,NS2,AA
hRSV_SRR24833888,63,V,OG9,NS2,AA
hRSV_SRR24833888,64,N,OG9,NS2,AA
hRSV_SRR24833888,65,Y,OG9,NS2,AA
hRSV_SRR24833888,66,E,OG9,NS2,AA
hRSV_SRR24833888,67,M,OG9,NS2,AA
hRSV_SRR24833888,68,K,OG9,NS2,AA
hRSV_SRR24833888,69,L,OG9,NS2,AA
hRSV_SRR24833888,70,L,OG9,NS2,AA
hRSV_SRR24833888,71,H,OG9,NS2,AA
hRSV_SRR24833888,72,K,OG9,NS2,AA
hRSV_SRR24833888,73,V,OG9,NS2,AA
hRSV_SRR24833888,74,G,OG9,NS2,AA
hRSV_SRR24833888,75,S,OG9,NS2,AA
hRSV_SRR24833888,76,T,OG9,NS2,AA
hRSV_SRR24833888,77,K,OG9,NS2,AA
hRSV_SRR24833888,78,Y,OG9,NS2,AA
hRSV_SRR24833888,79,K,OG9,NS2,AA
hRSV_SRR24833888,80,K,OG9,NS2,AA
hRSV_SRR24833888,81,Y,OG9,NS2,AA
hRSV_SRR24833888,82,T,OG9,NS2,AA
hRSV_SRR24833888,83,E,OG9,NS2,AA
hRSV_SRR24833888,84,Y,OG9,NS2,AA
hRSV_SRR24833888,85,N,OG9,NS2,AA
hRSV_SRR24833888,86,T,OG9,NS2,AA
hRSV_SRR24833888,87,K,OG9,NS2,AA
hRSV_SRR24833888,88,Y,OG9,NS2,AA
hRSV_SRR24833888,89,G,OG9,NS2,AA
hRSV_SRR24833888,90,T,OG9,NS2,AA
hRSV_SRR24833888,91,F,OG9,NS2,AA
hRSV_SRR24833888,92,P,OG9,NS2,AA
hRSV_SRR24833888,93,M,OG9,NS2,AA
hRSV_SRR24833888,94,P,OG9,NS2,AA
hRSV_SRR24833888,95,I,OG9,NS2,AA
hRSV_SRR24833888,96,F,OG9,NS2,AA
hRSV_SRR24833888,97,I,OG9,NS2,AA
hRSV_SRR24833888,98,N,OG9,NS2,AA
hRSV_SRR24833888,99,H,OG9,NS2,AA
hRSV_SRR24833888,100,D,OG9,NS2,AA
hRSV_SRR24833888,101,G,OG9,NS2,AA
hRSV_SRR24833888,102,F,OG9,NS2,AA
hRSV_SRR24833888,103,L,OG9,NS2,AA
hRSV_SRR24833888,104,E,OG9,NS2,AA
hRSV_SRR24833888,105,C,OG9,NS2,AA
hRSV_SRR24833888,106,I,OG9,NS2,AA
hRSV_SRR24833888,107,G,OG9,NS2,AA
hRSV_SRR24833888,108,I,OG9,NS2,AA
hRSV_SRR24833888,109,K,OG9,NS2,AA
hRSV_SRR24833888,110,P,OG9,NS2,AA
hRSV_SRR24833888,111,T,OG9,NS2,AA
hRSV_SRR24833888,112,K,OG9,NS2,AA
hRSV_SRR24833888,113,H,OG9,NS2,AA
hRSV_SRR24833888,114,T,OG9,NS2,AA
hRSV_SRR24833888,115,P,OG9,NS2,AA
hRSV_SRR24833888,116,I,OG9,NS2,AA
hRSV_SRR24833888,117,I,OG9,NS2,AA
hRSV_SRR24833888,118,Y,OG9,NS2,AA
hRSV_SRR24833888,119,K,OG9,NS2,AA
hRSV_SRR24833888,120,Y,OG9,NS2,AA
hRSV_SRR24833888,121,D,OG9,NS2,AA
hRSV_SRR24833888,122,L,OG9,NS2,AA
hRSV_SRR24833888,123,N,OG9,NS2,AA
hRSV_SRR24833888,124,P,OG9,NS2,AA
hRSV_SRR24833879,1,M,OG9,NS2,AA
hRSV_SRR24833879,2,D,OG9,NS2,AA
hRSV_SRR24833879,3,T,OG9,NS2,AA
hRSV_SRR24833879,4,T,OG9,NS2,AA
hRSV_SRR24833879,5,H,OG9,NS2,AA
hRSV_SRR24833879,6,N,OG9,NS2,AA
hRSV_SRR24833879,7,D,OG9,NS2,AA
hRSV_SRR24833879,8,T,OG9,NS2,AA
hRSV_SRR24833879,9,T,OG9,NS2,AA
hRSV_SRR24833879,10,P,OG9,NS2,AA
hRSV_SRR24833879,11,Q,OG9,NS2,AA
hRSV_SRR24833879,12,R,OG9,NS2,AA
hRSV_SRR24833879,13,L,OG9,NS2,AA
hRSV_SRR24833879,14,M,OG9,NS2,AA
hRSV_SRR24833879,15,I,OG9,NS2,AA
hRSV_SRR24833879,16,T,OG9,NS2,AA
hRSV_SRR24833879,17,D,OG9,NS2,AA
hRSV_SRR24833879,18,M,OG9,NS2,AA
hRSV_SRR24833879,19,R,OG9,NS2,AA
hRSV_SRR24833879,20,P,OG9,NS2,AA
hRSV_SRR24833879,21,L,OG9,NS2,AA
hRSV_SRR24833879,22,S,OG9,NS2,AA
hRSV_SRR24833879,23,L,OG9,NS2,AA
hRSV_SRR24833879,24,E,OG9,NS2,AA
hRSV_SRR24833879,25,T,OG9,NS2,AA
hRSV_SRR24833879,26,I,OG9,NS2,AA
hRSV_SRR24833879,27,I,OG9,NS2,AA
hRSV_SRR24833879,28,T,OG9,NS2,AA
hRSV_SRR24833879,29,S,OG9,NS2,AA
hRSV_SRR24833879,30,L,OG9,NS2,AA
hRSV_SRR24833879,31,T,OG9,NS2,AA
hRSV_SRR24833879,32,R,OG9,NS2,AA
hRSV_SRR24833879,33,D,OG9,NS2,AA
hRSV_SRR24833879,34,I,OG9,NS2,AA
hRSV_SRR24833879,35,I,OG9,NS2,AA
hRSV_SRR24833879,36,T,OG9,NS2,AA
hRSV_SRR24833879,37,H,OG9,NS2,AA
hRSV_SRR24833879,38,K,OG9,NS2,AA
hRSV_SRR24833879,39,F,OG9,NS2,AA
hRSV_SRR24833879,40,I,OG9,NS2,AA
hRSV_SRR24833879,41,Y,OG9,NS2,AA
hRSV_SRR24833879,42,L,OG9,NS2,AA
hRSV_SRR24833879,43,I,OG9,NS2,AA
hRSV_SRR24833879,44,N,OG9,NS2,AA
hRSV_SRR24833879,45,H,OG9,NS2,AA
hRSV_SRR24833879,46,E,OG9,NS2,AA
hRSV_SRR24833879,47,C,OG9,NS2,AA
hRSV_SRR24833879,48,I,OG9,NS2,AA
hRSV_SRR24833879,49,V,OG9,NS2,AA
hRSV_SRR24833879,50,R,OG9,NS2,AA
hRSV_SRR24833879,51,K,OG9,NS2,AA
hRSV_SRR24833879,52,L,OG9,NS2,AA
hRSV_SRR24833879,53,D,OG9,NS2,AA
hRSV_SRR24833879,54,E,OG9,NS2,AA
hRSV_SRR24833879,55,R,OG9,NS2,AA
hRSV_SRR24833879,56,Q,OG9,NS2,AA
hRSV_SRR24833879,57,A,OG9,NS2,AA
hRSV_SRR24833879,58,T,OG9,NS2,AA
hRSV_SRR24833879,59,F,OG9,NS2,AA
hRSV_SRR24833879,60,T,OG9,NS2,AA
hRSV_SRR24833879,61,F,OG9,NS2,AA
hRSV_SRR24833879,62,L,OG9,NS2,AA
hRSV_SRR24833879,63,V,OG9,NS2,AA
hRSV_SRR24833879,64,N,OG9,NS2,AA
hRSV_SRR24833879,65,Y,OG9,NS2,AA
hRSV_SRR24833879,66,E,OG9,NS2,AA
hRSV_SRR24833879,67,M,OG9,NS2,AA
hRSV_SRR24833879,68,K,OG9,NS2,AA
hRSV_SRR24833879,69,L,OG9,NS2,AA
hRSV_SRR24833879,70,L,OG9,NS2,AA
hRSV_SRR24833879,71,H,OG9,NS2,AA
hRSV_SRR24833879,72,K,OG9,NS2,AA
hRSV_SRR24833879,73,V,OG9,NS2,AA
hRSV_SRR24833879,74,G,OG9,NS2,AA
hRSV_SRR24833879,75,S,OG9,NS2,AA
hRSV_SRR24833879,76,T,OG9,NS2,AA
hRSV_SRR24833879,77,K,OG9,NS2,AA
hRSV_SRR24833879,78,Y,OG9,NS2,AA
hRSV_SRR24833879,79,K,OG9,NS2,AA
hRSV_SRR24833879,80,K,OG9,NS2,AA
hRSV_SRR24833879,81,Y,OG9,NS2,AA
hRSV_SRR24833879,82,T,OG9,NS2,AA
hRSV_SRR24833879,83,E,OG9,NS2,AA
hRSV_SRR24833879,84,Y,OG9,NS2,AA
hRSV_SRR24833879,85,N,OG9,NS2,AA
hRSV_SRR24833879,86,T,OG9,NS2,AA
hRSV_SRR24833879,87,K,OG9,NS2,AA
hRSV_SRR24833879,88,Y,OG9,NS2,AA
hRSV_SRR24833879,89,G,OG9,NS2,AA
hRSV_SRR24833879,90,T,OG9,NS2,AA
hRSV_SRR24833879,91,F,OG9,NS2,AA
hRSV_SRR24833879,92,P,OG9,NS2,AA
hRSV_SRR24833879,93,M,OG9,NS2,AA
hRSV_SRR24833879,94,P,OG9,NS2,AA
hRSV_SRR24833879,95,I,OG9,NS2,AA
hRSV_SRR24833879,96,F,OG9,NS2,AA
hRSV_SRR24833879,97,I,OG9,NS2,AA
hRSV_SRR24833879,98,N,OG9,NS2,AA
hRSV_SRR24833879,99,H,OG9,NS2,AA
hRSV_SRR24833879,100,D,OG9,NS2,AA
hRSV_SRR24833879,101,G,OG9,NS2,AA
hRSV_SRR24833879,102,F,OG9,NS2,AA
hRSV_SRR24833879,103,L,OG9,NS2,AA
hRSV_SRR24833879,104,E,OG9,NS2,AA
hRSV_SRR24833879,105,C,OG9,NS2,AA
hRSV_SRR24833879,106,I,OG9,NS2,AA
hRSV_SRR24833879,107,G,OG9,NS2,AA
hRSV_SRR24833879,108,I,OG9,NS2,AA
hRSV_SRR24833879,109,K,OG9,NS2,AA
hRSV_SRR24833879,110,P,OG9,NS2,AA
hRSV_SRR24833879,111,T,OG9,NS2,AA
hRSV_SRR24833879,112,K,OG9,NS2,AA
hRSV_SRR24833879,113,H,OG9,NS2,AA
hRSV_SRR24833879,114,T,OG9,NS2,AA
hRSV_SRR24833879,115,P,OG9,NS2,AA
hRSV_SRR24833879,116,I,OG9,NS2,AA
hRSV_SRR24833879,117,I,OG9,NS2,AA
hRSV_SRR24833879,118,Y,OG9,NS2,AA
hRSV_SRR24833879,119,K,OG9,NS2,AA
hRSV_SRR24833879,120,Y,OG9,NS2,AA
hRSV_SRR24833879,121,D,OG9,NS2,AA
hRSV_SRR24833879,122,L,OG9,NS2,AA
hRSV_SRR24833879,123,N,OG9,NS2,AA
hRSV_SRR24833879,124,P,OG9,NS2,AA
hRSV_SRR24833895,1,M,OG9,NS2,AA
hRSV_SRR24833895,2,D,OG9,NS2,AA
hRSV_SRR24833895,3,T,OG9,NS2,AA
hRSV_SRR24833895,4,T,OG9,NS2,AA
hRSV_SRR24833895,5,H,OG9,NS2,AA
hRSV_SRR24833895,6,N,OG9,NS2,AA
hRSV_SRR24833895,7,D,OG9,NS2,AA
hRSV_SRR24833895,8,T,OG9,NS2,AA
hRSV_SRR24833895,9,T,OG9,NS2,AA
hRSV_SRR24833895,10,P,OG9,NS2,AA
hRSV_SRR24833895,11,Q,OG9,NS2,AA
hRSV_SRR24833895,12,R,OG9,NS2,AA
hRSV_SRR24833895,13,L,OG9,NS2,AA
hRSV_SRR24833895,14,M,OG9,NS2,AA
hRSV_SRR24833895,15,I,OG9,NS2,AA
hRSV_SRR24833895,16,T,OG9,NS2,AA
hRSV_SRR24833895,17,D,OG9,NS2,AA
hRSV_SRR24833895,18,M,OG9,NS2,AA
hRSV_SRR24833895,19,R,OG9,NS2,AA
hRSV_SRR24833895,20,P,OG9,NS2,AA
hRSV_SRR24833895,21,L,OG9,NS2,AA
hRSV_SRR24833895,22,S,OG9,NS2,AA
hRSV_SRR24833895,23,L,OG9,NS2,AA
hRSV_SRR24833895,24,E,OG9,NS2,AA
hRSV_SRR24833895,25,T,OG9,NS2,AA
hRSV_SRR24833895,26,I,OG9,NS2,AA
hRSV_SRR24833895,27,I,OG9,NS2,AA
hRSV_SRR24833895,28,T,OG9,NS2,AA
hRSV_SRR24833895,29,S,OG9,NS2,AA
hRSV_SRR24833895,30,L,OG9,NS2,AA
hRSV_SRR24833895,31,T,OG9,NS2,AA
hRSV_SRR24833895,32,R,OG9,NS2,AA
hRSV_SRR24833895,33,D,OG9,NS2,AA
hRSV_SRR24833895,34,I,OG9,NS2,AA
hRSV_SRR24833895,35,I,OG9,NS2,AA
hRSV_SRR24833895,36,T,OG9,NS2,AA
hRSV_SRR24833895,37,H,OG9,NS2,AA
hRSV_SRR24833895,38,K,OG9,NS2,AA
hRSV_SRR24833895,39,F,OG9,NS2,AA
hRSV_SRR24833895,40,I,OG9,NS2,AA
hRSV_SRR24833895,41,Y,OG9,NS2,AA
hRSV_SRR24833895,42,L,OG9,NS2,AA
hRSV_SRR24833895,43,I,OG9,NS2,AA
hRSV_SRR24833895,44,N,OG9,NS2,AA
hRSV_SRR24833895,45,H,OG9,NS2,AA
hRSV_SRR24833895,46,E,OG9,NS2,AA
hRSV_SRR24833895,47,C,OG9,NS2,AA
hRSV_SRR24833895,48,I,OG9,NS2,AA
hRSV_SRR24833895,49,V,OG9,NS2,AA
hRSV_SRR24833895,50,R,OG9,NS2,AA
hRSV_SRR24833895,51,K,OG9,NS2,AA
hRSV_SRR24833895,52,L,OG9,NS2,AA
hRSV_SRR24833895,53,D,OG9,NS2,AA
hRSV_SRR24833895,54,E,OG9,NS2,AA
hRSV_SRR24833895,55,R,OG9,NS2,AA
hRSV_SRR24833895,56,Q,OG9,NS2,AA
hRSV_SRR24833895,57,A,OG9,NS2,AA
hRSV_SRR24833895,58,T,OG9,NS2,AA
hRSV_SRR24833895,59,F,OG9,NS2,AA
hRSV_SRR24833895,60,T,OG9,NS2,AA
hRSV_SRR24833895,61,F,OG9,NS2,AA
hRSV_SRR24833895,62,L,OG9,NS2,AA
hRSV_SRR24833895,63,V,OG9,NS2,AA
hRSV_SRR24833895,64,N,OG9,NS2,AA
hRSV_SRR24833895,65,Y,OG9,NS2,AA
hRSV_SRR24833895,66,E,OG9,NS2,AA
hRSV_SRR24833895,67,M,OG9,NS2,AA
hRSV_SRR24833895,68,K,OG9,NS2,AA
hRSV_SRR24833895,69,L,OG9,NS2,AA
hRSV_SRR24833895,70,L,OG9,NS2,AA
hRSV_SRR24833895,71,H,OG9,NS2,AA
hRSV_SRR24833895,72,K,OG9,NS2,AA
hRSV_SRR24833895,73,V,OG9,NS2,AA
hRSV_SRR24833895,74,G,OG9,NS2,AA
hRSV_SRR24833895,75,S,OG9,NS2,AA
hRSV_SRR24833895,76,T,OG9,NS2,AA
hRSV_SRR24833895,77,K,OG9,NS2,AA
hRSV_SRR24833895,78,Y,OG9,NS2,AA
hRSV_SRR24833895,79,X,OG9,NS2,AA
hRSV_SRR24833895,80,K,OG9,NS2,AA
hRSV_SRR24833895,81,Y,OG9,NS2,AA
hRSV_SRR24833895,82,T,OG9,NS2,AA
hRSV_SRR24833895,83,X,OG9,NS2,AA
hRSV_SRR24833895,84,X,OG9,NS2,AA
hRSV_SRR24833895,85,N,OG9,NS2,AA
hRSV_SRR24833895,86,X,OG9,NS2,AA
hRSV_SRR24833895,87,X,OG9,NS2,AA
hRSV_SRR24833895,88,X,OG9,NS2,AA
hRSV_SRR24833895,89,X,OG9,NS2,AA
hRSV_SRR24833895,90,X,OG9,NS2,AA
hRSV_SRR24833895,91,X,OG9,NS2,AA
hRSV_SRR24833895,92,X,OG9,NS2,AA
hRSV_SRR24833895,93,X,OG9,NS2,AA
hRSV_SRR24833895,94,X,OG9,NS2,AA
hRSV_SRR24833895,95,X,OG9,NS2,AA
hRSV_SRR24833895,96,X,OG9,NS2,AA
hRSV_SRR24833895,97,X,OG9,NS2,AA
hRSV_SRR24833895,98,X,OG9,NS2,AA
hRSV_SRR24833895,99,X,OG9,NS2,AA
hRSV_SRR24833895,100,X,OG9,NS2,AA
hRSV_SRR24833895,101,X,OG9,NS2,AA
hRSV_SRR24833895,102,X,OG9,NS2,AA
hRSV_SRR24833895,103,X,OG9,NS2,AA
hRSV_SRR24833895,104,X,OG9,NS2,AA
hRSV_SRR24833895,105,X,OG9,NS2,AA
hRSV_SRR24833895,106,X,OG9,NS2,AA
hRSV_SRR24833895,107,X,OG9,NS2,AA
hRSV_SRR24833895,108,X,OG9,NS2,AA
hRSV_SRR24833895,109,X,OG9,NS2,AA
hRSV_SRR24833895,110,X,OG9,NS2,AA
hRSV_SRR24833895,111,X,OG9,NS2,AA
hRSV_SRR24833895,112,X,OG9,NS2,AA
hRSV_SRR24833895,113,X,OG9,NS2,AA
hRSV_SRR24833895,114,X,OG9,NS2,AA
hRSV_SRR24833895,115,X,OG9,NS2,AA
hRSV_SRR24833895,116,X,OG9,NS2,AA
hRSV_SRR24833895,117,X,OG9,NS2,AA
hRSV_SRR24833895,118,X,OG9,NS2,AA
hRSV_SRR24833895,119,X,OG9,NS2,AA
hRSV_SRR24833895,120,X,OG9,NS2,AA
hRSV_SRR24833895,121,X,OG9,NS2,AA
hRSV_SRR24833895,122,X,OG9,NS2,AA
hRSV_SRR24833895,123,X,OG9,NS2,AA
hRSV_SRR24833895,124,X,OG9,NS2,AA
